region,Resource,zone,Cluster,R_ID,Inv_cost_MW,Inv_cost_MWh,Fixed_OM_cost_MW,Fixed_OM_cost_MWh,Var_OM_cost_out,Fuel_cost,Var_OM_cost_in,StartCost,Charge_cost,EnergyRevenue,SubsidyRevenue,ReserveMarginRevenue,ESRRevenue,EmissionsCost,RegSubsidyRevenue,Revenue,Cost,Profit
EIC,EIC_batteries_1,1,1,1,0.0,0.0,4.440567e6,0.0,87943.92973065711,0.0,103903.50840361787,0.0,-6.174610033973739e7,-2.4291196042510662e7,0.0,-406.8400034033227,0.0,0.0,0.0,-2.4291602882514067e7,-5.711368590160312e7,3.282208301908905e7
EIC,EIC_biomass_1,1,1,2,0.0,0.0,2.59839125e8,0.0,1.10452212e8,1.284836865e9,0.0,0.0,0.0,7.920096278947325e7,0.0,1.112166574764999e8,0.0,0.0,0.0,1.9041762026597315e8,1.655128202e9,-1.464710581734027e9
EIC,EIC_conventional_hydroelectric_1,1,1,3,0.0,0.0,1.1385992383999999e9,0.0,0.0,0.0,0.0,0.0,0.0,1.4563566151543632e9,0.0,0.0,0.0,0.0,0.0,1.4563566151543632e9,1.1385992383999999e9,3.177573767543633e8
EIC,EIC_conventional_steam_coal_1,1,1,4,0.0,0.0,-1.4235047274269164e-7,0.0,0.0,0.0,0.0,0.0,0.0,0.0,0.0,-1.174466887939288e-7,0.0,0.0,0.0,-1.174466887939288e-7,-1.4235047274269164e-7,2.4903783948762838e-8
EIC,EIC_conventional_steam_coal_2,1,2,5,0.0,0.0,9.349172284845042e8,0.0,0.0,0.0,0.0,0.0,0.0,0.0,0.0,9.34917228286956e8,0.0,0.0,0.0,9.34917228286956e8,9.349172284845042e8,-0.1975482702255249
EIC,EIC_hydroelectric_pumped_storage_1,1,1,6,0.0,0.0,8.366592888e8,0.0,0.0,0.0,0.0,0.0,-2.702591761423055e9,10409.497742762096,0.0,-725.5930050969799,0.0,0.0,0.0,9683.904737665116,-1.8659324726230552e9,1.865942156527793e9
EIC,EIC_natural_gas_fired_combined_cycle_1,1,1,7,0.0,0.0,4.432287924116057e8,0.0,0.0,0.0,0.0,0.0,0.0,0.0,0.0,1.7533361986026936e9,0.0,0.0,0.0,1.7533361986026936e9,4.432287924116057e8,1.3101074061910877e9
EIC,EIC_natural_gas_fired_combined_cycle_2,1,2,8,0.0,0.0,1.876007089297214e9,0.0,0.0,0.0,0.0,0.0,0.0,0.0,0.0,1.0969765414694695e10,0.0,0.0,0.0,1.0969765414694695e10,1.876007089297214e9,9.09375832539748e9
EIC,EIC_natural_gas_fired_combustion_turbine_1,1,1,9,0.0,0.0,9.923317204983727e8,0.0,0.0,0.0,0.0,0.0,0.0,0.0,0.0,6.387387317703122e9,0.0,0.0,0.0,6.387387317703122e9,9.923317204983727e8,5.395055597204749e9
EIC,EIC_natural_gas_fired_combustion_turbine_2,1,2,10,0.0,0.0,1.4116768119536978e8,0.0,0.0,0.0,0.0,0.0,0.0,0.0,0.0,6.72329694609094e8,0.0,0.0,0.0,6.72329694609094e8,1.4116768119536978e8,5.3116201341372424e8
EIC,EIC_natural_gas_internal_combustion_engine_1,1,1,11,0.0,0.0,5.41485e7,0.0,0.0,0.0,0.0,0.0,0.0,0.0,0.0,1.6648600946482146e8,0.0,0.0,0.0,1.6648600946482146e8,5.41485e7,1.1233750946482146e8
EIC,EIC_natural_gas_steam_turbine_1,1,1,12,0.0,0.0,1.4081601936256618e9,0.0,0.0,0.0,0.0,0.0,0.0,0.0,0.0,2.558479308962955e9,0.0,0.0,0.0,2.558479308962955e9,1.4081601936256618e9,1.1503191153372931e9
EIC,EIC_nuclear_1,1,1,13,0.0,0.0,161316.77615404915,0.0,10850.357969339579,29145.054848277112,0.0,437.94330233016063,0.0,141008.98747677347,0.0,48487.70219418674,0.0,0.0,0.0,189496.68967096022,201750.13227399602,-12253.4426030358
EIC,EIC_offshore_wind_turbine_1,1,1,14,0.0,0.0,3.2668282940597013e6,0.0,0.0,0.0,0.0,0.0,0.0,5.799622106402171e6,0.0,1.6273638625580345e6,0.0,0.0,0.0,7.426985968960205e6,3.2668282940597013e6,4.160157674900504e6
EIC,EIC_onshore_wind_turbine_1,1,1,15,0.0,0.0,2.0385181400406635e9,0.0,0.0,0.0,0.0,0.0,0.0,2.3043512886083107e9,0.0,1.0995588363140802e9,0.0,0.0,0.0,3.403910124922391e9,2.0385181400406635e9,1.3653919848817275e9
EIC,EIC_petroleum_liquids_1,1,1,16,0.0,0.0,4.8712008534812945e8,0.0,0.0,0.0,0.0,0.0,0.0,0.0,0.0,1.4977086925727088e9,0.0,0.0,0.0,1.4977086925727088e9,4.8712008534812945e8,1.0105886072245793e9
EIC,EIC_small_hydroelectric_1,1,1,17,0.0,0.0,7.867366560000001e7,0.0,0.0,0.0,0.0,0.0,0.0,2.372190748071887e7,0.0,3.547731749981374e7,0.0,0.0,0.0,5.919922498053262e7,7.867366560000001e7,-1.9474440619467393e7
EIC,EIC_solar_photovoltaic_1,1,1,18,0.0,0.0,1.9306240506352204e8,0.0,0.0,0.0,0.0,0.0,0.0,3.082369284221558e8,0.0,6.658385568731403e7,0.0,0.0,0.0,3.7482078410946983e8,1.9306240506352204e8,1.817583790459478e8
TRE,TRE_batteries_1,2,1,19,0.0,0.0,2.2489645e6,0.0,39250.425556518,0.0,46373.376123316826,0.0,8124.234447086906,9.637413374502664e6,0.0,1.0483221003947355e7,0.0,0.0,0.0,2.012063437845002e7,2.342712536126922e6,1.77779218423231e7
TRE,TRE_biomass_1,2,1,20,0.0,0.0,6.712825e6,0.0,2.5377281999999997e6,2.9528865e7,0.0,0.0,0.0,1.0749596592131678e7,0.0,2.506195495518945e6,0.0,0.0,0.0,1.3255792087650623e7,3.87794182e7,-2.552362611234938e7
TRE,TRE_conventional_hydroelectric_1,2,1,21,0.0,0.0,2.2441896e7,0.0,0.0,0.0,0.0,0.0,0.0,1.018280002905239e7,0.0,0.0,0.0,0.0,0.0,1.018280002905239e7,2.2441896e7,-1.225909597094761e7
TRE,TRE_conventional_steam_coal_1,2,1,22,0.0,0.0,0.0,0.0,0.0,0.0,0.0,0.0,0.0,0.0,0.0,0.0,0.0,0.0,0.0,0.0,0.0,0.0
TRE,TRE_conventional_steam_coal_2,2,2,23,0.0,0.0,0.0,0.0,0.0,0.0,0.0,0.0,0.0,0.0,0.0,0.0,0.0,0.0,0.0,0.0,0.0,0.0
TRE,TRE_natural_gas_fired_combined_cycle_1,2,1,24,0.0,0.0,3.288778574158572e8,0.0,0.0,0.0,0.0,0.0,0.0,0.0,0.0,1.697403960656742e9,0.0,0.0,0.0,1.697403960656742e9,3.288778574158572e8,1.3685261032408848e9
TRE,TRE_natural_gas_fired_combined_cycle_2,2,2,25,0.0,0.0,9.917367568173917e7,0.0,0.0,0.0,0.0,0.0,0.0,0.0,0.0,3.5580088105066204e8,0.0,0.0,0.0,3.5580088105066204e8,9.917367568173917e7,2.566272053689229e8
TRE,TRE_natural_gas_fired_combustion_turbine_1,2,1,26,0.0,0.0,2.9242923113100678e7,0.0,0.0,0.0,0.0,0.0,0.0,0.0,0.0,1.6467675071113068e8,0.0,0.0,0.0,1.6467675071113068e8,2.9242923113100678e7,1.3543382759803e8
TRE,TRE_natural_gas_fired_combustion_turbine_2,2,2,27,0.0,0.0,3.3713608218918696e7,0.0,0.0,0.0,0.0,0.0,0.0,0.0,0.0,1.5920817523783284e8,0.0,0.0,0.0,1.5920817523783284e8,3.3713608218918696e7,1.2549456701891415e8
TRE,TRE_natural_gas_internal_combustion_engine_1,2,1,28,0.0,0.0,1.05567e7,0.0,0.0,0.0,0.0,0.0,0.0,0.0,0.0,2.8311561249379195e7,0.0,0.0,0.0,2.8311561249379195e7,1.05567e7,1.7754861249379195e7
TRE,TRE_natural_gas_steam_turbine_1,2,1,29,0.0,0.0,2.8198437120048445e8,0.0,0.0,0.0,0.0,0.0,0.0,0.0,0.0,4.646035273899967e8,0.0,0.0,0.0,4.646035273899967e8,2.8198437120048445e8,1.8261915618951225e8
TRE,TRE_nuclear_1,2,1,30,0.0,0.0,9.895670930592933e8,0.0,5.898858888615164e7,1.5844875011197466e8,0.0,355.3303317555148,0.0,1.2328660116824238e9,0.0,2.8835301520817e8,0.0,0.0,0.0,1.5212190268905938e9,1.2070047873877513e9,3.142142395028424e8
TRE,TRE_onshore_wind_turbine_1,2,1,31,0.0,0.0,9.323732645650018e8,0.0,0.0,0.0,0.0,0.0,0.0,1.5836111303452394e9,0.0,2.0128644852970168e8,0.0,0.0,0.0,1.784897578874941e9,9.323732645650018e8,8.525243143099393e8
TRE,TRE_petroleum_liquids_1,2,1,32,0.0,0.0,497697.86817393225,0.0,0.0,0.0,0.0,0.0,0.0,0.0,0.0,1.3347545803605043e6,0.0,0.0,0.0,1.3347545803605043e6,497697.86817393225,837056.7121865721
TRE,TRE_small_hydroelectric_1,2,1,33,0.0,0.0,526937.6,0.0,0.0,0.0,0.0,0.0,0.0,117511.01861546574,0.0,20341.656872690226,0.0,0.0,0.0,137852.67548815598,526937.6,-389084.924511844
TRE,TRE_solar_photovoltaic_1,2,1,34,0.0,0.0,4.1207782066416666e7,0.0,0.0,0.0,0.0,0.0,0.0,8.226210772640172e7,0.0,647878.7456695169,0.0,0.0,0.0,8.290998647207123e7,4.1207782066416666e7,4.1702204405654564e7
WECC,WECC_batteries_1,3,1,35,0.0,0.0,8.4640125e6,0.0,181709.31017498526,0.0,214684.91277084724,0.0,3.107046668047915e6,6.346596312126085e7,0.0,1.2771281246771408e7,0.0,0.0,0.0,7.623724436803226e7,1.1967453390993748e7,6.426979097703852e7
WECC,WECC_biomass_1,3,1,36,0.0,0.0,8.311835e7,0.0,3.44630664e7,4.013450940000002e8,0.0,0.0,0.0,1.5583803163323835e8,0.0,3.668943698908391e7,0.0,0.0,0.0,1.9252746862232226e8,5.189265104000002e8,-3.2639904177767795e8
WECC,WECC_conventional_hydroelectric_1,3,1,37,0.0,0.0,2.189049344e9,0.0,0.0,0.0,0.0,0.0,0.0,5.413726010802243e9,0.0,0.0,0.0,0.0,0.0,5.413726010802243e9,2.189049344e9,3.224676666802243e9
WECC,WECC_conventional_steam_coal_1,3,1,38,0.0,0.0,7.32456215217024e8,0.0,0.0,0.0,0.0,0.0,0.0,0.0,0.0,7.60103825888646e8,0.0,0.0,0.0,7.60103825888646e8,7.32456215217024e8,2.7647610671622038e7
WECC,WECC_conventional_steam_coal_2,3,2,39,0.0,0.0,0.0,0.0,0.0,0.0,0.0,0.0,0.0,0.0,0.0,0.0,0.0,0.0,0.0,0.0,0.0,0.0
WECC,WECC_geothermal_1,3,1,40,0.0,0.0,3.6642859240000004e8,0.0,0.0,0.0,0.0,0.0,0.0,0.0,0.0,1.1668705876528247e8,0.0,0.0,0.0,1.1668705876528247e8,3.6642859240000004e8,-2.4974153363471758e8
WECC,WECC_hydroelectric_pumped_storage_1,3,1,41,0.0,0.0,2.148729208e8,0.0,0.0,0.0,0.0,0.0,9.017647119400825e7,7.334231006467823e8,0.0,7.900565995621352e7,0.0,0.0,0.0,8.124287606029958e8,3.0504939199400824e8,5.073793686089875e8
WECC,WECC_natural_gas_fired_combined_cycle_1,3,1,42,0.0,0.0,3.909327257697667e8,0.0,0.0,0.0,0.0,0.0,0.0,0.0,0.0,2.503225060398742e9,0.0,0.0,0.0,2.503225060398742e9,3.909327257697667e8,2.1122923346289754e9
WECC,WECC_natural_gas_fired_combined_cycle_2,3,2,43,0.0,0.0,2.061895782040797e8,0.0,0.0,0.0,0.0,0.0,0.0,0.0,0.0,8.324972980711949e8,0.0,0.0,0.0,8.324972980711949e8,2.061895782040797e8,6.263077198671153e8
WECC,WECC_natural_gas_fired_combustion_turbine_1,3,1,44,0.0,0.0,1.598330423522233e8,0.0,0.0,0.0,0.0,0.0,0.0,0.0,0.0,1.0156315285753386e9,0.0,0.0,0.0,1.0156315285753386e9,1.598330423522233e8,8.557984862231153e8
WECC,WECC_natural_gas_fired_combustion_turbine_2,3,2,45,0.0,0.0,8.471365636249632e7,0.0,0.0,0.0,0.0,0.0,0.0,0.0,0.0,4.1827289296538967e8,0.0,0.0,0.0,4.1827289296538967e8,8.471365636249632e7,3.3355923660289335e8
WECC,WECC_natural_gas_internal_combustion_engine_1,3,1,46,0.0,0.0,2.693669757291882e7,0.0,0.0,0.0,0.0,0.0,0.0,0.0,0.0,8.541113717877577e7,0.0,0.0,0.0,8.541113717877577e7,2.693669757291882e7,5.8474439605856955e7
WECC,WECC_natural_gas_steam_turbine_1,3,1,47,0.0,0.0,1.3695328946086144e8,0.0,0.0,0.0,0.0,0.0,0.0,0.0,0.0,1.777539068400901e8,0.0,0.0,0.0,1.777539068400901e8,1.3695328946086144e8,4.080061737922865e7
WECC,WECC_nuclear_1,3,1,48,0.0,0.0,1.0961780528200738e9,0.0,4.115074356821967e7,1.105346645458323e8,0.0,293.14606945588923,0.0,1.229321946971131e9,0.0,3.4458747430112743e8,0.0,0.0,0.0,1.5739094212722585e9,1.2478637540801954e9,3.260456671920631e8
WECC,WECC_onshore_wind_turbine_1,3,1,49,0.0,0.0,8.877005940523096e8,0.0,0.0,0.0,0.0,0.0,0.0,1.7083496857479327e9,0.0,2.6086164729368064e8,0.0,0.0,0.0,1.9692113330416133e9,8.877005940523096e8,1.0815107389893036e9
WECC,WECC_petroleum_liquids_1,3,1,50,0.0,0.0,1.3360200000000002e7,0.0,0.0,0.0,0.0,0.0,0.0,0.0,0.0,4.236264938739597e7,0.0,0.0,0.0,4.236264938739597e7,1.3360200000000002e7,2.900244938739597e7
WECC,WECC_small_hydroelectric_1,3,1,51,0.0,0.0,5.00731864e7,0.0,0.0,0.0,0.0,0.0,0.0,1.1252690579505159e8,0.0,2.2217079156725798e7,0.0,0.0,0.0,1.347439849517774e8,5.00731864e7,8.46707985517774e7
WECC,WECC_solar_photovoltaic_1,3,1,52,0.0,0.0,3.3164854766111964e8,0.0,0.0,0.0,0.0,0.0,0.0,3.490673315007047e8,0.0,5.647756365566543e7,0.0,0.0,0.0,4.0554489515637016e8,3.3164854766111964e8,7.389634749525052e7
WECC,WECC_distributed_generation_1,3,1,53,0.0,0.0,0.0,0.0,0.0,0.0,0.0,0.0,0.0,3.743157278474654e9,0.0,5.804721280057477e8,0.0,0.0,0.0,4.323629406480402e9,0.0,4.323629406480402e9
EIC,EIC_distributed_generation_1,1,1,54,0.0,0.0,0.0,0.0,0.0,0.0,0.0,0.0,0.0,-1.2420347525114095e11,0.0,1.0257259559260834e10,0.0,0.0,0.0,-1.1394621569188011e11,0.0,-1.1394621569188011e11
TRE,TRE_distributed_generation_1,2,1,55,0.0,0.0,0.0,0.0,0.0,0.0,0.0,0.0,0.0,4.790675054981833e8,0.0,52857.82350689784,0.0,0.0,0.0,4.791203633216902e8,0.0,4.791203633216902e8
EIC,EIC_naturalgas_ccavgcf_moderate_0,1,0,56,0.0,0.0,0.0,0.0,0.0,0.0,0.0,0.0,0.0,0.0,0.0,0.0,0.0,0.0,0.0,0.0,0.0,0.0
EIC,EIC_naturalgas_ctavgcf_moderate_0,1,0,57,400.30939230645174,0.0,186.01737560708725,0.0,0.0,0.0,0.0,0.0,0.0,0.0,0.0,571.9325661088077,0.0,0.0,0.0,571.9325661088077,586.326767913539,-14.394201804731324
EIC,EIC_battery_moderate_0,1,0,58,2.005818874127058e10,6.680096614898338e10,5.978902490452813e9,1.991058468221359e10,2.587844304141908e8,0.0,3.057472004499467e8,0.0,-9.92654873561507e10,1.4047684795444706e10,0.0,-318.2214390993118,0.0,0.0,0.0,1.4047684477223267e10,1.404768633763382e10,-1860.4105529785156
EIC,EIC_naturalgas_ccccsavgcf_conservative_0,1,0,59,0.0,0.0,0.0,0.0,0.0,0.0,0.0,0.0,0.0,0.0,0.0,0.0,0.0,0.0,0.0,0.0,0.0,0.0
EIC,EIC_advnuclear_atb_moderate_0,1,0,60,13211.219007194013,0.0,0.0,0.0,388.82021001681034,1043.4072480915895,0.0,391.8991335226457,0.0,3400.0971583922,0.0,1895.575061016122,0.0,0.0,0.0,5295.672219408322,15035.345598825059,-9739.673379416738
EIC,EIC_storage_metalair_advanced_0,1,0,61,0.0,0.0,0.0,0.0,0.0,0.0,0.0,0.0,-1.0273430570282133e8,9.050711906366253e7,0.0,4.4585483947248556e7,0.0,0.0,-2.378325735785255e8,-1.0273997056761444e8,-1.0273430570282133e8,-5664.864793106914
EIC,EIC_landbasedwind_class1_moderate_0,1,0,62,6.798588731802827e9,0.0,3.505178263969033e9,0.0,0.0,0.0,0.0,0.0,0.0,7.416516913608712e9,0.0,2.887249332174336e9,0.0,0.0,0.0,1.0303766245783049e10,1.030376699577186e10,-749.9888114929199
EIC,EIC_landbasedwind_class1_moderate_1,1,1,63,1.0331349293727598e10,0.0,5.118630721542221e9,0.0,0.0,0.0,0.0,0.0,0.0,1.278441928753362e10,0.0,4.0603227857505803e9,0.0,0.0,0.0,1.68447420732842e10,1.544998001526982e10,1.3947620580143814e9
EIC,EIC_landbasedwind_class1_moderate_2,1,2,64,7361.797874002911,0.0,3638.3179077638406,0.0,0.0,0.0,0.0,0.0,0.0,5704.621949658743,0.0,3116.5942074965437,0.0,0.0,0.0,8821.216157155286,11000.115781766752,-2178.8996246114657
EIC,EIC_landbasedwind_class1_moderate_3,1,3,65,12993.058388003808,0.0,5780.3235368593,0.0,0.0,0.0,0.0,0.0,0.0,11991.08818956266,0.0,4596.237076851052,0.0,0.0,0.0,16587.32526641371,18773.381924863108,-2186.056658449397
EIC,EIC_landbasedwind_class1_moderate_4,1,4,66,5431.271628278388,0.0,2712.7462092949445,0.0,0.0,0.0,0.0,0.0,0.0,3575.9206713280864,0.0,2372.8668715468666,0.0,0.0,0.0,5948.787542874953,8144.017837573332,-2195.230294698379
EIC,EIC_landbasedwind_class1_moderate_5,1,5,67,18965.353049560013,0.0,8413.037598181894,0.0,0.0,0.0,0.0,0.0,0.0,16977.42394207631,0.0,8094.439529493068,0.0,0.0,0.0,25071.86347156938,27378.390647741908,-2306.527176172527
EIC,EIC_landbasedwind_class1_moderate_6,1,6,68,2772.8257257358605,0.0,1300.8901626905056,0.0,0.0,0.0,0.0,0.0,0.0,1335.4664592480342,0.0,845.5515698797805,0.0,0.0,0.0,2181.0180291278148,4073.7158884263663,-1892.6978592985515
EIC,EIC_landbasedwind_class1_moderate_7,1,7,69,6831.4773161799,0.0,2796.2400806861415,0.0,0.0,0.0,0.0,0.0,0.0,5079.8788636426925,0.0,2454.865494677606,0.0,0.0,0.0,7534.7443583202985,9627.717396866043,-2092.973038545744
EIC,EIC_landbasedwind_class1_moderate_8,1,8,70,1917.4535578232806,0.0,822.6067411806916,0.0,0.0,0.0,0.0,0.0,0.0,680.862386392502,0.0,352.8108363157597,0.0,0.0,0.0,1033.6732227082616,2740.0602990039724,-1706.3870762957108
EIC,EIC_landbasedwind_class1_moderate_9,1,9,71,1732.0283254457343,0.0,210.48584058425993,0.0,0.0,0.0,0.0,0.0,0.0,317.60881991040213,0.0,155.33070923693478,0.0,0.0,0.0,472.9395291473369,1942.5141660299942,-1469.5746368826572
EIC,EIC_utilitypv_class1_moderate_0,1,0,72,4388.473032588196,0.0,1584.9308603962024,0.0,0.0,0.0,0.0,0.0,0.0,4715.63089603977,0.0,506.3157716208226,0.0,0.0,0.0,5221.9466676605925,5973.403892984398,-751.4572253238057
EIC,EIC_utilitypv_class1_moderate_1,1,1,73,17939.89217643844,0.0,7281.046217014364,0.0,0.0,0.0,0.0,0.0,0.0,20482.45106353388,0.0,3710.9844854373973,0.0,0.0,0.0,24193.43554897128,25220.9383934528,-1027.5028444815216
EIC,EIC_utilitypv_class1_moderate_2,1,2,74,2157.048823149822,0.0,680.7585112550853,0.0,0.0,0.0,0.0,0.0,0.0,1880.4154397101115,0.0,219.04896513603384,0.0,0.0,0.0,2099.4644048461455,2837.807334404907,-738.3429295587616
EIC,EIC_utilitypv_class1_moderate_3,1,3,75,4428.9675971909655,0.0,1550.5632499934393,0.0,0.0,0.0,0.0,0.0,0.0,4294.560735795385,0.0,793.8975808441958,0.0,0.0,0.0,5088.4583166395805,5979.530847184405,-891.0725305448241
EIC,EIC_utilitypv_class1_moderate_4,1,4,76,2170.694518200186,0.0,661.6293036605182,0.0,0.0,0.0,0.0,0.0,0.0,1722.3578867089475,0.0,294.4075439765146,0.0,0.0,0.0,2016.765430685462,2832.323821860704,-815.5583911752419
EIC,EIC_utilitypv_class1_moderate_5,1,5,77,1653.7830297304147,0.0,442.5694340548992,0.0,0.0,0.0,0.0,0.0,0.0,1244.1418834646256,0.0,153.59231600837268,0.0,0.0,0.0,1397.7341994729982,2096.352463785314,-698.6182643123157
EIC,EIC_utilitypv_class1_moderate_6,1,6,78,1611.1547025814689,0.0,417.6788919493501,0.0,0.0,0.0,0.0,0.0,0.0,1073.2617166197792,0.0,180.47251617754733,0.0,0.0,0.0,1253.7342327973265,2028.833594530819,-775.0993617334925
EIC,EIC_utilitypv_class1_moderate_7,1,7,79,2248.028267258221,0.0,620.5328898006017,0.0,0.0,0.0,0.0,0.0,0.0,1655.0981685289491,0.0,355.2329813323542,0.0,0.0,0.0,2010.3311498613034,2868.5611570588226,-858.2300071975192
EIC,EIC_utilitypv_class1_moderate_8,1,8,80,1460.8520300036046,0.0,331.8967827884142,0.0,0.0,0.0,0.0,0.0,0.0,812.8286841996593,0.0,176.41791880483046,0.0,0.0,0.0,989.2466030044898,1792.7488127920187,-803.502209787529
EIC,EIC_utilitypv_class1_moderate_9,1,9,81,710.9439448489684,0.0,57.054768420139354,0.0,0.0,0.0,0.0,0.0,0.0,79.31775614133348,0.0,18.497589802868305,0.0,0.0,0.0,97.81534594420178,767.9987132691077,-670.1833673249059
EIC,EIC_offshorewind_class3_moderate_fixed_1_0,1,0,82,1236.9806467076814,0.0,659.014565389276,0.0,0.0,0.0,0.0,0.0,0.0,596.7141482785843,0.0,316.2911344826836,0.0,0.0,0.0,913.0052827612678,1895.9952120969574,-982.9899293356896
EIC,EIC_offshorewind_class3_moderate_fixed_1_1,1,1,83,1353.9119485382207,0.0,675.1057564506946,0.0,0.0,0.0,0.0,0.0,0.0,718.5667130461173,0.0,375.33323666885826,0.0,0.0,0.0,1093.8999497149757,2029.0177049889153,-935.1177552739396
EIC,EIC_offshorewind_class3_moderate_fixed_1_2,1,2,84,1081.6431395358222,0.0,551.1384224150643,0.0,0.0,0.0,0.0,0.0,0.0,441.9901014555312,0.0,273.1759961915058,0.0,0.0,0.0,715.1660976470371,1632.7815619508865,-917.6154643038494
EIC,EIC_offshorewind_class3_moderate_fixed_1_3,1,3,85,1265.2799841488672,0.0,587.8517842637012,0.0,0.0,0.0,0.0,0.0,0.0,530.5855941551521,0.0,346.7855997325725,0.0,0.0,0.0,877.3711938877245,1853.1317684125684,-975.7605745248438
EIC,EIC_offshorewind_class3_moderate_fixed_1_4,1,4,86,1243.5512597371721,0.0,592.0195697101746,0.0,0.0,0.0,0.0,0.0,0.0,579.0952436722712,0.0,305.6626388026976,0.0,0.0,0.0,884.7578824749687,1835.5708294473466,-950.8129469723779
EIC,EIC_offshorewind_class3_moderate_fixed_1_5,1,5,87,570.4264889119496,0.0,304.848953816649,0.0,0.0,0.0,0.0,0.0,0.0,99.9150998716527,0.0,23.191898590944994,0.0,0.0,0.0,123.10699846259769,875.2754427285986,-752.168444266001
EIC,EIC_offshorewind_class3_moderate_fixed_1_6,1,6,88,646.2667638882422,0.0,349.7036175411873,0.0,0.0,0.0,0.0,0.0,0.0,63.482945999527395,0.0,63.902241623640556,0.0,0.0,0.0,127.38518762316795,995.9703814294295,-868.5851938062615
EIC,EIC_offshorewind_class3_moderate_fixed_1_7,1,7,89,790.6066551859464,0.0,178.52716664896133,0.0,0.0,0.0,0.0,0.0,0.0,126.92057609057362,0.0,48.28468618796828,0.0,0.0,0.0,175.2052622785419,969.1338218349076,-793.9285595563657
EIC,EIC_offshorewind_class3_moderate_fixed_1_8,1,8,90,777.180865602564,0.0,154.91366606445533,0.0,0.0,0.0,0.0,0.0,0.0,97.12219851252244,0.0,40.16907682718755,0.0,0.0,0.0,137.29127533971,932.0945316670194,-794.8032563273093
EIC,EIC_offshorewind_class3_moderate_fixed_1_9,1,9,91,704.6837090300596,0.0,355.77493364631584,0.0,0.0,0.0,0.0,0.0,0.0,54.31766778859112,0.0,83.98890067315142,0.0,0.0,0.0,138.30656846174253,1060.4586426763753,-922.1520742146329
EIC,EIC_offshorewind_class3_moderate_fixed_0_0,1,0,92,1236.9806467076814,0.0,659.014565389276,0.0,0.0,0.0,0.0,0.0,0.0,596.7141482785843,0.0,316.2911344826836,0.0,0.0,0.0,913.0052827612678,1895.9952120969574,-982.9899293356896
EIC,EIC_offshorewind_class3_moderate_fixed_0_1,1,1,93,1353.9119485382207,0.0,675.1057564506946,0.0,0.0,0.0,0.0,0.0,0.0,718.5667130461173,0.0,375.33323666885826,0.0,0.0,0.0,1093.8999497149757,2029.0177049889153,-935.1177552739396
EIC,EIC_offshorewind_class3_moderate_fixed_0_4,1,4,94,1081.6431395358222,0.0,551.1384224150643,0.0,0.0,0.0,0.0,0.0,0.0,441.9901014555312,0.0,273.1759961915058,0.0,0.0,0.0,715.1660976470371,1632.7815619508865,-917.6154643038494
EIC,EIC_offshorewind_class3_moderate_fixed_0_5,1,5,95,1265.2799841488672,0.0,587.8517842637012,0.0,0.0,0.0,0.0,0.0,0.0,530.5855941551521,0.0,346.7855997325725,0.0,0.0,0.0,877.3711938877245,1853.1317684125684,-975.7605745248438
EIC,EIC_offshorewind_class3_moderate_fixed_0_10,1,10,96,1243.5512597371721,0.0,592.0195697101746,0.0,0.0,0.0,0.0,0.0,0.0,579.0952436722712,0.0,305.6626388026976,0.0,0.0,0.0,884.7578824749687,1835.5708294473466,-950.8129469723779
EIC,EIC_offshorewind_class3_moderate_fixed_0_11,1,11,97,570.4264889119496,0.0,304.848953816649,0.0,0.0,0.0,0.0,0.0,0.0,99.9150998716527,0.0,23.191898590944994,0.0,0.0,0.0,123.10699846259769,875.2754427285986,-752.168444266001
EIC,EIC_offshorewind_class3_moderate_fixed_0_18,1,18,98,646.2667638882422,0.0,349.7036175411873,0.0,0.0,0.0,0.0,0.0,0.0,63.482945999527395,0.0,63.902241623640556,0.0,0.0,0.0,127.38518762316795,995.9703814294295,-868.5851938062615
EIC,EIC_offshorewind_class3_moderate_fixed_0_19,1,19,99,790.6066551859464,0.0,178.52716664896133,0.0,0.0,0.0,0.0,0.0,0.0,126.92057609057359,0.0,48.28468618796828,0.0,0.0,0.0,175.20526227854188,969.1338218349076,-793.9285595563657
EIC,EIC_offshorewind_class3_moderate_fixed_0_28,1,28,100,777.180865602564,0.0,154.91366606445533,0.0,0.0,0.0,0.0,0.0,0.0,97.12219851252242,0.0,40.16907682718755,0.0,0.0,0.0,137.29127533970996,932.0945316670194,-794.8032563273094
EIC,EIC_offshorewind_class3_moderate_fixed_0_29,1,29,101,704.6837090300596,0.0,355.77493364631584,0.0,0.0,0.0,0.0,0.0,0.0,54.31766778859112,0.0,83.98890067315142,0.0,0.0,0.0,138.30656846174253,1060.4586426763753,-922.1520742146329
EIC,EIC_offshorewind_class12_moderate_floating_1_0,1,0,102,1111.9435395284195,0.0,374.09746938865334,0.0,0.0,0.0,0.0,0.0,0.0,359.410855658542,0.0,204.64698363417335,0.0,0.0,0.0,564.0578392927154,1486.0410089170728,-921.9831696243574
EIC,EIC_offshorewind_class12_moderate_floating_1_1,1,1,103,1168.5495961780798,0.0,374.68385575061706,0.0,0.0,0.0,0.0,0.0,0.0,420.70340634249806,0.0,237.43173463612848,0.0,0.0,0.0,658.1351409786265,1543.233451928697,-885.0983109500704
EIC,EIC_offshorewind_class12_moderate_floating_1_6,1,6,104,1022.7945476363876,0.0,333.1750044023781,0.0,0.0,0.0,0.0,0.0,0.0,279.68004044655476,0.0,188.2273945125842,0.0,0.0,0.0,467.907434959139,1355.9695520387656,-888.0621170796267
EIC,EIC_offshorewind_class12_moderate_floating_1_7,1,7,105,1140.310396350703,0.0,347.000135510502,0.0,0.0,0.0,0.0,0.0,0.0,333.2457043144895,0.0,233.31971141329913,0.0,0.0,0.0,566.5654157277886,1487.3105318612052,-920.7451161334166
EIC,EIC_offshorewind_class12_moderate_floating_1_18,1,18,106,1086.7568146939122,0.0,336.76049941217633,0.0,0.0,0.0,0.0,0.0,0.0,351.7814715212401,0.0,198.17826039392338,0.0,0.0,0.0,549.9597319151635,1423.5173141060886,-873.5575821909251
EIC,EIC_offshorewind_class12_moderate_floating_1_19,1,19,107,640.5366084250655,0.0,215.9828979569368,0.0,0.0,0.0,0.0,0.0,0.0,75.39298885014576,0.0,18.728350573040995,0.0,0.0,0.0,94.12133942318675,856.5195063820023,-762.3981669588155
EIC,EIC_offshorewind_class12_moderate_floating_1_38,1,38,108,680.3971364531932,0.0,231.48179823762223,0.0,0.0,0.0,0.0,0.0,0.0,43.72550035148471,0.0,48.212692663496945,0.0,0.0,0.0,91.93819301498166,911.8789346908154,-819.9407416758338
EIC,EIC_offshorewind_class12_moderate_floating_1_39,1,39,109,813.2963588240876,0.0,138.3036643181156,0.0,0.0,0.0,0.0,0.0,0.0,107.96195814347072,0.0,42.635107199535305,0.0,0.0,0.0,150.59706534300602,951.6000231422032,-801.0029577991972
EIC,EIC_offshorewind_class12_moderate_floating_1_68,1,68,110,782.5059222076168,0.0,119.44584683304015,0.0,0.0,0.0,0.0,0.0,0.0,82.53054646351413,0.0,35.302197857226226,0.0,0.0,0.0,117.83274432074035,901.9517690406569,-784.1190247199165
EIC,EIC_offshorewind_class12_moderate_floating_1_69,1,69,111,722.4482924488567,0.0,233.7629395018474,0.0,0.0,0.0,0.0,0.0,0.0,37.49912086883261,0.0,62.90001978851747,0.0,0.0,0.0,100.39914065735007,956.2112319507041,-855.8120912933541
EIC,EIC_offshorewind_class12_moderate_floating_0_0,1,0,112,1111.9435395284195,0.0,374.09746938865334,0.0,0.0,0.0,0.0,0.0,0.0,359.410855658542,0.0,204.64698363417335,0.0,0.0,0.0,564.0578392927154,1486.0410089170728,-921.9831696243574
EIC,EIC_offshorewind_class12_moderate_floating_0_1,1,1,113,1168.5495961780798,0.0,374.68385575061706,0.0,0.0,0.0,0.0,0.0,0.0,420.70340634249806,0.0,237.43173463612848,0.0,0.0,0.0,658.1351409786265,1543.233451928697,-885.0983109500704
EIC,EIC_offshorewind_class12_moderate_floating_0_8,1,8,114,1022.7945476363876,0.0,333.1750044023781,0.0,0.0,0.0,0.0,0.0,0.0,279.68004044655476,0.0,188.2273945125842,0.0,0.0,0.0,467.907434959139,1355.9695520387656,-888.0621170796267
EIC,EIC_offshorewind_class12_moderate_floating_0_9,1,9,115,1140.310396350703,0.0,347.000135510502,0.0,0.0,0.0,0.0,0.0,0.0,333.2457043144895,0.0,233.31971141329916,0.0,0.0,0.0,566.5654157277886,1487.3105318612052,-920.7451161334166
EIC,EIC_offshorewind_class12_moderate_floating_0_28,1,28,116,1086.7568146939122,0.0,336.76049941217633,0.0,0.0,0.0,0.0,0.0,0.0,351.7814715212401,0.0,198.1782603939234,0.0,0.0,0.0,549.9597319151635,1423.5173141060886,-873.5575821909251
EIC,EIC_offshorewind_class12_moderate_floating_0_29,1,29,117,640.5366084250655,0.0,215.9828979569368,0.0,0.0,0.0,0.0,0.0,0.0,75.39298885014576,0.0,18.728350573040995,0.0,0.0,0.0,94.12133942318675,856.5195063820023,-762.3981669588155
EIC,EIC_offshorewind_class12_moderate_floating_0_68,1,68,118,680.3971364531932,0.0,231.48179823762223,0.0,0.0,0.0,0.0,0.0,0.0,43.72550035148471,0.0,48.212692663496945,0.0,0.0,0.0,91.93819301498166,911.8789346908154,-819.9407416758338
EIC,EIC_offshorewind_class12_moderate_floating_0_69,1,69,119,813.2963588240876,0.0,138.3036643181156,0.0,0.0,0.0,0.0,0.0,0.0,107.96195814347072,0.0,42.635107199535305,0.0,0.0,0.0,150.59706534300602,951.6000231422032,-801.0029577991972
EIC,EIC_offshorewind_class12_moderate_floating_0_138,1,138,120,782.5059222076168,0.0,119.44584683304015,0.0,0.0,0.0,0.0,0.0,0.0,82.53054646351413,0.0,35.302197857226226,0.0,0.0,0.0,117.83274432074035,901.9517690406569,-784.1190247199165
EIC,EIC_offshorewind_class12_moderate_floating_0_139,1,139,121,722.4482924488567,0.0,233.7629395018474,0.0,0.0,0.0,0.0,0.0,0.0,37.49912086883261,0.0,62.90001978851747,0.0,0.0,0.0,100.39914065735007,956.2112319507041,-855.8120912933541
TRE,TRE_naturalgas_ccavgcf_moderate_0,2,0,122,0.0,0.0,0.0,0.0,0.0,0.0,0.0,0.0,0.0,0.0,0.0,0.0,0.0,0.0,0.0,0.0,0.0,0.0
TRE,TRE_naturalgas_ctavgcf_moderate_0,2,0,123,1.6776793300251344e8,0.0,9.97515952618359e7,0.0,0.0,0.0,0.0,0.0,0.0,0.0,0.0,2.6751952778602695e8,0.0,0.0,0.0,2.6751952778602695e8,2.6751952826434934e8,-0.4783223867416382
TRE,TRE_battery_moderate_0,2,0,124,8.983117858556987e7,1.3371171065346432e8,2.7590111324826892e7,4.106545348841023e7,661623.6207733352,0.0,781691.4234011682,0.0,5968.8027392551485,1.5156045314526275e8,0.0,1.4208549598006254e8,0.0,0.0,0.0,2.936459491253253e8,2.9364773789918506e8,-1788.7738597393036
TRE,TRE_naturalgas_ccccsavgcf_conservative_0,2,0,125,0.0,0.0,0.0,0.0,0.0,0.0,0.0,0.0,0.0,0.0,0.0,0.0,0.0,0.0,0.0,0.0,0.0,0.0
TRE,TRE_advnuclear_atb_moderate_0,2,0,126,16163.955036435233,0.0,0.0,0.0,549.7056517458723,1475.1467299597327,0.0,335.76686016732486,0.0,7107.415846680977,0.0,2022.9728490429345,0.0,0.0,0.0,9130.388695723912,18524.574278308162,-9394.18558258425
TRE,TRE_storage_metalair_advanced_0,2,0,127,0.0,0.0,0.0,0.0,0.0,0.0,0.0,0.0,307626.68596742686,2.333676020829519e7,0.0,6.040411538894908e6,0.0,0.0,-2.9076755936622504e7,300415.81056759134,307626.68596742686,-7210.875399835524
TRE,TRE_landbasedwind_class1_moderate_0,2,0,128,1.1702863317871644e9,0.0,7.614254343241599e8,0.0,0.0,0.0,0.0,0.0,0.0,1.9954235495763116e9,0.0,1.1813663125019975e8,0.0,0.0,0.0,2.1135601808265114e9,1.9317117661113243e9,1.8184841471518707e8
TRE,TRE_landbasedwind_class1_moderate_1,2,1,129,1.7117281674388945e9,0.0,1.007936945454023e9,0.0,0.0,0.0,0.0,0.0,0.0,2.661095255725527e9,0.0,2.867987040349287e8,0.0,0.0,0.0,2.9478939597604556e9,2.7196651128929176e9,2.2822884686753798e8
TRE,TRE_landbasedwind_class1_moderate_2,2,2,130,1.24799792394558e9,0.0,8.067827528324655e8,0.0,0.0,0.0,0.0,0.0,0.0,2.0403638093364336e9,0.0,6.560550333863985e7,0.0,0.0,0.0,2.1059693126750734e9,2.0547806767780457e9,5.118863589702773e7
TRE,TRE_landbasedwind_class1_moderate_3,2,3,131,521644.4362476625,0.0,291538.33317054645,0.0,0.0,0.0,0.0,0.0,0.0,759205.5120564626,0.0,52772.168009003624,0.0,0.0,0.0,811977.6800654662,813182.769418209,-1205.0893527427688
TRE,TRE_landbasedwind_class1_moderate_4,2,4,132,3.055550645070984e8,0.0,2.0572808578308523e8,0.0,0.0,0.0,0.0,0.0,0.0,4.981879199377446e8,0.0,1.3094659892358728e7,0.0,0.0,0.0,5.1128257983010334e8,5.112831502901836e8,-570.4600802659988
TRE,TRE_landbasedwind_class1_moderate_5,2,5,133,56551.91358856685,0.0,31530.352869254402,0.0,0.0,0.0,0.0,0.0,0.0,82727.80894900532,0.0,3554.5423100265944,0.0,0.0,0.0,86282.35125903192,88082.26645782126,-1799.915198789342
TRE,TRE_landbasedwind_class1_moderate_6,2,6,134,7285.394295131112,0.0,4637.829768884713,0.0,0.0,0.0,0.0,0.0,0.0,9819.562156659562,0.0,245.3199446576542,0.0,0.0,0.0,10064.882101317216,11923.224064015825,-1858.3419626986088
TRE,TRE_landbasedwind_class1_moderate_7,2,7,135,8.790923009221089e8,0.0,4.5395983714843476e8,0.0,0.0,0.0,0.0,0.0,0.0,1.313683262375402e9,0.0,5.6156562067687854e7,0.0,0.0,0.0,1.3698398244430897e9,1.3330521380705438e9,3.678768637254596e7
TRE,TRE_landbasedwind_class1_moderate_8,2,8,136,2696.7866439559234,0.0,1192.812609724419,0.0,0.0,0.0,0.0,0.0,0.0,2088.6016703854953,0.0,73.34176183198406,0.0,0.0,0.0,2161.9434322174793,3889.5992536803424,-1727.655821462863
TRE,TRE_landbasedwind_class1_moderate_9,2,9,137,2719.732279691576,0.0,528.002407068914,0.0,0.0,0.0,0.0,0.0,0.0,1525.9521774942614,0.0,225.3435895317835,0.0,0.0,0.0,1751.2957670260448,3247.73468676049,-1496.4389197344453
TRE,TRE_utilitypv_class1_moderate_0,2,0,138,19235.582595483836,0.0,7708.019304957341,0.0,0.0,0.0,0.0,0.0,0.0,25574.113137715085,0.0,185.35518342142458,0.0,0.0,0.0,25759.468321136508,26943.60190044118,-1184.133579304671
TRE,TRE_utilitypv_class1_moderate_1,2,1,139,3.1374140799918346e9,0.0,1.1895389292930193e9,0.0,0.0,0.0,0.0,0.0,0.0,4.290112901025749e9,0.0,3.683983525832848e7,0.0,0.0,0.0,4.326952736284078e9,4.326953009284854e9,-273.00077629089355
TRE,TRE_utilitypv_class1_moderate_2,2,2,140,7435.752820262339,0.0,2677.234785150865,0.0,0.0,0.0,0.0,0.0,0.0,9032.651101409652,0.0,55.656081596845894,0.0,0.0,0.0,9088.307183006498,10112.987605413204,-1024.6804224067055
TRE,TRE_utilitypv_class1_moderate_3,2,3,141,11343.54842916932,0.0,3745.352058659329,0.0,0.0,0.0,0.0,0.0,0.0,13903.168679513028,0.0,124.39117777281335,0.0,0.0,0.0,14027.559857285842,15088.900487828649,-1061.340630542807
TRE,TRE_utilitypv_class1_moderate_4,2,4,142,4810.646691813235,0.0,1583.9666407077361,0.0,0.0,0.0,0.0,0.0,0.0,5407.7584700302095,0.0,33.251234510999325,0.0,0.0,0.0,5441.0097045412085,6394.61333252097,-953.6036279797618
TRE,TRE_utilitypv_class1_moderate_5,2,5,143,11016.774289314239,0.0,3302.1707869788656,0.0,0.0,0.0,0.0,0.0,0.0,13135.602278173254,0.0,129.8538920777713,0.0,0.0,0.0,13265.456170251025,14318.945076293105,-1053.4889060420792
TRE,TRE_utilitypv_class1_moderate_6,2,6,144,5784.501977090207,0.0,1607.425178569182,0.0,0.0,0.0,0.0,0.0,0.0,6378.8350412547525,0.0,67.79311192159074,0.0,0.0,0.0,6446.628153176343,7391.927155659389,-945.299002483046
TRE,TRE_utilitypv_class1_moderate_7,2,7,145,2930.7782425820246,0.0,898.5626931336628,0.0,0.0,0.0,0.0,0.0,0.0,2877.958980545493,0.0,14.4708405282553,0.0,0.0,0.0,2892.4298210737484,3829.3409357156875,-936.9111146419391
TRE,TRE_utilitypv_class1_moderate_8,2,8,146,1405.5856397458374,0.0,194.38362577136436,0.0,0.0,0.0,0.0,0.0,0.0,738.1770398172255,0.0,10.613225618777882,0.0,0.0,0.0,748.7902654360033,1599.9692655172018,-851.1790000811985
TRE,TRE_utilitypv_class1_moderate_9,2,9,147,1819.8956294457766,0.0,443.6856823748534,0.0,0.0,0.0,0.0,0.0,0.0,1418.6853873378489,0.0,9.314048864952326,0.0,0.0,0.0,1427.9994362028012,2263.58131182063,-835.5818756178289
TRE,TRE_offshorewind_class3_moderate_fixed_1_0,2,0,148,678.3957023381079,0.0,367.02066462112924,0.0,0.0,0.0,0.0,0.0,0.0,193.35578705795263,0.0,81.47237283558604,0.0,0.0,0.0,274.82815989353867,1045.4163669592372,-770.5882070656985
TRE,TRE_offshorewind_class3_moderate_fixed_1_1,2,1,149,826.2090135009645,0.0,409.9533908069193,0.0,0.0,0.0,0.0,0.0,0.0,330.88151129428,0.0,113.862791616454,0.0,0.0,0.0,444.744302910734,1236.1624043078837,-791.4181013971497
TRE,TRE_offshorewind_class3_moderate_fixed_1_2,2,2,150,593.1670668993544,0.0,331.3327344986041,0.0,0.0,0.0,0.0,0.0,0.0,124.90262207515477,0.0,54.889691089520745,0.0,0.0,0.0,179.7923131646755,924.4998013979584,-744.7074882332829
TRE,TRE_offshorewind_class3_moderate_fixed_1_3,2,3,151,540.2174462807852,0.0,268.6124181938577,0.0,0.0,0.0,0.0,0.0,0.0,161.57226492417365,0.0,51.743938410177,0.0,0.0,0.0,213.31620333435066,808.8298644746429,-595.5136611402922
TRE,TRE_offshorewind_class3_moderate_fixed_1_4,2,4,152,596.075391529213,0.0,327.0928322414871,0.0,0.0,0.0,0.0,0.0,0.0,109.79630482702848,0.0,72.84025521130518,0.0,0.0,0.0,182.63656003833364,923.1682237707,-740.5316637323664
TRE,TRE_offshorewind_class3_moderate_fixed_1_5,2,5,153,775.5815726793394,0.0,366.24529757248325,0.0,0.0,0.0,0.0,0.0,0.0,299.74111347559335,0.0,102.99051363266825,0.0,0.0,0.0,402.7316271082616,1141.8268702518226,-739.095243143561
TRE,TRE_offshorewind_class3_moderate_fixed_1_6,2,6,154,817.6308689791878,0.0,384.4333741319894,0.0,0.0,0.0,0.0,0.0,0.0,297.92642501367635,0.0,105.80206617141451,0.0,0.0,0.0,403.7284911850909,1202.0642431111771,-798.3357519260862
TRE,TRE_offshorewind_class3_moderate_fixed_1_7,2,7,155,607.7927369537192,0.0,301.9774687056735,0.0,0.0,0.0,0.0,0.0,0.0,115.07172775333535,0.0,61.6535593959321,0.0,0.0,0.0,176.72528714926744,909.7702056593928,-733.0449185101254
TRE,TRE_offshorewind_class3_moderate_fixed_1_8,2,8,156,798.5288173047446,0.0,373.82314405845653,0.0,0.0,0.0,0.0,0.0,0.0,274.3136771451932,0.0,102.76411346787376,0.0,0.0,0.0,377.07779061306695,1172.351961363201,-795.2741707501341
TRE,TRE_offshorewind_class3_moderate_fixed_1_9,2,9,157,685.9868753849589,0.0,344.80870615532984,0.0,0.0,0.0,0.0,0.0,0.0,215.03121385568818,0.0,90.27981926526942,0.0,0.0,0.0,305.31103312095763,1030.7955815402888,-725.4845484193312
TRE,TRE_offshorewind_class3_moderate_fixed_0_0,2,0,158,678.3957023381079,0.0,367.02066462112924,0.0,0.0,0.0,0.0,0.0,0.0,193.35578705795263,0.0,81.47237283558604,0.0,0.0,0.0,274.82815989353867,1045.4163669592372,-770.5882070656985
TRE,TRE_offshorewind_class3_moderate_fixed_0_1,2,1,159,826.2090135009645,0.0,409.9533908069193,0.0,0.0,0.0,0.0,0.0,0.0,330.88151129428,0.0,113.862791616454,0.0,0.0,0.0,444.744302910734,1236.1624043078837,-791.4181013971497
TRE,TRE_offshorewind_class3_moderate_fixed_0_4,2,4,160,593.1670668993544,0.0,331.3327344986041,0.0,0.0,0.0,0.0,0.0,0.0,124.90262207515477,0.0,54.889691089520745,0.0,0.0,0.0,179.7923131646755,924.4998013979584,-744.7074882332829
TRE,TRE_offshorewind_class3_moderate_fixed_0_5,2,5,161,540.2174462807852,0.0,268.6124181938577,0.0,0.0,0.0,0.0,0.0,0.0,161.57226492417365,0.0,51.743938410177,0.0,0.0,0.0,213.31620333435066,808.8298644746429,-595.5136611402922
TRE,TRE_offshorewind_class3_moderate_fixed_0_10,2,10,162,596.075391529213,0.0,327.0928322414871,0.0,0.0,0.0,0.0,0.0,0.0,109.79630482702848,0.0,72.84025521130518,0.0,0.0,0.0,182.63656003833364,923.1682237707,-740.5316637323664
TRE,TRE_offshorewind_class3_moderate_fixed_0_11,2,11,163,775.5815726793394,0.0,366.24529757248325,0.0,0.0,0.0,0.0,0.0,0.0,299.74111347559335,0.0,102.99051363266825,0.0,0.0,0.0,402.7316271082616,1141.8268702518226,-739.095243143561
TRE,TRE_offshorewind_class3_moderate_fixed_0_18,2,18,164,817.6308689791878,0.0,384.4333741319894,0.0,0.0,0.0,0.0,0.0,0.0,297.92642501367635,0.0,105.80206617141451,0.0,0.0,0.0,403.7284911850909,1202.0642431111771,-798.3357519260862
TRE,TRE_offshorewind_class3_moderate_fixed_0_19,2,19,165,607.7927369537192,0.0,301.9774687056735,0.0,0.0,0.0,0.0,0.0,0.0,115.07172775333535,0.0,61.6535593959321,0.0,0.0,0.0,176.72528714926744,909.7702056593928,-733.0449185101254
TRE,TRE_offshorewind_class3_moderate_fixed_0_28,2,28,166,798.5288173047446,0.0,373.82314405845653,0.0,0.0,0.0,0.0,0.0,0.0,274.3136771451932,0.0,102.76411346787376,0.0,0.0,0.0,377.07779061306695,1172.351961363201,-795.2741707501341
TRE,TRE_offshorewind_class3_moderate_fixed_0_29,2,29,167,685.9868753849589,0.0,344.80870615532984,0.0,0.0,0.0,0.0,0.0,0.0,215.03121385568818,0.0,90.27981926526942,0.0,0.0,0.0,305.31103312095763,1030.7955815402888,-725.4845484193312
TRE,TRE_offshorewind_class12_moderate_floating_1_0,2,0,168,709.5025385392759,0.0,242.95715901988487,0.0,0.0,0.0,0.0,0.0,0.0,141.16017499533845,0.0,61.47210997474019,0.0,0.0,0.0,202.63228497007864,952.4596975591608,-749.8274125890821
TRE,TRE_offshorewind_class12_moderate_floating_1_1,2,1,169,828.5143736085099,0.0,266.35103642490174,0.0,0.0,0.0,0.0,0.0,0.0,236.6965092082171,0.0,84.31994359040598,0.0,0.0,0.0,321.01645279862305,1094.8654100334115,-773.8489572347885
TRE,TRE_offshorewind_class12_moderate_floating_1_6,2,6,170,642.9263662363888,0.0,225.27117647723108,0.0,0.0,0.0,0.0,0.0,0.0,93.94603068291215,0.0,42.53639114129388,0.0,0.0,0.0,136.48242182420603,868.1975427136199,-731.7151208894138
TRE,TRE_offshorewind_class12_moderate_floating_1_7,2,7,171,551.6453512881438,0.0,177.61854114907734,0.0,0.0,0.0,0.0,0.0,0.0,116.94400413383116,0.0,38.9987121128941,0.0,0.0,0.0,155.94271624672524,729.2638924372212,-573.321176190496
TRE,TRE_offshorewind_class12_moderate_floating_1_18,2,18,172,652.7642234832124,0.0,225.82346009660196,0.0,0.0,0.0,0.0,0.0,0.0,83.68838627676875,0.0,57.318928164683655,0.0,0.0,0.0,141.00731444145242,878.5876835798143,-737.5803691383619
TRE,TRE_offshorewind_class12_moderate_floating_1_19,2,19,173,778.5318956662494,0.0,241.24120865045134,0.0,0.0,0.0,0.0,0.0,0.0,217.42698044035794,0.0,77.32238374867396,0.0,0.0,0.0,294.7493641890319,1019.7731043167007,-725.0237401276688
TRE,TRE_offshorewind_class12_moderate_floating_1_38,2,38,174,822.0459841167157,0.0,253.9006141151288,0.0,0.0,0.0,0.0,0.0,0.0,217.2972484681909,0.0,79.64626027847785,0.0,0.0,0.0,296.9435087466687,1075.9465982318445,-779.0030894851758
TRE,TRE_offshorewind_class12_moderate_floating_1_39,2,39,175,639.5659329304227,0.0,205.80874986933262,0.0,0.0,0.0,0.0,0.0,0.0,87.0419981811934,0.0,47.8934387523292,0.0,0.0,0.0,134.93543693352262,845.3746827997553,-710.4392458662327
TRE,TRE_offshorewind_class12_moderate_floating_1_68,2,68,176,809.101182573682,0.0,249.0897859826575,0.0,0.0,0.0,0.0,0.0,0.0,201.86738257818212,0.0,78.04764180680145,0.0,0.0,0.0,279.91502438498355,1058.1909685563394,-778.2759441713558
TRE,TRE_offshorewind_class12_moderate_floating_1_69,2,69,177,715.0149328031972,0.0,232.0657768956515,0.0,0.0,0.0,0.0,0.0,0.0,159.51600746664295,0.0,69.25515872834664,0.0,0.0,0.0,228.77116619498958,947.0807096988488,-718.3095435038592
TRE,TRE_offshorewind_class12_moderate_floating_0_0,2,0,178,709.5025385392759,0.0,242.95715901988487,0.0,0.0,0.0,0.0,0.0,0.0,141.16017499533845,0.0,61.47210997474019,0.0,0.0,0.0,202.63228497007864,952.4596975591608,-749.8274125890821
TRE,TRE_offshorewind_class12_moderate_floating_0_1,2,1,179,828.5143736085099,0.0,266.35103642490174,0.0,0.0,0.0,0.0,0.0,0.0,236.69650920821707,0.0,84.31994359040598,0.0,0.0,0.0,321.01645279862305,1094.8654100334115,-773.8489572347885
TRE,TRE_offshorewind_class12_moderate_floating_0_8,2,8,180,642.9263662363888,0.0,225.27117647723108,0.0,0.0,0.0,0.0,0.0,0.0,93.94603068291215,0.0,42.53639114129388,0.0,0.0,0.0,136.48242182420603,868.1975427136199,-731.7151208894138
TRE,TRE_offshorewind_class12_moderate_floating_0_9,2,9,181,551.6453512881438,0.0,177.61854114907734,0.0,0.0,0.0,0.0,0.0,0.0,116.94400413383116,0.0,38.9987121128941,0.0,0.0,0.0,155.94271624672524,729.2638924372212,-573.321176190496
TRE,TRE_offshorewind_class12_moderate_floating_0_28,2,28,182,652.7642234832124,0.0,225.82346009660196,0.0,0.0,0.0,0.0,0.0,0.0,83.68838627676875,0.0,57.318928164683655,0.0,0.0,0.0,141.00731444145242,878.5876835798143,-737.5803691383619
TRE,TRE_offshorewind_class12_moderate_floating_0_29,2,29,183,778.5318956662494,0.0,241.24120865045134,0.0,0.0,0.0,0.0,0.0,0.0,217.42698044035794,0.0,77.32238374867397,0.0,0.0,0.0,294.7493641890319,1019.7731043167007,-725.0237401276688
TRE,TRE_offshorewind_class12_moderate_floating_0_68,2,68,184,822.0459841167157,0.0,253.9006141151288,0.0,0.0,0.0,0.0,0.0,0.0,217.2972484681909,0.0,79.64626027847785,0.0,0.0,0.0,296.9435087466687,1075.9465982318445,-779.0030894851758
TRE,TRE_offshorewind_class12_moderate_floating_0_69,2,69,185,639.5659329304227,0.0,205.80874986933262,0.0,0.0,0.0,0.0,0.0,0.0,87.0419981811934,0.0,47.893438752329196,0.0,0.0,0.0,134.9354369335226,845.3746827997553,-710.4392458662327
TRE,TRE_offshorewind_class12_moderate_floating_0_138,2,138,186,809.101182573682,0.0,249.0897859826575,0.0,0.0,0.0,0.0,0.0,0.0,201.86738257818212,0.0,78.04764180680145,0.0,0.0,0.0,279.91502438498355,1058.1909685563394,-778.2759441713558
TRE,TRE_offshorewind_class12_moderate_floating_0_139,2,139,187,715.0149328031972,0.0,232.0657768956515,0.0,0.0,0.0,0.0,0.0,0.0,159.51600746664295,0.0,69.25515872834664,0.0,0.0,0.0,228.77116619498958,947.0807096988488,-718.3095435038592
WECC,WECC_naturalgas_ccavgcf_moderate_0,3,0,188,0.0,0.0,0.0,0.0,0.0,0.0,0.0,0.0,0.0,0.0,0.0,0.0,0.0,0.0,0.0,0.0,0.0,0.0
WECC,WECC_naturalgas_ctavgcf_moderate_0,3,0,189,5.937692446231118e8,0.0,2.735243410859532e8,0.0,0.0,0.0,0.0,0.0,0.0,0.0,0.0,8.672935854510219e8,0.0,0.0,0.0,8.672935854510219e8,8.67293585709065e8,-0.2580430507659912
WECC,WECC_battery_moderate_0,3,0,190,4.42447073346592e8,1.923730713515071e9,1.3042136034941864e8,5.670448138091805e8,8.0433801797099365e6,0.0,9.503048416401671e6,0.0,1.6173728221845123e8,2.8153364107842317e9,0.0,4.275896290363374e8,0.0,0.0,0.0,3.242926039820569e9,3.2429276718348246e9,-1632.0142555236816
WECC,WECC_naturalgas_ccccsavgcf_conservative_0,3,0,191,0.0,0.0,0.0,0.0,0.0,0.0,0.0,0.0,0.0,0.0,0.0,0.0,0.0,0.0,0.0,0.0,0.0,0.0
WECC,WECC_advnuclear_atb_moderate_0,3,0,192,19898.708379035357,0.0,0.0,0.0,748.9858634487392,2009.9193882096943,0.0,307.474634086974,0.0,10360.544317100112,0.0,2944.4339876457907,0.0,0.0,0.0,13304.978304745902,22965.088264780767,-9660.109960034864
WECC,WECC_storage_metalair_advanced_0,3,0,193,0.0,0.0,0.0,0.0,0.0,0.0,0.0,0.0,2.9691891037547057e6,4.226914491924944e7,0.0,1.4895820613537915e7,0.0,0.0,-5.4200243689142205e7,2.964721843645148e6,2.9691891037547057e6,-4467.26010955777
WECC,WECC_landbasedwind_class1_moderate_0,3,0,194,1.0396337562934847e10,0.0,4.0223297319271865e9,0.0,0.0,0.0,0.0,0.0,0.0,1.6126139307837612e10,0.0,2.62544163427016e9,0.0,0.0,0.0,1.8751580942107773e10,1.4418667294862034e10,4.332913647245739e9
WECC,WECC_landbasedwind_class1_moderate_1,3,1,195,4.452118803898201e9,0.0,1.7302348558234246e9,0.0,0.0,0.0,0.0,0.0,0.0,6.727191890367124e9,0.0,1.1597383868338578e9,0.0,0.0,0.0,7.886930277200981e9,6.182353659721625e9,1.7045766174793558e9
WECC,WECC_landbasedwind_class1_moderate_2,3,2,196,8941.33576114574,0.0,3224.612657579923,0.0,0.0,0.0,0.0,0.0,0.0,9050.490393252601,0.0,1448.7667171354294,0.0,0.0,0.0,10499.257110388031,12165.948418725662,-1666.6913083376312
WECC,WECC_landbasedwind_class1_moderate_3,3,3,197,14641.598789563976,0.0,5734.932939099287,0.0,0.0,0.0,0.0,0.0,0.0,16190.707101906706,0.0,2440.084412349045,0.0,0.0,0.0,18630.79151425575,20376.531728663263,-1745.7402144075131
WECC,WECC_landbasedwind_class1_moderate_4,3,4,198,3677.849579862242,0.0,1341.526925435326,0.0,0.0,0.0,0.0,0.0,0.0,2936.462743587192,0.0,477.0496316022347,0.0,0.0,0.0,3413.5123751894266,5019.376505297568,-1605.8641301081411
WECC,WECC_landbasedwind_class1_moderate_5,3,5,199,4134.458060595276,0.0,727.9529924719631,0.0,0.0,0.0,0.0,0.0,0.0,2714.9340983658362,0.0,494.8023649060479,0.0,0.0,0.0,3209.736463271884,4862.411053067239,-1652.6745897953547
WECC,WECC_landbasedwind_class1_moderate_6,3,6,200,2534.915432040074,0.0,890.3830570074276,0.0,0.0,0.0,0.0,0.0,0.0,1589.9130043309149,0.0,274.5247400543642,0.0,0.0,0.0,1864.437744385279,3425.298489047502,-1560.8607446622227
WECC,WECC_landbasedwind_class1_moderate_7,3,7,201,2714.0339984283364,0.0,423.693884724584,0.0,0.0,0.0,0.0,0.0,0.0,1323.341127650041,0.0,214.6620536676913,0.0,0.0,0.0,1538.0031813177322,3137.72788315292,-1599.724701835188
WECC,WECC_landbasedwind_class1_moderate_8,3,8,202,2187.682174918187,0.0,711.517037569218,0.0,0.0,0.0,0.0,0.0,0.0,1113.1850552957553,0.0,213.65592373647684,0.0,0.0,0.0,1326.840979032232,2899.199212487405,-1572.358233455173
WECC,WECC_landbasedwind_class1_moderate_9,3,9,203,2774.949260690372,0.0,290.8410618118066,0.0,0.0,0.0,0.0,0.0,0.0,1221.0865639233252,0.0,241.16012271466934,0.0,0.0,0.0,1462.2466866379946,3065.7903225021782,-1603.5436358641837
WECC,WECC_utilitypv_class1_moderate_0,3,0,204,1243.651345766518,0.0,420.52673845949425,0.0,0.0,0.0,0.0,0.0,0.0,661.8641899861934,0.0,121.35256791706463,0.0,0.0,0.0,783.2167579032581,1664.1780842260123,-880.9613263227542
WECC,WECC_utilitypv_class1_moderate_1,3,1,205,1048.9466273315604,0.0,394.50019812952047,0.0,0.0,0.0,0.0,0.0,0.0,434.4847898226825,0.0,62.655673144357785,0.0,0.0,0.0,497.14046296704026,1443.4468254610808,-946.3063624940405
WECC,WECC_utilitypv_class1_moderate_2,3,2,206,977.6633028204253,0.0,272.5124759557233,0.0,0.0,0.0,0.0,0.0,0.0,347.2171494073804,0.0,60.53443525107976,0.0,0.0,0.0,407.75158465846016,1250.1757787761485,-842.4241941176883
WECC,WECC_utilitypv_class1_moderate_3,3,3,207,1350.6374537458084,0.0,536.262290338369,0.0,0.0,0.0,0.0,0.0,0.0,852.2972112991974,0.0,69.02961682420292,0.0,0.0,0.0,921.3268281234003,1886.8997440841774,-965.5729159607771
WECC,WECC_utilitypv_class1_moderate_4,3,4,208,913.9928740139217,0.0,227.10880071057173,0.0,0.0,0.0,0.0,0.0,0.0,265.07135949302415,0.0,47.61385891484244,0.0,0.0,0.0,312.6852184078666,1141.1016747244935,-828.4164563166269
WECC,WECC_utilitypv_class1_moderate_5,3,5,209,1256.2491136982876,0.0,448.64928981945974,0.0,0.0,0.0,0.0,0.0,0.0,723.9114777489502,0.0,54.96205277064634,0.0,0.0,0.0,778.8735305195966,1704.8984035177473,-926.0248729981507
WECC,WECC_utilitypv_class1_moderate_6,3,6,210,941.7247941326655,0.0,206.46209732147392,0.0,0.0,0.0,0.0,0.0,0.0,285.37497977273125,0.0,45.45942275929386,0.0,0.0,0.0,330.83440253202514,1148.1868914541394,-817.3524889221143
WECC,WECC_utilitypv_class1_moderate_7,3,7,211,1122.9935560861632,0.0,329.37886676852656,0.0,0.0,0.0,0.0,0.0,0.0,515.0952674787305,0.0,43.69491816694929,0.0,0.0,0.0,558.7901856456798,1452.3724228546898,-893.58223720901
WECC,WECC_utilitypv_class1_moderate_8,3,8,212,780.1554781111736,0.0,81.38432279488339,0.0,0.0,0.0,0.0,0.0,0.0,81.85277647087688,0.0,15.345413449519137,0.0,0.0,0.0,97.19818992039602,861.5398009060569,-764.341610985661
WECC,WECC_utilitypv_class1_moderate_9,3,9,213,1014.7445382027123,0.0,241.43050295360513,0.0,0.0,0.0,0.0,0.0,0.0,370.082988237052,0.0,29.91782318601542,0.0,0.0,0.0,400.00081142306743,1256.1750411563175,-856.1742297332501
WECC,WECC_offshorewind_class3_moderate_fixed_1_0,3,0,214,773.6999995063475,0.0,347.2429903845295,0.0,0.0,0.0,0.0,0.0,0.0,304.8935333631173,0.0,31.27013394689093,0.0,0.0,0.0,336.16366731000824,1120.942989890877,-784.7793225808688
WECC,WECC_offshorewind_class3_moderate_fixed_1_1,3,1,215,953.1280165289991,0.0,416.91445456649967,0.0,0.0,0.0,0.0,0.0,0.0,548.0970436697205,0.0,29.24489187035594,0.0,0.0,0.0,577.3419355400764,1370.0424710954987,-792.7005355554223
WECC,WECC_offshorewind_class3_moderate_fixed_1_2,3,2,216,961.8351942189267,0.0,424.9717501325271,0.0,0.0,0.0,0.0,0.0,0.0,522.8078026560785,0.0,33.59558171580403,0.0,0.0,0.0,556.4033843718826,1386.806944351454,-830.4035599795714
WECC,WECC_offshorewind_class3_moderate_fixed_1_3,3,3,217,851.4343130395486,0.0,410.4424342567428,0.0,0.0,0.0,0.0,0.0,0.0,395.77796211715287,0.0,100.67316715227791,0.0,0.0,0.0,496.4511292694308,1261.8767472962913,-765.4256180268605
WECC,WECC_offshorewind_class3_moderate_fixed_1_4,3,4,218,785.7356821982368,0.0,354.107372425028,0.0,0.0,0.0,0.0,0.0,0.0,321.9841946439401,0.0,42.05183088370052,0.0,0.0,0.0,364.0360255276406,1139.8430546232648,-775.8070290956242
WECC,WECC_offshorewind_class3_moderate_fixed_1_5,3,5,219,940.7819678513081,0.0,421.5001090593629,0.0,0.0,0.0,0.0,0.0,0.0,493.8922028326888,0.0,48.10122262342706,0.0,0.0,0.0,541.9934254561158,1362.282076910671,-820.2886514545553
WECC,WECC_offshorewind_class3_moderate_fixed_1_6,3,6,220,787.0672413374347,0.0,353.5517891885663,0.0,0.0,0.0,0.0,0.0,0.0,271.90967891209397,0.0,57.105883430992584,0.0,0.0,0.0,329.0155623430866,1140.619030526001,-811.6034681829145
WECC,WECC_offshorewind_class3_moderate_fixed_1_7,3,7,221,603.8145669224559,0.0,312.7840953005094,0.0,0.0,0.0,0.0,0.0,0.0,204.20278842437673,0.0,96.31953553774905,0.0,0.0,0.0,300.52232396212577,916.5986622229653,-616.0763382608395
WECC,WECC_offshorewind_class3_moderate_fixed_1_8,3,8,222,775.0466828090828,0.0,343.8442632129896,0.0,0.0,0.0,0.0,0.0,0.0,281.5651857222545,0.0,35.604361879682074,0.0,0.0,0.0,317.1695476019366,1118.8909460220723,-801.7213984201358
WECC,WECC_offshorewind_class3_moderate_fixed_1_9,3,9,223,588.6678654068835,0.0,305.1212438193643,0.0,0.0,0.0,0.0,0.0,0.0,169.86602022527882,0.0,66.90743152752982,0.0,0.0,0.0,236.77345175280863,893.7891092262478,-657.0156574734392
WECC,WECC_offshorewind_class3_moderate_fixed_0_0,3,0,224,773.6999995063475,0.0,347.2429903845295,0.0,0.0,0.0,0.0,0.0,0.0,304.8935333631173,0.0,31.27013394689093,0.0,0.0,0.0,336.16366731000824,1120.942989890877,-784.7793225808688
WECC,WECC_offshorewind_class3_moderate_fixed_0_1,3,1,225,953.1280165289991,0.0,416.91445456649967,0.0,0.0,0.0,0.0,0.0,0.0,548.0970436697205,0.0,29.24489187035594,0.0,0.0,0.0,577.3419355400764,1370.0424710954987,-792.7005355554223
WECC,WECC_offshorewind_class3_moderate_fixed_0_4,3,4,226,961.8351942189267,0.0,424.9717501325271,0.0,0.0,0.0,0.0,0.0,0.0,522.8078026560785,0.0,33.59558171580403,0.0,0.0,0.0,556.4033843718826,1386.806944351454,-830.4035599795714
WECC,WECC_offshorewind_class3_moderate_fixed_0_5,3,5,227,851.4343130395486,0.0,410.4424342567428,0.0,0.0,0.0,0.0,0.0,0.0,395.77796211715287,0.0,100.67316715227791,0.0,0.0,0.0,496.4511292694308,1261.8767472962913,-765.4256180268605
WECC,WECC_offshorewind_class3_moderate_fixed_0_10,3,10,228,785.7356821982368,0.0,354.107372425028,0.0,0.0,0.0,0.0,0.0,0.0,321.9841946439401,0.0,42.05183088370052,0.0,0.0,0.0,364.0360255276406,1139.8430546232648,-775.8070290956242
WECC,WECC_offshorewind_class3_moderate_fixed_0_11,3,11,229,940.7819678513081,0.0,421.5001090593629,0.0,0.0,0.0,0.0,0.0,0.0,493.8922028326888,0.0,48.10122262342706,0.0,0.0,0.0,541.9934254561158,1362.282076910671,-820.2886514545553
WECC,WECC_offshorewind_class3_moderate_fixed_0_18,3,18,230,787.0672413374347,0.0,353.5517891885663,0.0,0.0,0.0,0.0,0.0,0.0,271.90967891209397,0.0,57.105883430992584,0.0,0.0,0.0,329.0155623430866,1140.619030526001,-811.6034681829145
WECC,WECC_offshorewind_class3_moderate_fixed_0_19,3,19,231,603.8145669224559,0.0,312.7840953005094,0.0,0.0,0.0,0.0,0.0,0.0,204.20278842437673,0.0,96.31953553774905,0.0,0.0,0.0,300.52232396212577,916.5986622229653,-616.0763382608395
WECC,WECC_offshorewind_class3_moderate_fixed_0_28,3,28,232,775.0466828090828,0.0,343.8442632129896,0.0,0.0,0.0,0.0,0.0,0.0,281.5651857222545,0.0,35.604361879682074,0.0,0.0,0.0,317.1695476019366,1118.8909460220723,-801.7213984201358
WECC,WECC_offshorewind_class3_moderate_fixed_0_29,3,29,233,588.6678654068835,0.0,305.1212438193643,0.0,0.0,0.0,0.0,0.0,0.0,169.86602022527882,0.0,66.90743152752982,0.0,0.0,0.0,236.77345175280863,893.7891092262478,-657.0156574734392
WECC,WECC_offshorewind_class12_moderate_floating_1_0,3,0,234,786.722502536743,0.0,233.27380841068413,0.0,0.0,0.0,0.0,0.0,0.0,227.3460346576063,0.0,23.943674805465893,0.0,0.0,0.0,251.2897094630722,1019.9963109474272,-768.706601484355
WECC,WECC_offshorewind_class12_moderate_floating_1_1,3,1,235,934.5304332560574,0.0,271.77128835868336,0.0,0.0,0.0,0.0,0.0,0.0,393.11744538745427,0.0,21.7287734780009,0.0,0.0,0.0,414.84621886545517,1206.301721614741,-791.4555027492858
WECC,WECC_offshorewind_class12_moderate_floating_1_6,3,6,236,957.9055862427315,0.0,280.69553722891897,0.0,0.0,0.0,0.0,0.0,0.0,379.5009243227336,0.0,25.292175323862956,0.0,0.0,0.0,404.7930996465966,1238.6011234716505,-833.8080238250539
WECC,WECC_offshorewind_class12_moderate_floating_1_7,3,7,237,842.2781123154265,0.0,263.43007323475837,0.0,0.0,0.0,0.0,0.0,0.0,280.14416710395466,0.0,73.64705778587951,0.0,0.0,0.0,353.79122488983415,1105.708185550185,-751.9169606603507
WECC,WECC_offshorewind_class12_moderate_floating_1_18,3,18,238,794.9497197512563,0.0,236.44875025959368,0.0,0.0,0.0,0.0,0.0,0.0,237.60357976319733,0.0,32.004830770408105,0.0,0.0,0.0,269.6084105336054,1031.39847001085,-761.7900594772445
WECC,WECC_offshorewind_class12_moderate_floating_1_19,3,19,239,957.7857155057061,0.0,283.62612054310756,0.0,0.0,0.0,0.0,0.0,0.0,363.70924754231726,0.0,36.89208668864906,0.0,0.0,0.0,400.6013342309663,1241.4118360488137,-840.8105018178474
WECC,WECC_offshorewind_class12_moderate_floating_1_38,3,38,240,805.1704286217915,0.0,238.90133592026504,0.0,0.0,0.0,0.0,0.0,0.0,203.82860638046037,0.0,43.98199908874795,0.0,0.0,0.0,247.81060546920833,1044.0717645420566,-796.2611590728483
WECC,WECC_offshorewind_class12_moderate_floating_1_39,3,39,241,600.8612222825868,0.0,198.09203160451793,0.0,0.0,0.0,0.0,0.0,0.0,140.80305542319297,0.0,69.52888998398738,0.0,0.0,0.0,210.33194540718034,798.9532538871048,-588.6213084799244
WECC,WECC_offshorewind_class12_moderate_floating_1_68,3,68,242,812.2077980752575,0.0,238.73753445619909,0.0,0.0,0.0,0.0,0.0,0.0,215.86153614920667,0.0,28.176737101411735,0.0,0.0,0.0,244.0382732506184,1050.9453325314566,-806.9070592808382
WECC,WECC_offshorewind_class12_moderate_floating_1_69,3,69,243,615.9662998218975,0.0,203.16043146782,0.0,0.0,0.0,0.0,0.0,0.0,124.37922174925187,0.0,50.77730073365552,0.0,0.0,0.0,175.1565224829074,819.1267312897174,-643.97020880681
WECC,WECC_offshorewind_class12_moderate_floating_0_0,3,0,244,786.722502536743,0.0,233.27380841068413,0.0,0.0,0.0,0.0,0.0,0.0,227.3460346576063,0.0,23.943674805465893,0.0,0.0,0.0,251.2897094630722,1019.9963109474272,-768.706601484355
WECC,WECC_offshorewind_class12_moderate_floating_0_1,3,1,245,934.5304332560574,0.0,271.77128835868336,0.0,0.0,0.0,0.0,0.0,0.0,393.11744538745427,0.0,21.7287734780009,0.0,0.0,0.0,414.84621886545517,1206.301721614741,-791.4555027492858
WECC,WECC_offshorewind_class12_moderate_floating_0_8,3,8,246,957.9055862427315,0.0,280.69553722891897,0.0,0.0,0.0,0.0,0.0,0.0,379.5009243227336,0.0,25.292175323862956,0.0,0.0,0.0,404.7930996465966,1238.6011234716505,-833.8080238250539
WECC,WECC_offshorewind_class12_moderate_floating_0_9,3,9,247,842.2781123154265,0.0,263.43007323475837,0.0,0.0,0.0,0.0,0.0,0.0,280.14416710395466,0.0,73.64705778587951,0.0,0.0,0.0,353.79122488983415,1105.708185550185,-751.9169606603507
WECC,WECC_offshorewind_class12_moderate_floating_0_28,3,28,248,794.9497197512563,0.0,236.44875025959368,0.0,0.0,0.0,0.0,0.0,0.0,237.60357976319733,0.0,32.004830770408105,0.0,0.0,0.0,269.6084105336054,1031.39847001085,-761.7900594772445
WECC,WECC_offshorewind_class12_moderate_floating_0_29,3,29,249,957.7857155057061,0.0,283.62612054310756,0.0,0.0,0.0,0.0,0.0,0.0,363.70924754231726,0.0,36.89208668864906,0.0,0.0,0.0,400.6013342309663,1241.4118360488137,-840.8105018178474
WECC,WECC_offshorewind_class12_moderate_floating_0_68,3,68,250,805.1704286217915,0.0,238.90133592026504,0.0,0.0,0.0,0.0,0.0,0.0,203.82860638046037,0.0,43.98199908874795,0.0,0.0,0.0,247.81060546920833,1044.0717645420566,-796.2611590728483
WECC,WECC_offshorewind_class12_moderate_floating_0_69,3,69,251,600.8612222825868,0.0,198.09203160451793,0.0,0.0,0.0,0.0,0.0,0.0,140.80305542319297,0.0,69.52888998398738,0.0,0.0,0.0,210.33194540718034,798.9532538871048,-588.6213084799244
WECC,WECC_offshorewind_class12_moderate_floating_0_138,3,138,252,812.2077980752575,0.0,238.73753445619909,0.0,0.0,0.0,0.0,0.0,0.0,215.86153614920667,0.0,28.176737101411742,0.0,0.0,0.0,244.0382732506184,1050.9453325314566,-806.9070592808382
WECC,WECC_offshorewind_class12_moderate_floating_0_139,3,139,253,615.9662998218975,0.0,203.16043146782,0.0,0.0,0.0,0.0,0.0,0.0,124.37922174925187,0.0,50.777300733655544,0.0,0.0,0.0,175.1565224829074,819.1267312897174,-643.97020880681
WECC,WECC_trans_light_duty_1,3,1,254,0.0,0.0,0.0,0.0,0.0,0.0,0.0,0.0,6.317941769046686e9,6.8838034642281885e9,0.0,5.917687961144037e7,0.0,0.0,0.0,6.942980343839629e9,6.317941769046686e9,6.25038574792943e8
EIC,EIC_trans_light_duty_1,1,1,255,0.0,0.0,0.0,0.0,0.0,0.0,0.0,0.0,-5.742295368449156e8,9.738110654756547e8,0.0,1.4375556907897286e7,0.0,0.0,0.0,9.88186622383552e8,-5.742295368449156e8,1.5624161592284675e9
TRE,TRE_trans_light_duty_1,2,1,256,0.0,0.0,0.0,0.0,0.0,0.0,0.0,0.0,1.836839031574311e9,2.436431418027379e9,0.0,6.896296196598522e7,0.0,0.0,0.0,2.5053943799933643e9,1.836839031574311e9,6.685553484190533e8
WECC,WECC_comm_water_heat_1,3,1,257,0.0,0.0,0.0,0.0,0.0,0.0,0.0,0.0,8.403881371285486e7,1.2923521539847147e8,0.0,1.0343126135914862e7,0.0,0.0,0.0,1.3957834153438634e8,8.403881371285486e7,5.5539527821531475e7
EIC,EIC_comm_water_heat_1,1,1,258,0.0,0.0,0.0,0.0,0.0,0.0,0.0,0.0,-2.2150136473221046e8,-5.1683248818494745e7,0.0,2.934109909553238e6,0.0,0.0,0.0,-4.874913890894151e7,-2.2150136473221046e8,1.7275222582326895e8
TRE,TRE_comm_water_heat_1,2,1,259,0.0,0.0,0.0,0.0,0.0,0.0,0.0,0.0,2.3572770800000075e7,3.1118279225688968e7,0.0,3.848358226710833e6,0.0,0.0,0.0,3.49666374523998e7,2.3572770800000075e7,1.1393866652399722e7
WECC,WECC_res_water_heat_1,3,1,260,0.0,0.0,0.0,0.0,0.0,0.0,0.0,0.0,1.3377091081227444e8,1.8182493979802558e8,0.0,1.6635394394111874e7,0.0,0.0,0.0,1.9846033419213745e8,1.3377091081227444e8,6.468942337986301e7
EIC,EIC_res_water_heat_1,1,1,261,0.0,0.0,0.0,0.0,0.0,0.0,0.0,0.0,-5.1977899303372294e8,-1.8055034426948258e8,0.0,5.501304969033924e6,0.0,0.0,0.0,-1.7504903930044866e8,-5.1977899303372294e8,3.447299537332743e8
TRE,TRE_res_water_heat_1,2,1,262,0.0,0.0,0.0,0.0,0.0,0.0,0.0,0.0,5.382432529706323e7,6.826009201322341e7,0.0,5.823231015038174e6,0.0,0.0,0.0,7.408332302826159e7,5.382432529706323e7,2.0258997731198356e7
WECC,WECC_comm_space_heat_cool_1,3,1,263,0.0,0.0,0.0,0.0,0.0,0.0,0.0,0.0,1.5503706278123975e8,1.9225261011904144e8,0.0,2.0045434995924905e7,0.0,0.0,0.0,2.1229804511496633e8,1.5503706278123975e8,5.7260982333726585e7
EIC,EIC_comm_space_heat_cool_1,1,1,264,0.0,0.0,0.0,0.0,0.0,0.0,0.0,0.0,7.263953018023334e8,8.78562218552175e8,0.0,1.0259280140117707e7,0.0,0.0,0.0,8.888214986922928e8,7.263953018023334e8,1.6242619688995945e8
TRE,TRE_comm_space_heat_cool_1,2,1,265,0.0,0.0,0.0,0.0,0.0,0.0,0.0,0.0,1.8191953983803904e8,2.1428087975021031e8,0.0,1.06081652597619e8,0.0,0.0,0.0,3.2036253234782934e8,1.8191953983803904e8,1.384429925097903e8
WECC,WECC_res_space_heat_cool_1,3,1,266,0.0,0.0,0.0,0.0,0.0,0.0,0.0,0.0,5.75961818121332e8,6.569595851404986e8,0.0,5.435454644680344e7,0.0,0.0,0.0,7.113141315873021e8,5.75961818121332e8,1.3535231346597004e8
EIC,EIC_res_space_heat_cool_1,1,1,267,0.0,0.0,0.0,0.0,0.0,0.0,0.0,0.0,1.7227617637602704e9,1.9324033098248527e9,0.0,2.497704249783671e7,0.0,0.0,0.0,1.9573803523226895e9,1.7227617637602704e9,2.3461858856241918e8
TRE,TRE_res_space_heat_cool_1,2,1,268,0.0,0.0,0.0,0.0,0.0,0.0,0.0,0.0,4.712065672654962e8,5.416433583574568e8,0.0,1.6374879117127636e8,0.0,0.0,0.0,7.053921495287331e8,4.712065672654962e8,2.3418558226323694e8
