BalanceComponent,Generation,Storage_Discharge,Storage_Charge,Flexible_Demand_Defer,Flexible_Demand_Stasify,Demand_Response,Nonserved_Energy,Transmission_NetExport,Transmission_Losses,Demand,Generation,Storage_Discharge,Storage_Charge,Flexible_Demand_Defer,Flexible_Demand_Stasify,Demand_Response,Nonserved_Energy,Transmission_NetExport,Transmission_Losses,Demand,Generation,Storage_Discharge,Storage_Charge,Flexible_Demand_Defer,Flexible_Demand_Stasify,Demand_Response,Nonserved_Energy,Transmission_NetExport,Transmission_Losses,Demand
Zone,1,1,1,1,1,1,1,1,1,1,2,2,2,2,2,2,2,2,2,2,3,3,3,3,3,3,3,3,3,3
AnnualSum,4.941268388780642e9,1.7452424763439753e9,-2.0654550685808303e9,6.042912624265803e8,-6.042912624248357e8,2.0119197678632033e6,6.022387798682176e6,-3.061962858909063e6,-1.1250105512659017e6,-4.624903131e9,6.866745928893061e8,4.886313042867249e6,-6.026513418190454e6,9.091520685625133e7,-9.09152068545035e7,380912.7561395668,1.3027448050759437e6,-10686.601636793532,-317176.4286100718,-6.86890187e8,1.3781535800705929e9,6.915033645478252e7,-8.423577690247843e7,2.1300417681926462e8,-2.1300417681748918e8,567933.6439014579,1.6748224410686304e6,3.0726494605458598e6,-807834.1226558296,-1.367575711e9
t1,213062.2667782473,276026.700048405,-0.08243480611359387,27304.758187440377,-69136.56796002103,0.00010642677823819859,1.0201450261042783e-5,-1230.1518899709397,-39.92283971038184,-445987.0,90482.56983198102,0.012022345225465237,-0.013725564139715648,6518.197325145362,-27956.84440687596,9.842998244349405e-5,1.0527738599186731e-5,1229.9921767421165,-39.913327913177,-70234.0,133479.27694009143,16513.2295701529,-0.04996968249357844,20635.062077536422,-8945.66892757828,0.00010262998016446817,1.0621698528359398e-5,0.15971322882329425,-0.009511797204835791,-161682.0
t2,211298.7791562042,241717.97179244916,-0.08125630170570583,19239.978269038136,-54608.55757513901,0.00010603945886176772,1.0209080943389176e-5,1229.8323554298195,-39.9228516616,-418838.0,89667.07006708045,0.006168317912335965,-3993.3295142915617,3196.852313153985,-21892.693991954417,9.354514142952932e-5,1.0425730802252485e-5,-1229.9917946494722,-39.91334688796542,-65708.0,130686.87893125051,15375.238749070306,-0.04979736084840945,14094.092126647072,-13252.310051623745,0.00010193270787232262,1.0623296845070956e-5,0.15943921965275934,-0.00950477363458202,-146904.0
t3,197828.38813141908,228133.328128764,-0.08196300089039324,14917.907354746621,-42344.452472332414,0.00010569491221166811,1.020976855160795e-5,1229.833546449547,-39.92283556801975,-399725.0,82316.35011507261,0.13216133016341708,-3127.707935987864,2403.2943405695455,-17652.16301326367,9.326966497168803e-5,1.0412907238156885e-5,-1229.9924085847342,-39.91335803392061,-62670.0,124454.4624891505,15599.49253294875,-0.049772119670375634,9888.284467118201,-14230.339208719744,0.00010137679458857664,1.0618049650740461e-5,0.15886213518728964,-0.009477534099138417,-135712.0
t4,195667.9930114379,213060.54930917078,-0.08166728273970202,12785.972752343409,-31632.344754285787,0.0001055213160497777,1.0211893831923693e-5,1229.8340540911665,-39.92281508025031,-391072.0,71695.06145820057,0.13518666578312502,-2535.531567308726,1925.0807014590969,-9351.840097824532,9.300693460775598e-5,1.0403467099897534e-5,-1229.9924216817308,-39.91335805972486,-60463.0,120497.47540723423,15596.468578399414,-0.04973097317506725,6280.575921601125,-14759.619193603467,0.00010090893234644953,1.0610775408474292e-5,0.15836759056434702,-0.009457020525455988,-127615.0
t5,189836.06071233528,208571.48568104877,-0.08315459145081415,11342.12318685669,-22950.498447375045,0.00010517771680595967,1.0188652359718796e-5,1229.83470759333,-39.92279510891839,-387989.0,66317.80789793105,0.1357522346201969,-1668.3556878214763,1826.603135002691,-5146.285458103263,9.272218856942993e-5,1.0360459515543135e-5,-1229.9923800894155,-39.913357494108,-60060.0,119274.75268956428,14859.150534107246,-0.04997102347083508,4692.977732567839,-16765.979326174373,0.0001003719275233643,1.0564990987735393e-5,0.15767249608550443,-0.009437614810394259,-122061.0
t6,228817.6913388186,160165.735200653,-0.080449231123173,16551.43927929426,-13245.696857953619,0.00010590105443331613,1.0250576788036922e-5,1229.8341827578647,-39.922804249913575,-393479.0,60398.740701373456,119.34075736367187,-105.21743662396167,1936.6205698932374,-1046.579351712075,9.292058194592846e-5,1.0446714136779471e-5,-1229.991986763211,-39.91335266541285,-60033.0,116682.18070452509,14432.769903239485,-0.04925187841377735,3390.6735855517854,-15722.723400371127,0.00010065301707371458,1.0633820200531641e-5,0.15780400534621378,-0.009451584500720454,-118783.0
t7,362878.2968647273,20927.37006465878,-0.07850117055789321,35806.23777018489,-7118.785920458665,0.00010576930003063038,1.0297264488989126e-5,729.6521686801555,-23.692557215800896,-413199.0,53735.22056710218,4993.783558102811,-104.9885309420241,2946.484429032248,-0.009883447409661256,9.533920135797796e-5,1.0502024484498578e-5,-729.8070420583405,-23.683199486517452,-60817.0,108256.36271338206,15306.052037309002,-0.04902909770850147,3446.4444392676387,-9308.9557830339,0.00010045556885664568,1.0625713718532008e-5,0.1548733781850105,-0.009357729283443545,-117700.0
t8,598122.3869664334,0.07364077850563291,-126864.34447252528,47138.558716465195,-58922.43539117277,0.00010633404266348444,1.0340475103019154e-5,-1514.9418910959089,-177.29768022734498,-457782.0,55517.85635476303,3788.623426791415,-105.14766121755552,5756.767544815618,-206.19661984123243,9.327986575228755e-5,1.0431472650347902e-5,-1229.9898925593352,-39.91325244631106,-63482.0,102217.47672710216,15303.709497750902,-0.049620921057758574,4169.468282875561,-6286.15234891367,0.00010030773494601426,1.0614636972580464e-5,2744.931783655244,-137.3844277810339,-118012.0
t9,849277.657870568,0.0823913111154149,-349203.54280972487,61526.74389526808,-49341.68202475113,0.00010704462723991528,1.0348228750627766e-5,-1514.9605323587214,-177.29890260141562,-510567.0,71448.96316504123,0.13624138399353344,-2966.6077824826243,8646.662248424323,-4093.2490945678364,9.393757896580845e-5,1.0408120224432829e-5,-1229.991532976804,-39.913345105356505,-71766.0,100573.0859196894,14204.822925086653,-0.04274720937635952,9500.611002278838,-3683.0437139913524,0.00010059372164807874,1.0605494182314718e-5,2744.9520653355253,-137.3855574960591,-123203.0
t10,1.11604867694114e6,0.08681683446982072,-571907.7016767618,63482.99892778904,-55701.71293599403,0.0001084851320863294,1.041186640928864e-5,1231.6505198611437,-39.99870620777561,-553114.0,87807.74175484698,0.13430381269160915,-3227.918548798422,8169.644794219443,-12751.69709008901,9.441841777131937e-5,1.0389286752708069e-5,-1229.9919671370944,-39.9133468076116,-78728.0,123895.93021325633,0.1268852563426498,-3493.697415454211,18235.568182140454,-5147.184058849422,0.00010020652710026392,1.0573647090209402e-5,-1.6585527240491855,-0.08535940016401197,-133489.0
t11,1.3019478021626582e6,0.06139786163468375,-718844.9765070232,68467.06076791039,-59073.63092860476,0.00010965458296826911,1.0411193600423313e-5,3974.983318197035,-177.30032522097366,-596294.0,94473.8695094696,0.14141641416885123,-2571.060274931234,7925.54285119115,-14765.5882491655,9.47655793547673e-5,1.0461010141295158e-5,-1229.9920045260933,-39.913348905449475,-83793.0,157473.91524911846,0.02097768190206737,-25178.800963234204,23340.454586436284,-8750.211663938626,9.881498534347627e-5,1.0543116373972222e-5,-2744.9913136709415,-137.38697631552418,-144003.0
t12,1.4042438813397388e6,0.06216764006438973,-766115.1703406424,79456.86229226456,-77275.31837366501,0.0001098105530592253,1.0399551831703857e-5,3974.9831210166644,-177.30032122948253,-644108.0,94628.35314646532,0.13480345699444318,-1915.8394153143167,9374.815544315157,-11432.558809499422,9.51687115243777e-5,1.0459592492789778e-5,-1229.9920196249404,-39.913350770388085,-89385.0,164007.74535075037,0.16719970846980584,-25251.476612953047,22992.820546538267,-9106.87851577652,9.882125560191257e-5,1.0527444673924282e-5,-2744.991101391724,-137.38697045909444,-149760.0
t13,1.431494914639097e6,0.06067669617253115,-750944.1388348948,91028.14150371696,-91280.66110895338,0.00010991419437859805,1.035307465328964e-5,3974.9833403088314,-177.300330447995,-684096.0,100278.32506653952,0.1407378386108917,-1216.3778172225982,11368.100726331777,-13059.283416420983,9.528011916919252e-5,1.0432269572612386e-5,-1229.992044955973,-39.91335319500881,-96101.0,191355.08391126135,0.17759076589627323,-25372.939444772972,18903.139844620222,-27889.083732631894,9.884851844072199e-5,1.0506213753675656e-5,-2744.9912953528583,-137.38697725298618,-154114.0
t14,1.3747959124952038e6,0.06418409252310492,-673202.5528942446,96471.28027078955,-97867.387559419,0.00011153122679732362,1.0418610862375856e-5,3974.983726675866,-177.30033891388308,-703995.0,101159.6992422745,0.14253348292859308,-630.9166464667624,13263.532034172076,-11839.551557799852,9.562138806011675e-5,1.0428762496923508e-5,-1229.9923464108942,-39.9133607354057,-100683.0,209654.22847535284,0.18231333785722015,-25251.45249581957,20885.666270145826,-39940.24630825295,9.905974854124094e-5,1.049844791631967e-5,-2744.9913802649717,-137.38697817847736,-162466.0
t15,1.2517214740080142e6,0.07834999291999874,-513018.4159682485,99449.46501492588,-124111.285015421,0.00011078751833072895,1.0386968001958294e-5,3974.9838363478057,-177.30034107985213,-717839.0,108080.04246564185,0.13924582672125818,-722.425738907511,13279.876174112203,-16714.726456231954,9.568961687403536e-5,1.0419066483132359e-5,-1229.9924289341373,-39.91336278563596,-102653.0,218239.67790027813,0.1840699296443755,-25188.090724527246,24380.505243908745,-43638.89820767481,9.938474877862119e-5,1.0486835123255994e-5,-2744.991407413668,-137.38697829421616,-170911.0
t16,1.0651637511214034e6,0.08707278877449544,-260074.43680381088,116998.74532690908,-177277.83105223882,0.00011126193320848799,1.0316244984949212e-5,3974.984571574074,-177.30035244543336,-748608.0,109124.13208428978,0.13679692799947485,-574.3654949049762,15139.544081949622,-17503.54119014826,9.541607511455306e-5,1.0420102805203564e-5,-1229.9930067720397,-39.91337222942683,-104916.0,216048.1057754683,0.18776643900537615,-25039.664614247227,27003.253348171245,-38953.50383480972,9.967926049134077e-5,1.0507942827607612e-5,-2744.991564802034,-137.38698021600655,-176176.0
t17,836344.288782675,0.1012854561884105,-13363.371532204083,150564.58530325003,-186973.299037337,0.00011163991681979315,1.0354722881660633e-5,1514.9954783123421,-177.30039599085373,-787910.0,108193.52838383897,81.68901269739278,-0.012758843532083763,19803.67751665218,-18948.965017650593,0.00010417574906055326,1.0630683492824448e-5,1229.9961678722348,-39.91341423425641,-110320.0,207590.2624620355,0.18749376188304853,-24498.77964803679,29326.71684582105,-30106.008629332882,9.974964475244778e-5,1.0475809741546226e-5,-2744.991646184577,-137.38698175659732,-179430.0
t18,568420.5394431993,115266.57620623766,-0.06158140939479266,204894.27182033722,-81582.0223675046,0.00011161256447657204,1.024177509911874e-5,1514.996790627077,-177.30042735594373,-808337.0,113470.79698406403,82.96790533476401,-0.016305918747847575,24620.69188796953,-22772.5232968395,0.00010471171596914345,1.0622179813758063e-5,1229.996123553334,-39.91340848168075,-116592.0,214487.3896732039,0.1882359658706671,-23129.53458961177,34779.22933027416,-34483.892820805915,0.00010005875698734193,1.0473959694436356e-5,-2744.992914180411,-137.38701887426296,-188771.0
t19,321139.600386708,334334.19741901505,-0.07272430412007833,183310.1496057634,-78032.570632149,0.00011162008273101695,1.023171858744437e-5,1514.996258529985,-177.30042977309049,-762089.0,105787.56303936568,83.17077968325103,-0.021359168902711063,29547.016735334306,-17594.812356867937,0.00010501559657258788,1.0613217612184096e-5,1229.9964679491495,-39.91341682564982,-119013.0,238576.28902054098,0.17319636130749946,-21906.93967049249,44451.8632910145,-53017.00620273299,0.00010093228784870664,1.0478622143145654e-5,-2744.9927264791345,-137.38701294744067,-205222.0
t20,147923.68662352004,472843.48696875584,-0.07916135465696196,121870.82242283337,-79951.56636758392,0.00011046096237200944,1.0246799514057188e-5,1514.9479250869015,-177.29852683348267,-664024.0,90994.7157607746,83.1342212733694,-0.03548778331879469,28514.26561226229,-11468.16330724752,0.00010447997625424337,1.0623370458283648e-5,1229.9965081932548,-39.91341798595433,-109314.0,223535.70756371788,0.09356661949915356,-1132.7763943399036,57213.77499408767,-56938.470295226376,0.00010346941621156301,1.0536088529411368e-5,-2744.9444332801563,-137.38510884752833,-219796.0
t21,106675.31652728516,482133.5753616121,-0.07785177423425761,85403.03914255352,-73046.77315406218,0.00010942443571360929,1.0227353105245925e-5,-1230.1571907812147,-39.922949065548835,-599895.0,73751.25147083352,2742.6126405673967,-0.008719040790140764,18942.849044392748,-2320.788468120998,0.00010686811993361387,1.0703741317247743e-5,1229.9973540137025,-39.91343544287759,-94306.0,181762.7256428129,12209.314312916085,-0.048255452198046396,62046.972147973036,-35564.11427991746,0.00010455211898303951,1.0568685268345516e-5,0.15983676751223277,-0.009513622671245163,-220455.0
t22,111297.79442226102,463467.9878882388,-0.07785023984633561,68547.38394170659,-76705.00722581832,0.00010848644998687685,1.0210691542212784e-5,-1230.1582857386054,-39.92300398213819,-565338.0,68456.04502639592,4391.899114177083,-0.008840624760934848,14279.560747349356,-455.58006346026116,0.00010630709385794663,1.0673437313110479e-5,1229.9973390099224,-39.913435253666115,-87862.0,154849.6740811773,12554.045830863026,-0.04910975940736017,46550.82553724025,-20427.64782541642,0.00010360548396460761,1.0589074867505643e-5,0.16094672868293966,-0.009568728472077532,-193527.0
t23,129532.35880225027,422536.4390864079,-0.07844426855692374,52003.84304469513,-79109.48444878342,0.00010757756895289671,1.0203018747186231e-5,-1230.1552710956983,-39.9228819131916,-523693.0,65244.522620146075,4498.445598014085,-0.007219045119109119,11598.278610937534,-732.3235651260661,0.00010552271513251765,1.0625205510302187e-5,1229.9972774430637,-39.91343394468725,-81799.0,151472.70143058474,11724.339987509973,-0.049682940399713924,27714.57051273745,-23949.71090008142,0.00010259478297468513,1.0562908699402411e-5,0.1579936526344615,-0.009447968504355425,-166962.0
t24,150617.15994854452,376154.79760687624,-0.07971840993057419,38998.08407652209,-80270.88125779925,0.0001065644072322304,1.0186558359579472e-5,-1230.1577610938818,-39.92300617594397,-484229.0,75457.01837841241,82.90057591653722,-0.00795963750295833,8609.717701998063,-9887.711903631076,0.00010211926763836758,1.055342392234321e-5,1229.9965171747797,-39.91341834381,-75452.0,148910.86817643038,11639.931054370214,-0.04991228777240692,22630.838255923572,-25686.739338191335,0.00010215324569806328,1.0597755352849503e-5,0.16124391910212832,-0.00958783213396554,-157495.0
t25,153244.15976748097,213622.93792377846,-0.10460028966112726,28725.822609465402,-72292.39529193203,30921.58534137985,107295.00616983336,-0.006351792427526967,-0.005562223698807934,-461517.0,67165.5262653663,105.05892990542344,-0.08496203096907126,5221.229955212841,-31668.758740871224,4765.195790350728,25534.832870359343,0.0026139596274455876,-0.0027180778643700098,-71123.0,117018.90456245217,13187.273229279028,-0.08333266680138612,20358.839236427615,-40784.59806531548,10716.870976487935,39456.79250586728,0.0037378328000813796,-0.0028441458344379243,-159954.0
t26,161658.29459493884,178010.1709120142,-0.10783866022229044,20099.067159868016,-57122.89181325068,29036.338976792118,101698.13813777838,-0.004568938988461734,-0.00555481248032952,-433379.0,66538.04678046539,105.05519604400381,-0.0852765509499587,3387.7054393747376,-18676.423622515387,4422.891460418492,10236.811371241967,0.001365339846070672,-0.002710040864284206,-66014.0,115592.95032551102,13571.446981799885,-0.08359712140450917,14235.662511755869,-49228.92179474996,9697.800726605945,40875.144493589316,0.003203599142391062,-0.0028447716160453144,-144744.0
t27,160756.29567674262,157795.84201923723,-0.10957238228121297,15939.712451290536,-44539.53000549836,27766.956708983704,96713.84199846436,-0.003726577389554942,-0.005544617234201958,-414433.0,65189.82542829971,105.05503487645714,-0.08598112480877669,2459.9509990890842,-14203.63675495747,4209.898105471614,5073.995603600437,0.00027087891210426235,-0.002702414089304399,-62835.0,107814.8164945052,13862.451178395551,-0.08350965770883141,10109.98651562662,-47602.48136616215,8943.916875254248,40363.3932044799,0.00345569847745068,-0.002842203144897559,-133492.0
t28,155188.18460030662,150594.9649264023,-0.10867131821836121,13677.801945914634,-33438.74356486606,27312.427863087152,94314.48303606044,-0.004587948094138518,-0.0055418246381588945,-407649.0,58164.13525218054,105.05435282210972,-0.08677499946155945,1795.447058111104,-8477.85865013717,4060.4881155250296,4957.822927236393,0.00042219345262271835,-0.002699268903292782,-60605.0,100693.97625282632,13099.150794070938,-0.08300260306321214,6904.502935718024,-35134.014761237,8403.360779895538,31457.1056837616,0.0041657546415157995,-0.0028425557348661125,-125424.0
t29,148855.37727889654,151518.30822606225,-0.10708015301050487,12180.916873047106,-24330.582890606172,27440.062378102622,93890.03428786669,-0.0035305501944597473,-0.005536908649588935,-409554.0,49460.269228373865,105.05309919864145,-0.09095790533076446,1657.371401267686,-4629.384442758133,4055.730949089399,9885.053519770687,-9.911039036401836e-5,-0.00269449096349047,-60534.0,95692.32343043956,13808.905137537826,-0.08278943524792914,4614.004094462325,-23326.088102819514,8044.106252811165,21228.831195351748,0.0036296605848237656,-0.0028424176860984652,-120062.0
t30,176687.88611139116,132485.8024400646,-0.10138239553279035,18285.288775168614,-14071.73538384759,28572.8989452884,84501.97191879358,-0.005877118554606972,-0.0055411895607654586,-426462.0,42736.3231186724,105.05519573590864,-0.08827017185815995,1475.3574985517987,-3329.226121127859,4136.801392102622,16619.778269431838,0.0016202851380614572,-0.002700101436570658,-61744.0,90069.01011206863,15530.037343195789,-0.0813348060244366,3299.7512514032633,-13759.98630169069,7816.0387798465135,13703.228739574903,0.004256833416545515,-0.0028410881241948006,-116658.0
t31,302834.43329462316,46831.65467058781,-0.10264125669899087,40710.879697100456,-7195.6302760440085,31137.323862637062,50418.4517683566,-0.0048225207389960174,-0.005547242688093179,-464737.0,38465.927927406694,105.05283065018182,-0.09218649054808799,2291.503500364466,-3178.9386756233116,4327.349038528406,22577.198934656764,0.001333160838557168,-0.0026992749913906057,-64588.0,96633.73736550394,13862.112940826986,-0.08054828294151013,3354.5964279673954,-10647.259651485068,7810.410066627141,5560.482762760091,0.0034893599004388494,-0.002847967696702573,-116574.0
t32,524515.7113025697,676.0723110685349,-14016.657887004934,57205.76321482804,-51116.409450743406,14238.578139159836,0.030512019231590557,-3974.7945326610325,-177.29360339352195,-527351.0,36663.798692669945,105.05215263990117,-0.09471138113175226,4762.158664303503,-3989.629493760864,4600.91004291541,25338.794755556482,1229.9215971146252,-39.911696537174564,-68671.0,93126.38569122774,14555.856185800356,-0.07879123762416125,4166.687693741256,-6312.719081749597,7957.675508179981,2670.701770628738,2744.872935546407,-137.38190685634737,-118772.0
t33,800641.4119896118,676.0856754535974,-229406.1770561433,69660.84021368319,-65926.90444635661,15858.605646484151,0.03050859731844845,-3974.6080733577,-177.28445247159436,-587352.0,50111.36918174256,105.05408739866621,-0.09072123323730782,7889.119051791491,-6172.078847221619,5161.23060382017,18749.386684433826,1229.9216593914464,-39.911696376305045,-77034.0,112333.66239037615,676.4082420241234,-0.05272778338155419,9646.703910025135,-6325.152346313343,8544.438275613033,46.678603895284965,2744.6864139662534,-137.37275609528933,-127530.0
t34,1.0534622096892025e6,676.0638700876525,-445028.62198107375,71023.23303124141,-70201.04495863536,16962.36421366555,0.029481730263613,1515.0652237045258,-177.29856379628654,-628232.0,59245.496887147216,105.05101290470873,-0.09731334389007555,8732.820630742908,-9371.515611393566,5582.459113248709,17836.77489062832,1229.9220983255293,-39.911703971099364,-83321.0,140215.26260322297,218.14079321081044,-10036.773412454088,18636.180526667016,-5511.479256639163,0.03803395252203983,0.004899462950752299,-2744.987322030055,-137.38685982518717,-140639.0
t35,1.2612123460261363e6,676.0701787065179,-617469.2628564996,76831.92806111528,-70624.4944345773,18091.6161901193,0.030412084554524273,1515.0650030846539,-177.29857398677544,-670056.0,64032.379692157534,105.05214915675649,-0.09973408623338069,8407.758764448774,-12214.250373170824,5906.874043428248,20735.274597338383,1229.9225724744153,-39.91170740098904,-88163.0,170771.2463800078,228.89310556576976,-27119.45287527528,24885.70989315749,-9555.06310687875,0.036252570281261824,0.004798903386299301,-2744.9875755590692,-137.3868665857864,-156329.0
t36,1.3802529124090888e6,676.0666476874629,-686730.2428725612,88551.2886829224,-85680.2004453198,19380.379594985883,0.029916598354783473,1515.0646560124342,-177.29858334572432,-717788.0,66098.78156064718,105.04936928911063,-0.13775418589594443,9804.853060816915,-13246.319446356649,6281.136755875438,23515.625251543206,1229.9229238367052,-39.911717343384645,-93749.0,184933.16910727552,228.98621450219403,-26874.36116302272,23420.350295647113,-15246.810419620471,0.03576363077841571,0.004653517192192273,-2744.9875798491394,-137.38686600233967,-163579.0
t37,1.4132357971481662e6,676.0680503598704,-676980.685355373,100380.08010886027,-99908.63950407483,20499.583454063242,0.029731577278101717,1515.0649548808697,-177.2985826209157,-759240.0,69775.16262988532,105.04776279688717,-0.10574435319727869,12686.889136564092,-13319.587861593263,6736.474496277591,23371.108606611015,1229.922693031201,-39.91171484494135,-100545.0,210320.00516546814,229.1111186108705,-26713.813545842968,20460.145587750863,-32610.11397698815,0.03557810315909572,0.004594577905321546,-2744.9876479120708,-137.38686777597437,-168803.0
t38,1.3641041546683698e6,676.0698980480499,-599932.7194667407,105317.25422720196,-111122.61846251135,21100.062783119105,0.029533314431543882,1515.0654001458852,-177.2985751068864,-781480.0,73505.98993537376,105.10925291380353,-0.07187272217039026,14680.588975115368,-13051.931042141616,7097.145134010679,22401.15898760186,1229.92234084675,-39.91170661731626,-105928.0,229232.76695961607,229.06356037265078,-26633.129391965227,23180.055282169247,-43925.42219287323,0.03582518538570289,0.0045730533322792186,-2744.9877409926353,-137.38686848957013,-179201.0
t39,1.2379023734004665e6,676.0717365563048,-423499.1961715281,108544.10902939952,-149193.21957219328,21527.065291866456,0.02921197226646355,1515.0656582019785,-177.29857867022315,-797295.0,76415.51737803372,105.07217518640303,-0.07370239347009679,14923.390066953556,-13114.60292414382,7270.072998212044,21719.613484572306,1229.9222325991498,-39.91170452966699,-108509.0,236399.41310660393,229.0891058081619,-26601.201908745465,27405.818475017,-44627.78472118426,0.036161002518334706,0.0045525174713307755,-2744.9878908011283,-137.38687414055616,-189923.0
t40,1.0109705655285437e6,676.0613416823675,-112182.41493691076,127000.0861982578,-221087.89636974252,22385.80163091512,0.029449780478644678,1515.065743345816,-177.29857980181632,-829100.0,73691.51250206261,105.07201186830076,-0.07341187712376719,16847.622885181787,-9784.721739210798,7461.961855311749,21861.615265809003,1229.9223401278796,-39.91170478290181,-111373.0,234190.18424501782,229.20946483320267,-26599.05815436281,30975.35494348101,-38133.35694367839,0.03678495376438337,0.004624893299017927,-2744.9880834736955,-137.3868750189145,-197780.0
t41,737733.5843846843,12365.236294556267,-0.09067251333675012,178975.13432622296,-133796.35614313962,58264.07983368566,13464.814866178533,2744.9867566078337,-137.3896396720503,-869614.0,72475.21962417602,105.06419801334214,-0.07494778131553971,22217.415836829736,-7769.631417209714,7835.821805120442,22089.184626918814,0.002993539307043089,-0.0027151497980727277,-116953.0,241974.5397539457,229.2974444101643,-26652.89414351152,33077.81319399171,-42071.421687796304,0.037461196811607464,0.004659194780001913,-2744.989750147141,-137.38692452225223,-203675.0
t42,498427.1167806379,128870.54525117236,-0.08506005855688956,215836.60221715624,-91600.96528480966,59719.660721146385,77478.52817940181,2744.9868546309567,-137.38965238302765,-891339.0,80732.52131529416,105.06161356395728,-0.07475402253902187,27417.75501669463,-13367.660534541443,8212.027043520506,19468.370327173485,0.002708726106032691,-0.0027321805236617883,-122568.0,240082.62193654475,230.64534182690312,-21723.831353684393,41335.94517425724,-42322.04940140648,0.03997697309043542,0.004815836879905639,-2744.9895633570627,-137.386920202504,-214721.0
t43,269793.1560101744,305925.5190677435,-0.08998294268851265,194603.63741520143,-93142.97599722695,56011.344009632616,102800.41559665244,-0.0005561727427760878,-0.00555645062280907,-835991.0,64030.946285753715,105.06093325118053,-0.07502329482931794,34351.4683494807,-4679.941407362196,8342.40906500095,22364.132573931594,0.00196544485406816,-0.0027381443706459858,-124514.0,208116.876072454,3472.7181359831143,-0.08180185231981296,53955.291299321485,-49646.24093272604,15582.60114529849,1095.8403163719427,-0.0014092721112920724,-0.0028183062521630843,-232577.0
t44,129293.32382304921,395138.77551037667,-0.10376597151305098,129700.08507671338,-94609.6404352709,48684.75837636786,118431.81357937063,-0.006574822559298598,-0.005583259979557177,-726639.0,58209.94188747915,105.05948327709746,-0.07673797690090439,29109.492807180817,-5446.975801145876,7686.210761859554,25056.348339256627,0.0020012619216841707,-0.00273727323122234,-114720.0,169492.08026655484,13237.457426709201,-0.08263992908034383,69091.19049719437,-37780.2849562902,16661.17638056728,17973.461304863948,0.004573560637614427,-0.002845986748334837,-248675.0
t45,86722.32904468144,394517.6616774924,-0.10598331380563014,92377.34632223251,-83321.67614830367,44135.861132350336,124313.59730363307,-0.007748401389614763,-0.005593959573675745,-658745.0,65024.80117648828,105.0605263391503,-0.07695320126450897,18301.01274526534,-16313.816588078722,6706.134747233763,26268.884678984832,0.0024095727865808755,-0.002738059245288341,-100092.0,122548.83923179879,13647.702164051247,-0.08306730992386951,80082.80095218225,-13265.432071977046,16635.851657093426,28647.318658220895,0.005338828603033887,-0.0028559003283874034,-248297.0
t46,93280.15596085707,363883.8695133994,-0.10548790114787746,73164.92194968973,-85702.34247717533,41013.86123648531,126507.65248522323,-0.007588357678293963,-0.0055860365325873405,-612148.0,55759.357525775464,105.05813769093422,-0.07742957910601567,14172.416529267015,-11324.25037813033,6299.980570416289,29017.515688647243,0.002088474506621911,-0.0027287591618922885,-94030.0,97132.41878261654,14524.360922755397,-0.08413168842180288,59874.384152562445,-9530.583365762734,14566.824847125608,40848.67615683021,0.005499883171672052,-0.002857277370695052,-217416.0
t47,112058.49375053211,319020.57770696905,-0.10362354981006597,54228.55725149984,-87352.74706370199,37297.50480530364,121427.72933825466,-0.006589088574158842,-0.0055699216011249175,-556680.0,58571.188763968195,105.0575759822627,-0.07747137636434048,11201.4443255505,-19124.41455992274,5806.72628802563,30108.076335928297,0.0014618226454405706,-0.0027165156029527104,-86668.0,86883.22770886644,14463.882930260987,-0.08431647537576607,36430.48389757471,-10872.689588439109,12509.120790881325,47290.056310402084,0.005127265928718271,-0.0028534059981722075,-186704.0
t48,119480.74442333564,280318.31986844575,-0.10611800461441456,40411.76016865038,-86052.47658212252,34053.09634470693,120044.67378023441,-0.0063131540506774116,-0.0055658222908893905,-508256.0,58641.88267695846,105.05742858229817,-0.07803342644204422,8745.910500227064,-26085.128160283766,5281.71414673669,32142.642542244645,0.0016167658688049785,-0.0027144502034159336,-78832.0,96457.36664371057,13052.186873844175,-0.08374049270988966,27967.46760869555,-19249.772258246732,11672.759410097571,44321.073623680306,0.004696388181872433,-0.002851372087473457,-174221.0
t49,125555.90110187489,277384.6009987707,-0.12115662526989604,33367.97713827576,-60573.95391020588,12165.83092342347,0.032652177672936045,-3974.011836802317,-177.2559070367078,-383749.0,19380.80242317186,105.09103794157751,-0.023075126652172828,8750.14744548052,-9871.062128111673,4241.698907547159,39512.401656138536,1229.8533832013031,-39.90964603829814,-63309.0,103528.74089631968,16420.957144524975,-0.08748013474915553,40498.412248058376,-40508.16318102812,11803.276960268622,41819.05122321886,2744.1584536010137,-137.34626099840966,-176169.0
t50,125292.90426711256,258511.69116515658,-0.12360794959031003,17656.971576891174,-56203.75464920467,11301.544261725157,0.032719866914695,-3974.0099293219537,-177.25580054573993,-352408.0,18375.12878815574,105.07853077134271,-0.02342225006995057,5167.464047614236,-11580.893750849564,3881.77489919726,40798.5268690501,1229.853691479743,-39.90964913573877,-57937.0,109406.8587466933,16159.9521577071,-0.0877054859363392,31091.13777455441,-51367.52074935725,10586.153982953634,39519.69571044668,2744.156237842211,-137.34615141000117,-158003.0
t51,112668.8657907729,257255.81001750025,-0.12248682516393744,12011.900415225928,-49673.84883546886,10929.62564029872,0.03266217117677315,-3974.007524601783,-177.25567539375362,-339041.0,18931.56663452748,105.07191503607058,-0.023738037144585587,2639.713816056277,-14067.053287990466,3614.91386453969,41539.86693532374,1229.8535058264865,-39.909641726878874,-53954.0,126050.2296086197,13593.657271023047,-0.08648272613156836,21047.19098736057,-61058.146750940934,9434.490886642523,29139.856499028916,2744.1540187752967,-137.34603366687475,-140814.0
t52,106341.40828319032,252071.82686855338,-0.12267069711019819,11533.059706746066,-42028.790681761915,10800.84403433708,0.03251935139693578,-3974.002619777464,-177.25543631734462,-334567.0,17263.23779499012,105.06711934789698,-0.023812980086271175,2151.885223692718,-12996.03815155019,3531.69981221958,41466.228482637816,1229.8531702776738,-39.90963520309392,-52712.0,130946.43272238155,13234.661932424377,-0.08605226905914373,11291.355078401664,-57112.02705214757,8428.618937009202,16405.240789815514,2744.14944949979,-137.3458011142507,-125801.0
t53,101962.81111604803,247362.09041481782,-0.12166610158643178,7361.487052489096,-32199.818664498136,10693.765595338513,0.03194424478105545,-3973.9909330195333,-177.25485569848496,-331029.0,14249.794758097416,105.05949486245488,-0.02463404345568888,1756.4390366991156,-10613.682090840295,3485.0007316790025,41842.46929843943,1229.8530432960038,-39.90963503546235,-52015.0,126698.04937003051,13575.381259927051,-0.08698072446548147,6095.293448146531,-45381.8154847802,7877.543201800136,6104.842520249691,2744.1378897235295,-137.34522066302262,-117576.0
t54,87726.62487087793,253336.50287584416,-0.12015209368355619,7169.450931566483,-20413.66565671089,10793.3834092904,0.03225422457329629,-3973.9554454249155,-177.2530840065191,-334461.0,14235.434108748526,105.05775201186006,-0.08554336256692044,739.0537603034954,-9102.34716213432,3445.8416875417115,40818.10215181018,1229.8528720655142,-39.90962383334696,-51431.0,124481.00882083787,10077.981209045589,-0.08373617868809133,5145.7307798844695,-36807.10735047579,7753.191727080881,2462.5194403889946,2744.1025733594015,-137.34346017317213,-115720.0
t55,133248.19400759388,204170.4091705405,-0.10959118460047972,12640.662743138206,-10964.679723090338,11105.625298359439,0.03170023342705085,-3973.884069825619,-177.24953194785473,-346049.0,11532.200831494943,105.05441095975827,-0.08995437474685443,1006.0262721449484,-5496.624879375129,3506.3379421190566,40491.15289546279,1229.8520786430245,-39.90959358221396,-52334.0,122130.36072351047,5061.699137389852,-0.08408332770701356,3632.8854312160083,-28589.13572064171,7610.0109439252265,1130.5715189682414,2744.0319911825945,-137.33993836564076,-113583.0
t56,326361.80537784763,12380.166680378203,-0.11566062225900348,20585.776083385375,-6017.0960602960695,11298.405454572863,0.031969940017219145,-3973.731861906107,-177.2419794205428,-360458.0,9662.38395245137,105.05151765337887,-0.09599244859926222,1632.75317861705,-2975.24992812043,3573.1348962634142,40143.08181755014,1229.8500937749134,-39.90953227732676,-53331.0,114466.36521100234,3452.1250424600394,-0.08459457050419082,2546.446263195547,-18976.163529320907,7517.5507049851285,590.2115850888307,2743.8817681311934,-137.33244714321606,-112203.0
t57,611726.447216244,676.0863993418711,-211249.19230403434,22989.1983611421,-42844.84349595369,10465.497653773213,0.01396519755198039,-3974.9098012044037,-177.29799043100112,-387611.0,14592.297107720144,105.05498891690742,-0.09744942260980352,2670.6767097602915,-2736.7880275160996,3740.229379116236,36263.57895730577,1229.961005399813,-39.91266770293141,-55825.0,104874.59379024978,3390.7462318312314,-0.06400363223935539,4362.180127170367,-9803.100729329542,7590.507691731678,269.57342279117887,2744.9487958045906,-137.38532272806972,-113292.0
t58,886073.761377766,676.0885217819712,-477642.0693286909,37497.876880370335,-33876.41612945739,11490.041411084343,0.013625806294698076,1515.0025325893753,-177.2988870375036,-425557.0,37685.67272724282,105.0516810480852,-0.1014110457380588,4351.364194516662,-2689.0311821951836,4058.8801816091395,15879.115210537744,1229.961279480497,-39.912676962522305,-60581.0,126517.99606825388,219.03586952670204,-8536.892539662213,6975.213286950806,-6346.948165443722,348.93724916013025,0.008257424124109108,-2744.9638120698723,-137.38621007498128,-116295.0
t59,1.0993959321744854e6,676.0914925247233,-669999.9553640139,52487.494132785105,-35894.051153231376,12431.750576812954,0.013634305065506206,1515.0240019178627,-177.29949105309146,-460435.0,54208.79025494974,105.04826545428227,-0.10537450211443795,6884.00203659185,-2823.0229370223406,4441.247790949508,2281.9915778766467,1229.9610657447229,-39.91267561208869,-66288.0,150752.65084667655,38.49459539598661,-27521.007836487228,10314.824908756782,-8110.629216173756,0.03391032499386003,0.004678984352757924,-2744.9850676625856,-137.38681544100277,-122592.0
t60,1.267334153444166e6,676.0889017771138,-802735.0180980623,64036.83531057723,-49922.61616741799,13339.818677660181,0.013550420082217357,1515.0238656655924,-177.29948006024307,-494067.0,63449.120952945676,105.0425459675033,-0.11566035091830153,8244.50198323838,-7647.739259451025,4765.324728400514,1018.8163802001224,1229.96100972856,-39.91267619527064,-71125.0,150728.99641049874,43.501725960708484,-26881.759033827155,17249.706376535447,-3153.111852532694,0.033471749518237635,0.004585356506089712,-2744.9848753941524,-137.38680386497242,-135105.0
t61,1.333547177689335e6,676.0901559461698,-824625.2300976787,76950.64661628351,-73113.97494951355,14284.552245366322,0.013476159082945489,1515.0243583481556,-177.29948925891875,-529057.0,70845.67835776255,105.0402587031194,-0.12806048568707146,9743.862431237249,-12090.678330568784,5080.75997698912,958.4170702079101,1229.9609772659005,-39.912676622760834,-75833.0,178390.19954364034,33.14976401192145,-27392.438300804817,20117.744219414115,-18990.31830894622,0.03079507556940617,0.004440510782882939,-2744.985335614056,-137.3868126361579,-149276.0
t62,1.2613821883006373e6,676.0833840894871,-742905.6214312807,84695.27712960307,-73029.59940744715,14766.932978990944,0.013362028306891096,1515.0251617597062,-177.29947342476845,-546923.0,73758.63165346613,105.0382440438141,-0.13592561881094478,11893.972238981834,-13370.46819586848,5356.867003770632,1020.0473624245915,1229.960278918694,-39.91265563418425,-79954.0,210941.39555011457,32.853489093746745,-27242.75100520587,23242.92074200033,-40579.081958164556,0.03101761419844011,0.0044276238759833,-2744.9854406784,-137.3868177905842,-163513.0
t63,1.095814025573603e6,676.0862466332361,-549111.4541912763,83272.77628905828,-94150.78527215538,14924.610899314132,0.013549671476742041,1515.0263524492784,-177.29944261304686,-552763.0,75077.08279760373,105.03587535537868,-0.15336721630556555,12312.23039855624,-14499.274824033439,5409.261123776678,1141.7714460263444,1229.9591810077623,-39.91262658719688,-80736.0,228986.54812175746,32.24148809122312,-27167.15214535233,28420.497001021315,-49963.7977112556,0.03120593493395219,0.004394021531015012,-2744.9855334570407,-137.38681602584998,-177426.0
t64,881364.5821320532,676.0959787935288,-284011.2653686015,83090.19640566298,-139223.67309603398,15074.323811263588,0.013154262641363055,1515.0264393071154,-177.29945196868593,-558308.0,74436.4792858516,105.03483907933374,-0.1659012261021652,12701.231350538144,-14224.580249783865,5432.243762809567,1438.710210347982,1229.9593418727547,-39.91263500085086,-81079.0,222082.03627171542,33.19204603977874,-27064.46360715665,35344.286706070954,-38719.71581994979,0.03244517794935643,0.004560838043935478,-2744.98578117987,-137.38681696783507,-188793.0
t65,597867.6312958966,676.1102955480343,-19759.1312885077,93576.92471791236,-120542.93269766652,15349.655697147598,0.01366758824755202,1515.0277286508936,-177.2994119498052,-568506.0,71939.99260260563,105.03210347929546,-0.1990356576214176,13363.619197592532,-13293.747140468704,5466.280500873208,2815.9761372825483,1229.958242233704,-39.91260322496306,-81587.0,225789.61247519043,40.33739197008953,-26794.002323426666,37955.47341956951,-39259.088510413225,0.03569299381679558,0.004638468751920205,-2744.9859708845975,-137.38680872484215,-194850.0
t66,326868.8558400617,151472.13251531278,-0.14171059616000764,109544.88145545652,-40783.62171206595,17147.029425721266,0.03244553484445967,1515.1277646921706,-177.29601975225762,-565587.0,65617.11095261476,105.02879747367427,-0.25673870767563495,14621.917681939187,-15339.905035516787,5532.946782782935,10855.218298303673,1229.8487803620849,-39.90951481904731,-82582.0,224319.34693907056,219.13771415502958,-21105.91030108785,40750.41057808262,-41021.30693727572,602.6769021794042,0.008159823128978361,-2744.9765450542554,-137.38650493321032,-200882.0
t67,182706.4568012296,318129.7443944823,-0.12452288507348838,110778.80522241996,-54077.604739218914,17300.8977072629,0.032407711856587626,-3973.954226926997,-177.25303974037084,-570687.0,51684.13560803172,105.02522006474823,-0.4926487372462704,13846.856194318565,-18131.03159646811,5383.002086085959,26266.561726376804,1229.8530500794957,-39.90963588928656,-80344.0,175202.62252930546,5495.823636227086,-0.07959116583282409,44812.80544239223,-40055.678602356944,13832.83661868782,4565.912199109211,2744.101176847501,-137.34340385108428,-206461.0
t68,151128.6002588216,369585.7015737454,-0.1246872446283168,114815.99333480513,-65611.93463476306,17643.009173167564,0.031889452656590475,-3974.02054706778,-177.2563560993868,-583410.0,27097.26858150988,105.31943655313904,-0.02071424906363341,18862.546279155627,-4162.234693168928,5599.654927574636,34884.522661189934,1229.8531782206321,-39.909653406553076,-83577.0,110565.04617666166,14828.118383839057,-0.08121972024595824,51831.65930585757,-23269.463433627676,14037.52513578295,38916.37499019096,2744.167368847148,-137.34670269283373,-209516.0
t69,142846.50820822938,367919.94416613743,-0.11917523407877402,104656.89157683353,-63277.95760146602,17155.980626628498,0.032192472611174264,-3974.0234836092422,-177.2565051957153,-565150.0,19613.313058573774,105.17796762164217,-0.021888949832477304,20568.814602377865,-962.0203643373411,5691.31097607594,38738.48134683726,1229.8539778000206,-39.90967281996546,-84945.0,64252.4327978736,17043.067035990836,-0.08656632451010732,58297.16883707849,-3079.741888758934,13814.417021631882,53251.920093957764,2744.1695058092214,-137.34683237574984,-206186.0
t70,153542.44739566947,336505.42069799453,-0.12272786564950626,86654.83601594943,-67224.78218781605,15943.446350251786,0.03199384685472201,-3974.0211524965434,-177.25638037236826,-521270.0,22295.1314737663,105.12822888268079,-0.02221309245331026,17048.265912858136,-2631.976054999044,5352.424973423355,36528.1031389244,1229.854222111551,-39.909678781096005,-79887.0,63951.33493028815,17153.074526577722,-0.09094591117119523,62629.57380206769,-2924.301106035616,14067.341068487722,52477.24750001704,2744.166930384992,-137.34670159127225,-209961.0
t71,157280.93824506755,303981.42362802755,-0.12491971482089982,69685.02924908361,-69085.88928647863,14590.866695628349,0.03178691826608859,-3974.019107598162,-177.25628542839655,-472301.0,22232.197534486957,105.10606776044797,-0.022826305633633498,14394.267871018594,-6842.207890437993,4894.9489423116465,37084.76586982315,1229.8541110461404,-39.909676468130776,-73059.0,61482.364474921655,17617.919651812805,-0.09251550204346372,59085.39134708444,-3125.0912010171364,13721.151251184467,53405.53860792467,2744.164996552022,-137.34660896026577,-204794.0
t72,153366.75865168907,278310.26443736244,-0.12355859840553281,51833.287253143906,-68157.94488210141,13270.002308937912,0.03146340336471311,-3974.0193521602073,-177.25631608913147,-424471.0,18377.854281791726,105.08755041298053,-0.024258388676803206,11451.287840763547,-8655.242538537634,4420.789902387254,39092.30303956611,1229.8538599031494,-39.90967468949041,-65982.0,54739.73541480649,17446.720860505262,-0.09250432249094058,49704.59193557731,-4241.444781656631,12740.33792005554,57158.33230809218,2744.165492257058,-137.34664139964107,-190155.0
t73,48936.40561969904,372072.8900455532,-2848.583756896851,23235.02038833436,-65771.62642522345,0.00019646697433980582,1.8682055193034233e-5,-2774.812544513049,-163.2935369682076,-372686.0,64275.42778307773,5.095517938935702,-72.82792990310513,2632.681727091773,-15754.286260879546,0.00017489753625539754,1.993817776967059e-5,29.815372609924736,-25.90639752328315,-51090.0,147760.5839559609,16663.462244870312,-0.013805817158806794,20174.136762577637,-48155.77942770729,0.00022294990881514232,2.0215284104594284e-5,2744.997171903124,-137.38713944492446,-139050.0
t74,49152.51781783607,361505.17559839145,-2797.5073588063756,18803.6200083651,-63835.19059718474,0.00019624186679435037,1.8690449091837105e-5,-2772.3182356972056,-163.2974426463977,-359893.0,61567.7592265866,5.342593050942518,-71.15342337046722,3487.6513327678867,-13493.010677490362,0.00017458182693492807,1.9896331841119098e-5,27.321064628504928,-25.910303516922525,-51498.0,145641.77894059327,16758.815565093424,-0.01380957670667661,14218.89029639063,-51043.08126062128,0.00022064182359013738,2.027699768057726e-5,2744.997171068701,-137.38713912947517,-128184.0
t75,49482.35309946801,351492.7813099446,-2734.938676629134,14243.64258242134,-62270.68678935418,0.00019598451399319722,1.8693789112147654e-5,-2766.8502988038863,-163.30143619373465,-347283.0,58229.42589238467,5.592522479942561,-69.41724896855,1883.7288100543537,-11393.268994171849,0.00017358765276848234,1.9876050634299546e-5,21.853128878591406,-25.914296986495458,-48652.0,147533.89254809107,16851.71096695794,-0.01366338327680301,12084.415844065254,-56228.61596121944,0.00021972585906595367,2.025564583200313e-5,2744.9971699252947,-137.3871392072392,-122849.0
t76,50452.47771345771,329015.28467673034,-2609.363239638348,14971.12081076655,-43392.71219988312,0.00019603777479948933,1.8674844544796684e-5,-2765.5000975200883,-163.307872753405,-345508.0,55123.277415577526,5.833073715546186,-67.62768086595717,1453.0666276121185,-8742.131818123114,0.00017290181024634389,1.977952633172073e-5,20.50293029008776,-25.92073352558336,-47767.0,147553.8467155938,16173.43089414538,-0.01344202343457735,12333.772374472743,-55363.64680471938,0.00021934846291719922,2.0174862650997382e-5,2744.9971672300003,-137.38713922782165,-123305.0
t77,65273.66322675953,299353.0629497587,-2299.632987913622,11421.16898758819,-24897.370239434807,0.00019970557834929004,1.8773084648337667e-5,-2751.5750933036124,-163.31705560703574,-345936.0,52665.35408209237,6.084234784578805,-65.77925028998602,1110.6531598065221,-6164.960446788231,0.0001720663064386413,1.968409502169503e-5,6.577952324364446,-25.929916773298565,-47532.0,142640.86321429902,11299.477733909065,-0.009245702813850194,7024.605624307456,-47984.547561730666,0.00021728576977941188,2.0093664957174486e-5,2744.997140979248,-137.38713883373717,-115588.0
t78,67560.20892045608,298302.29958482936,-2022.5664291294283,12459.46225092608,-16643.06898040875,0.00020733482371762418,1.926656201230497e-5,-2736.006687843329,-163.32887910268997,-356757.0,50207.76416735896,6.395456282747107,-63.813154483285956,606.6106284350781,-2947.0272063572515,0.0001727826712532663,1.990923656359295e-5,-8.988277104359668,-25.94180059996352,-47775.0,133905.03737739686,0.018211044936058286,-3950.878886317198,5644.672699415734,-23786.45749777908,0.0001951330878121136,1.9650002683900265e-5,2744.994964947689,-137.38707850272644,-114420.0
t79,57084.986837415985,321534.45469360467,-1850.2478432998041,20013.68211931494,-13043.071181571295,0.00020485829188433526,1.916984635417376e-5,-2746.4363394239117,-163.36850385184002,-380830.0,51736.57873481262,6.644158048334888,-61.84538790762883,869.6113892408287,-2624.44911974343,0.00017261895990924913,1.9782458790566452e-5,1.4414679534907577,-25.98142858176618,-49902.0,130734.11542546393,0.03339501745950182,-3983.3278099964286,4338.3796663448775,-19832.808683052717,0.00019466186195771207,1.9612547514609135e-5,2744.994871470421,-137.38707527007384,-113864.0
t80,215204.5860841576,168116.36202100868,-1761.8074381057004,29108.220311695168,-7767.065557139973,0.00020166874330543173,1.9025219224257794e-5,-2763.835489552556,-163.46014668448132,-399973.0,53091.6141126355,6.990589248908784,-59.727674613337896,1588.2466727398603,-2336.891470248439,0.00017360932709788147,2.000330866826954e-5,18.84065356008057,-26.073071792597155,-52283.0,121364.22282364586,0.05159099071802624,-3961.208252361178,3690.6574921037154,-8986.331624977696,0.0001949243819601892,1.9614654147136766e-5,2744.994835992475,-137.38707489188417,-114715.0
t81,565689.9216493662,0.006021232445687658,-160174.10579768172,39106.95813391934,-22435.484111258047,0.00016765923163536103,1.8666538184709526e-5,-3974.995473857314,-177.300601675095,-418035.0,53407.87531815695,7.323781486987469,-57.55373655240079,2506.5185240147043,-2506.2483843976465,0.00017378020821757795,1.9905393941794184e-5,1229.9977542907925,-39.91344522935588,-54548.0,122289.55088645646,0.24761252560867006,-3975.862988910911,6574.513171582128,-7256.059455556737,0.0001954625005901624,1.9547879310804814e-5,2744.9977195665215,-137.38715644573912,-120240.0
t82,1.0037434780666186e6,119947.54551816374,-716723.8676794699,56570.798771008216,-16650.658749832222,0.00016574262945840977,1.8767505539050236e-5,-3974.995502747024,-177.3006013588684,-442735.0,56519.95994067449,7.687687896695338,-55.21651307144226,4092.2255268502554,-3379.741311880191,0.0001748045174085439,1.993379851239738e-5,1229.9979285968122,-39.91344820742015,-58375.0,139339.07946651682,0.011892151616191081,-12023.083831099573,8160.489719985746,-11311.107865231219,0.00018245314010674767,1.9136233242825185e-5,2744.997574150212,-137.38715315144825,-126773.0
t83,1.3623115114169132e6,36652.43663378567,-986423.3304130513,74905.60994033553,-17201.931484186847,0.00016221073165605243,1.8595280360428938e-5,-3974.995662876706,-177.3006045590087,-466092.0,60566.970631946664,8.067715661967801,-52.695746516851905,6409.267338441756,-4410.694684451769,0.00017634052892447131,1.979000406380494e-5,1229.9980053945321,-39.91344964304108,-63711.0,154317.6766300259,0.32639189515177075,-25807.613453220016,10952.514876853807,-10126.515145194833,0.00018275757312770686,1.919813738697872e-5,2744.997657482174,-137.3871549159676,-131944.0
t84,1.5583758008128041e6,0.011210537427910769,-1.0231851338868405e6,65443.11304311138,-110559.50146387567,0.00015333793713096097,1.832283480658785e-5,-3974.9961629765303,-177.3006153437861,-485922.0,65166.71246531713,8.506008585560595,-49.88653146137824,8441.248656569407,-6215.665586043329,0.00017767323576730538,1.9748470814877978e-5,1229.9982506655974,-39.913453692800644,-68541.0,151795.5344061794,0.285034411894223,-25537.629273605417,17662.645600276872,-5121.446715429174,0.00018334469190950224,1.9186717657188605e-5,2744.997912310933,-137.38716165098546,-141407.0
t85,1.6343286358569614e6,123.3459614110192,-1.0230617974896202e6,68403.62009930886,-167304.50836662122,0.00015493921965250223,1.8362707075580152e-5,-3974.9961472553114,-177.30061503856848,-508337.0,69728.88496325514,8.99430600923251,-46.72837313979907,10366.144514256284,-8149.380391806048,0.00017814763647504007,1.9648852341532144e-5,1229.9982446195993,-39.9134535713458,-73098.0,170499.47095977186,0.27831056108103003,-26032.408041313196,21792.44080366417,-16560.39297224307,0.00018451398911213695,1.915787232889879e-5,2744.997902635712,-137.38716146722268,-152307.0
t86,1.5901700105520904e6,146.3510720777899,-1.023038786432376e6,81298.09343077056,-123195.36725608817,0.0001547022192362007,1.836004255935127e-5,-3974.996155138642,-177.3006152795414,-521228.0,74504.88085359156,9.53736150896168,-43.22870246989911,12849.535022728418,-9995.809525519035,0.00017889279050263676,1.9661287042430224e-5,1229.9982522940109,-39.91345372356316,-78515.0,199284.85693054087,0.2920691831125948,-26013.538252072638,24435.55344731381,-38419.7751354518,0.00018528335405170796,1.9165952025317287e-5,2744.997902844631,-137.38716155597825,-161895.0
t87,1.4241335865495473e6,48589.89935533011,-974595.240009388,90331.76816578614,-60794.718038636805,0.00017212164251581422,1.9449283209801208e-5,-3974.99560417089,-177.30060358116785,-523513.0,79078.61351029917,10.171851227801932,-39.47292019001728,13550.040464000545,-12151.437636953968,0.0001795547600820336,1.97889069932464e-5,1229.9979877774,-39.91344933603539,-81638.0,211132.49472071248,0.29359427469430244,-25983.608673165963,29161.268934533044,-45772.059238005284,0.00018591335105023685,1.912730417157164e-5,2744.99761639349,-137.38715424513245,-171146.0
t88,1.1291539716866005e6,212539.48754768205,-810645.6517770246,88379.4088411793,-89958.92025672535,0.00016822616181069703,1.9094030028974577e-5,-3974.995618509138,-177.30060387922447,-525316.0,82432.512375177,10.91039988077232,-35.593536765610416,14052.792253878019,-13496.706229085426,0.00018059515199146447,1.985376758625547e-5,1229.9979922050286,-39.91344945846287,-84154.0,207515.28902132454,0.2941982852427593,-25853.3243679071,34704.19158743221,-39711.061111160256,0.00018659449883356473,1.9141224868245767e-5,2744.9976263041094,-137.3871544207616,-179263.0
t89,694633.1035773489,447541.2223932649,-575643.9169210293,92677.63318918849,-120078.74617772888,0.0001666153843294907,1.872151470552639e-5,-3974.995635630503,-177.30060414537198,-534977.0,84850.54353131681,11.787777769218437,-31.89698328600129,14885.35085099522,-14637.869922098567,0.0001807960539686465,1.9889269942858572e-5,1229.997999906967,-39.91344946407697,-86268.0,201025.54277138883,0.2968511744172482,-25347.50001176296,36372.70643544771,-34264.65672745764,0.00018662777393887786,1.9133500329426576e-5,2744.997635723536,-137.38715468129502,-180394.0
t90,271170.02975359507,201486.88002614054,-2205.533468114588,105971.1291225791,-42990.51771233948,0.00019953361114999249,1.8789891336687102e-5,-218.8935991394929,-113.09433508850712,-533100.0,87554.94762527205,12.891700846589293,-28.597922994645277,16484.576247855242,-15751.719792442093,0.00018111238660989203,1.98921620146726e-5,48.856603370388996,-25.95465742833298,-88295.0,212212.79324118723,0.2823386250941898,-25061.300479283822,37270.194316902576,-42334.86693656206,0.00018781696144477372,1.914039025959286e-5,170.0369957691039,-87.13967766017414,-182170.0
t91,63603.91067533948,432946.9373031356,-2320.223828660884,111112.36731479806,-53874.81904692641,0.0001998042722688064,1.8704250458822894e-5,-1707.5237173763471,-134.6489130074738,-549626.0,80203.70620531526,14.554204690202386,-25.883359696110702,15893.344665565559,-11004.646458542222,0.0001804247735855097,1.968387138296657e-5,67.92950425825717,-26.004955248048276,-85123.0,194059.76940753637,0.27712476224464194,-7945.355107130096,40934.16319109962,-43731.80507309841,0.00018826075672047457,1.9142924492375917e-5,1639.59421311809,-108.64395775942552,-184848.0
t92,44479.6908558955,470686.1941838109,-2402.6430700989,117874.81161063857,-63021.66812080107,0.00019952564069694196,1.86493352399446e-5,-2837.964272633181,-163.42139926098787,-564615.0,76700.43778536678,17.231353959837683,-23.606887981784975,19207.37547053427,-7167.370762106602,0.00018028595766581503,1.9516197415607632e-5,92.96710739629424,-26.03426057636335,-88801.0,125672.28269079661,19334.449642865962,-0.0138029795363858,51744.339215186104,-11716.668012630193,0.00022507187057985053,2.004070216031963e-5,2744.9971652368868,-137.38713868462452,-187642.0
t93,47214.24947897408,454344.48927395424,-2442.3220613015997,105698.06140209945,-62576.44607729962,0.00019932214062633194,1.861216546967902e-5,-2838.6243005260585,-163.4079280509963,-539236.0,75004.71724174003,22.468332694059523,-21.48249200530253,19558.218696790795,-6366.5283094546385,0.00018212893367690732,1.9738204817221488e-5,93.62712364678714,-26.020788656609525,-88265.0,108101.45368472977,24813.23037266336,-0.013350722529287644,55970.41834389511,-2812.6993304926345,0.00022766901122080202,2.012824073613304e-5,2744.9971768792716,-137.38713939438676,-188680.0
t94,47436.738262146835,439563.7775932571,-2479.762279208379,88640.88875470952,-67228.18738960019,0.00019751124790827297,1.856341576740806e-5,-2816.0796625602943,-163.37548886806044,-502954.0,76832.80706946467,30.07536254682352,-19.659637632426893,16149.105888942187,-10142.423015173388,0.00018153358566869008,1.9813801708033234e-5,71.08248657862902,-25.98834950860686,-82895.0,110546.08494662007,25306.776791346918,-0.01337747231829913,62737.88837681234,-2675.3470176344786,0.00022845917971896364,2.014479560573059e-5,2744.9971759816654,-137.38713935945358,-198523.0
t95,47798.40180403176,418721.49835439323,-2495.918877184508,72075.38447341078,-69108.15677296247,0.0001968471220315526,1.8570762653228954e-5,-2808.8360716680486,-163.3731189072971,-464019.0,75731.9429696592,41.45455676021746,-17.738956727151816,13608.62967037001,-12058.141347739314,0.00018040648750544008,1.980234424688295e-5,63.838893680621936,-25.985979533297538,-77344.0,110040.60727858648,25291.099568367033,-0.013345335189688818,59904.513315125194,-2757.8170985980278,0.00022787944011762643,2.0124931546154565e-5,2744.9971779874268,-137.38713937399956,-195086.0
t96,48130.650258254194,395120.71746907005,-2491.787156664784,51991.66704245145,-70136.82779484494,0.0001957868324409677,1.8578672777726186e-5,-2803.0480730778336,-163.37195322571748,-419648.0,71888.84571453594,30.180116307241686,-16.877322942266655,10997.170136011302,-11793.384919276117,0.0001787395598275687,1.9760462260176122e-5,58.05089725744716,-25.984813714544202,-71138.0,105905.33175843641,25149.89666634371,-0.013268533658966138,50837.96232216371,-2771.7877564707082,0.00022613661945109715,2.0092343258065252e-5,2744.9971758203865,-137.38713951117327,-181729.0
t97,229210.9820463979,50082.52364908978,-0.04073811983961082,63841.962634025156,-109461.65330577531,35557.699611985176,261480.5322272116,-0.0005633044822604127,-0.005554444096906956,-530712.0,78760.47377805036,105.0567772109547,-0.08696980662081392,10431.500396330672,-17760.398524492033,5267.491543877777,1815.9667158561817,-0.0010079813131442586,-0.0027018833307858097,-78620.0,81545.75553126099,8176.443878880684,-0.03107698478541429,46014.264646953365,-9775.552157398099,13087.374796973074,56285.745665817674,0.0015712857954046713,-0.002852560766121146,-195334.0
t98,222807.63255312108,40989.37204633007,-0.0412641992510253,47146.58271626795,-114208.03815355756,33115.884582050014,264415.61322493496,-0.0001387331737986927,-0.005559176473047541,-494267.0,73584.96213459055,105.05580733929268,-0.08662201824403212,7570.26395392083,-15655.702031049701,4840.098890480571,1796.41186570144,-0.0012886677021844012,-0.002702878367184855,-72241.0,80123.79192368365,6544.334169876204,-0.031080491818643335,35082.610981491045,-14011.602255356083,11907.437760629786,58076.45993323563,0.001427400875983094,-0.002856298105862686,-177723.0
t99,216280.42884592316,35592.10746685992,-0.04063837890790856,42458.862481816,-108853.2808840569,32328.09859244148,264702.82997447584,-0.000265014244143269,-0.005567170742495964,-482509.0,74641.2793457719,105.05639439986186,-0.08615018929758464,6233.0126489908025,-18068.696201372913,4638.965258805066,1689.472807850067,-0.0013958223958595792,-0.0027012984543064063,-69239.0,79481.28924497013,5386.78393840764,-0.03097704337172675,24071.92613940319,-20491.80309961686,10688.774746026025,60397.06121694633,0.0016608366400028482,-0.002865872288189558,-159534.0
t100,204625.9913810835,30889.616271482788,-0.04060685897351786,43337.90409943552,-94320.73908629915,32297.345568794422,265219.9293275276,-0.0013700219223176414,-0.005578248686237526,-482050.0,67112.91526624029,105.05553565375557,-0.0870917772613736,6426.468912210586,-11299.750343093376,4611.026692331454,1866.3743985580545,-0.0006626135465651467,-0.0027004323944636944,-68822.0,79121.63404668726,4709.079614029777,-0.03096750069125256,16107.082347230207,-28821.718235208027,9636.204729939223,63071.749313918,0.002032635468882788,-0.0028778162917738317,-143824.0
t101,184342.617451706,30324.514961741294,-0.03982327314662419,40572.87568197091,-74686.59257772056,32411.78157597705,270792.8489290788,-0.0006180660529360588,-0.00557508763929067,-483758.0,68714.06150788198,105.05598455954443,-0.08838516401349755,6410.339130841037,-12406.88051289765,4639.099542753294,1779.4167329307516,-0.0012914578068931662,-0.0027023698488302045,-69241.0,81873.71882586692,4437.215401336586,-0.03096576866281266,12642.804566043193,-34440.09701611118,9208.275718632754,63715.114437109165,0.001909523859829225,-0.0028727177904604656,-137437.0
t102,171520.80143671588,32240.24103303583,-0.039122361420128766,42495.75837656781,-53983.69229664406,33119.16765522355,268923.7706246464,-0.0021177147784182775,-0.00558314288441953,-494316.0,68940.31023599081,105.05861175546673,-0.08512014469444477,6343.602320278508,-11926.096560381562,4682.650293326519,1745.5633626828155,-0.00044040418963904593,-0.002696737651644423,-69891.0,84445.22625421127,4635.652134919795,-0.030136191420697057,13269.150257562387,-38341.50799912482,9132.565759223855,63165.94406165721,0.0025581189680573234,-0.0028864052327751064,-136307.0
t103,135560.5289571146,45585.481746241276,-0.038652214690063316,50198.07514205709,-33757.70259554928,34533.13564482921,283300.527054068,-0.0017247847945012253,-0.005565549147924723,-515420.0,72482.3649568473,105.05781910315898,-0.0847751895020916,6821.705417194242,-14078.283253263633,4859.530192547735,2340.712614376368,-0.0002692452512211771,-0.002695492132380505,-72531.0,83924.55571856993,4246.189139788762,-0.03036621547673476,12181.400745799892,-36792.40433745645,9096.18474158841,63108.105237866956,0.0019940300457224024,-0.0028700570155442183,-135764.0
t104,106289.76311234084,57258.300219833676,-0.03825086401751209,68576.08985907168,-19421.961730365292,36416.036482355674,294404.8313436111,-0.015410221506079878,-0.005619521381993998,-543523.0,23882.32124718154,105.06266534392702,-0.002199243701530058,12243.83413689474,-0.0025870526780975094,5513.027275378872,40539.74865319051,0.013586001381996227,-0.002771243123216031,-82284.0,49287.26496264932,7821.728517596139,-0.03021259671930765,12805.204316922123,-11892.76772762758,9202.647706488908,70128.95346556528,0.001824220124083651,-0.002848278258777966,-137353.0
t105,325546.0077670664,676.0391615845637,-0.07788751342336048,76908.36619606352,-61916.43036839612,37293.86987290318,178117.23376844413,-0.002961597506760623,-0.005542427540221329,-556625.0,70805.23754820926,105.06126611501375,-0.0829223546256288,8925.6932905447,-11569.139136089441,5595.727426135343,9656.502386826442,0.0028561879123706266,-0.00270852564385661,-83519.0,66114.58130202172,3676.6340628393755,-0.030389192172113548,14601.033174898785,-15524.122895797202,9551.114705904616,64134.79277193154,0.00010540959438999631,-0.002833901896364719,-142554.0
t106,559089.0272165897,676.0184870545396,-8142.437173680208,69808.82907490377,-91656.0948722027,37745.71703120764,0.030525627277470522,-3974.796546326043,-177.29373699007886,-563369.0,56867.889354672436,105.05807736074057,-0.09057425435265141,8616.559725726504,-8455.790710037134,5342.87030951561,16078.49578115423,1229.919648738044,-39.91160579856514,-79745.0,65517.517211804305,2318.155146899118,-0.030030291967030893,20668.25577291633,-9425.941016525981,10109.693702617562,59095.854449672275,2744.876897587999,-137.3821311915137,-150891.0
t107,805036.8037062329,676.0196035447938,-248871.5907092503,73844.64183410791,-95751.05066263945,38116.22719360575,0.03325419794092068,-3974.7906480249394,-177.29356556245148,-568899.0,60075.44547481277,105.05960936651604,-0.08395768069644546,9616.583915316714,-6670.654602193405,5343.003286108708,10087.643740744952,1229.9140038226137,-39.91146285088283,-79747.0,92237.3378956092,219.06721597048843,-0.08043531831378133,22658.450092699888,-19688.095154413775,10450.856886023195,47497.96896151234,2744.8766442023257,-137.38210271156865,-155983.0
t108,896093.4192438402,676.0285588340793,-358559.6126545613,83408.57318240163,-83270.88791348955,38568.27615968927,0.03278830709198656,-1229.914559350315,-39.91479911714798,-575646.0,63598.280011831375,105.05699815182838,-0.0858943264962816,10642.303506720866,-7201.195492166167,5335.631747786982,5967.007434921506,1229.9131424136217,-39.9114479146088,-79637.0,154193.73934003565,219.02141123573983,-1730.394875623111,25598.643217386627,-19123.656805430666,4416.621705380357,0.027945139440984982,0.001416936693132767,-0.0033512025391773588,-163574.0
t109,890720.3475291118,676.0271964884474,-337914.2609098012,92805.90460655416,-96556.03400423552,39385.810123714225,0.03269002084906569,-1229.912426496829,-39.91479877419602,-587848.0,72629.24048719756,105.05839353843707,-0.08968594710392852,10809.863411055514,-12524.863125411133,5399.347816570872,2979.440379361432,1229.9138030944473,-39.911471984779816,-80588.0,192585.75870285474,219.02189543450928,-20230.65056514237,25763.033282076627,-32475.805285275994,4602.6136246830865,0.0330527000466525,-0.0013765976181110973,-0.0033267894162096238,-170464.0
t110,792375.8244214755,676.0301001895672,-195125.50431325397,94163.56910451989,-138328.30863273135,39675.18310229133,0.03207619599989474,-1229.911020656696,-39.91483153372483,-592167.0,71451.54003264674,105.05739439632161,-0.08950894042695828,12446.593046617209,-12320.169929997233,5477.670599401632,3406.3954850544796,1229.9143827859107,-39.911494233634556,-81757.0,206901.86890930624,219.0225084679603,-20500.170684915942,28575.50323094539,-43409.292633688325,4767.044606223147,0.030767262097281117,-0.003362129214459525,-0.003337300090269669,-176554.0
t111,634526.7640300501,676.0318297241151,-29122.499811425652,95979.71503912947,-149376.94771170834,39597.731090760404,0.03217538544540177,-1229.9117561528162,-39.914879493134706,-591011.0,63157.78972245745,105.05590887659491,-0.0884225229833652,13502.728584137323,-8091.462275470952,5437.939996810254,5862.0325006950425,1229.9155178216438,-39.9115251864125,-81164.0,213532.3127360361,219.02258066741604,-20595.16284049599,32694.440636030704,-47840.37146517993,4939.736589641731,0.028883503822664598,-0.003761668827618317,-0.0033543067222054556,-182950.0
t112,449275.76927678904,676.0513298723747,-0.09516192607651862,111581.47481268705,-112119.75198834318,40088.23877271711,106222.81696291103,2744.880992905728,-137.38499128676955,-598332.0,61790.23647137581,105.0566193281481,-0.0872475632127702,14134.95932578134,-7289.025755416084,5412.949651284851,6636.915173883443,-0.0015180099888036508,-0.0027130479763082535,-80791.0,213482.78063958068,219.02244947179025,-19930.402634493177,37300.70255749544,-44992.55204442415,5083.677715215056,0.033074545435110236,-2744.879474895739,-137.38227823879325,-188281.0
t113,262251.8465228496,40532.38437680148,-0.0446238345578249,127857.12765201516,-71511.00246220447,42335.82158323933,227804.37615920225,2744.8756046160747,-137.38480641552067,-631878.0,58083.54315663193,105.05708415949252,-0.08707283486728236,15065.770278852306,-6322.854090539451,5440.754906612225,8833.818248004458,0.00020525814437757917,-0.0027088407801269896,-81206.0,194149.70732869083,219.02146751519146,-2922.8149175352382,39123.331975370245,-43424.286858749816,5113.266666636274,0.032249891959649654,-2744.875809874219,-137.38209757474056,-189376.0
t114,95650.5914429807,146588.24257372494,-0.04502028587267405,136526.81707178403,-53500.954716559114,45137.493639455686,303291.86329886364,-0.0026990898583418126,-0.005584804324686794,-673694.0,44333.337205790056,105.0592576424616,-0.09159054023911088,17119.620907137934,-4791.54719604865,5646.3128051422045,21861.308389119273,0.002932167082551791,-0.0027033037813543586,-84274.0,163768.8878429075,219.06512165985856,-0.061021909693216164,41554.7823041426,-41612.45286362748,12773.880797335403,13950.900938325969,-0.00023307722420997865,-0.002881500543332435,-190655.0
t115,92175.76972489219,160232.87197182473,-0.04347916605924679,146817.25024689778,-65729.32701064972,47482.895591639,327720.5928284003,-0.004278220187085815,-0.005589462203644833,-708700.0,30718.055515497857,105.06006124365268,-0.10259891386753002,17641.243839110233,-2155.3519743988086,5839.140103664885,35003.95383055497,0.00393525235862726,-0.0027051899139061376,-87152.0,117749.67416840105,3241.343051618805,-0.02960773745494504,46206.49736427693,-27416.751954322735,13230.620748157273,44460.64877513879,0.0003429678284585548,-0.002884272289738695,-197472.0
t116,253849.87381277783,83031.07227198829,-0.044518010885348416,151747.9944258158,-87389.1852671784,48366.69257599362,272284.6034960977,-0.001221114469559935,-0.005570583752269887,-721891.0,73052.35600491785,105.05800031791927,-0.0889548660498117,19012.771593458252,-9133.06254174063,6274.97097009378,4344.9969097771855,0.0007253766540331053,-0.002700428298437924,-93657.0,171355.73653042575,2399.6422762312823,-0.03041464035561663,45105.60338631147,-55673.54794261506,14079.711769932395,32877.88677339848,0.0004957378155268297,-0.0028701554538319626,-210145.0
t117,266729.0878829683,83436.81460930475,-0.044298951929544444,140607.33160020254,-88115.07163256254,47056.9767429665,252627.91035740235,0.00030581201592849716,-0.005561555224960152,-702343.0,80891.63622705497,105.05996446697054,-0.08669186729678677,18609.735342274693,-14795.21483310107,6283.211261512319,2685.6624126876495,-0.0009737445478918139,-0.0027023770457892176,-93780.0,153902.34007203448,4792.549119773082,-0.030760291696064077,49521.34735154662,-37046.03035966896,14882.103832485574,36068.72293948069,0.0006679325319633167,-0.0028591781791709346,-222121.0
t118,273683.5430926128,60989.67906115016,-0.035736536017409795,123623.08416603407,-89300.24810985131,44783.80067527199,254635.18262546067,-0.0002144620976054397,-0.0055538661636024955,-668415.0,84634.43973992024,105.05811870174904,-0.08650398840685845,15780.55026373552,-18825.907368055672,6023.519197172759,2186.4297278475397,-0.0004650038610501464,-0.00270382139684784,-89904.0,155492.14884098232,4930.40871222346,-0.031035298805534406,56119.52450023022,-36246.55328457549,15411.805826051575,34319.698615136396,0.0006794659586555861,-0.002850044766754655,-230027.0
t119,276858.4104842786,60034.94963034626,-0.045207713953630775,104796.39894220476,-100876.50876631326,42099.78061670428,245442.02076793608,-0.0009154431482480269,-0.0055456731098114265,-628355.0,84639.96195665111,105.05770340176235,-0.08638818173107098,13135.818680114364,-21149.650464559014,5650.932330973527,1960.968960544266,-7.013695702638018e-5,-0.0027024696292455505,-84343.0,157428.63970319027,4713.562058718325,-0.030851708043970583,53615.55084218642,-40543.706580966464,15067.69381450234,34609.292875928506,0.000985580105274407,-0.002843203480565876,-224891.0
t120,276741.5587274229,49843.574436694485,-0.044171312690953014,82786.41711912154,-117800.14131184321,38725.66057141054,247697.9804655977,-0.00029194043173583206,-0.0055388244163535735,-577995.0,85570.05780937024,105.05780160659052,-0.08745362514108124,10605.389696390008,-25655.21281002637,5201.563577721659,1809.2344207351125,-0.0003344056562673628,-0.0027018272055531617,-77636.0,158198.65530602343,4187.974649228767,-0.03110688562706721,45900.4801774349,-48171.00388941844,14162.456782566735,37101.470295701554,0.0006263460880031949,-0.002836997210800412,-211380.0
