Voll,Demand_Segment,Cost_of_Demand_Curtailment_per_MW,Max_Demand_Curtailment,$/MWh,Rep_Periods,Timesteps_per_Rep_Period,Sub_Weights,Time_Index,Load_MW_z1,Load_MW_z2,Load_MW_z3
2000.0,1.0,1.0,1.0,2000.0,30.0,24.0,240.0,1,505130.0,58625.0,150100.0
,2.0,0.9,0.04,1800.0,,,408.0,2,489713.0,55310.0,136835.0
,3.0,0.55,0.024,1100.0,,,216.0,3,482929.0,53838.0,127398.0
,4.0,0.2,0.003,400.0,,,120.0,4,485179.0,53162.0,121581.0
,,,,,,,264.0,5,498790.0,53726.0,118686.0
,,,,,,,312.0,6,536364.0,55350.0,117286.0
,,,,,,,528.0,7,613453.0,61135.0,119469.0
,,,,,,,168.0,8,670738.0,71229.0,125601.0
,,,,,,,144.0,9,663240.0,76173.0,140220.0
,,,,,,,312.0,10,629823.0,73664.0,158875.0
,,,,,,,600.0,11,602401.0,70509.0,166899.0
,,,,,,,384.0,12,590994.0,68797.0,163941.0
,,,,,,,168.0,13,587740.0,68824.0,160575.0
,,,,,,,576.0,14,581252.0,68937.0,162930.0
,,,,,,,24.0,15,581017.0,68499.0,165947.0
,,,,,,,888.0,16,606728.0,68923.0,168509.0
,,,,,,,672.0,17,665848.0,72219.0,170038.0
,,,,,,,24.0,18,745993.0,76764.0,177325.0
,,,,,,,576.0,19,751850.0,82874.0,193215.0
,,,,,,,264.0,20,691146.0,83000.0,214172.0
,,,,,,,192.0,21,644039.0,74905.0,227001.0
,,,,,,,264.0,22,567509.0,71175.0,204213.0
,,,,,,,24.0,23,519952.0,67004.0,178676.0
,,,,,,,240.0,24,486659.0,61396.0,166328.0
,,,,,,,144.0,25,435026.0,60514.0,155108.0
,,,,,,,312.0,26,420311.0,57191.0,141549.0
,,,,,,,312.0,27,413198.0,55189.0,132728.0
,,,,,,,216.0,28,415133.0,54339.0,127224.0
,,,,,,,144.0,29,427023.0,54686.0,124792.0
,,,,,,,24.0,30,462614.0,56243.0,123981.0
,,,,,,,,31,528445.0,61908.0,126461.0
,,,,,,,,32,587987.0,74155.0,133510.0
,,,,,,,,33,593661.0,79083.0,150399.0
,,,,,,,,34,576435.0,77214.0,170994.0
,,,,,,,,35,563948.0,75576.0,179450.0
,,,,,,,,36,559736.0,75219.0,174798.0
,,,,,,,,37,561560.0,76262.0,168710.0
,,,,,,,,38,559179.0,76858.0,168786.0
,,,,,,,,39,560139.0,76657.0,171254.0
,,,,,,,,40,586170.0,77376.0,172726.0
,,,,,,,,41,640340.0,81445.0,173745.0
,,,,,,,,42,709047.0,87123.0,180657.0
,,,,,,,,43,710558.0,94152.0,197627.0
,,,,,,,,44,649021.0,93684.0,219625.0
,,,,,,,,45,601795.0,84331.0,234186.0
,,,,,,,,46,533291.0,79964.0,211791.0
,,,,,,,,47,486146.0,74741.0,186071.0
,,,,,,,,48,453721.0,68153.0,173524.0
,,,,,,,,49,445922.0,59509.0,168139.0
,,,,,,,,50,431621.0,57127.0,153450.0
,,,,,,,,51,425691.0,55837.0,143607.0
,,,,,,,,52,428723.0,55433.0,137490.0
,,,,,,,,53,441845.0,56427.0,134878.0
,,,,,,,,54,479939.0,58459.0,134066.0
,,,,,,,,55,553909.0,65143.0,136634.0
,,,,,,,,56,622692.0,77867.0,144038.0
,,,,,,,,57,635214.0,83034.0,162044.0
,,,,,,,,58,621120.0,80156.0,184748.0
,,,,,,,,59,609537.0,76187.0,191709.0
,,,,,,,,60,604262.0,73550.0,187507.0
,,,,,,,,61,608021.0,72336.0,181695.0
,,,,,,,,62,606610.0,71390.0,182136.0
,,,,,,,,63,609510.0,69966.0,184137.0
,,,,,,,,64,639716.0,69629.0,185471.0
,,,,,,,,65,700223.0,72609.0,185976.0
,,,,,,,,66,778567.0,77688.0,193288.0
,,,,,,,,67,785104.0,83735.0,210485.0
,,,,,,,,68,725209.0,85749.0,231510.0
,,,,,,,,69,677120.0,78348.0,244388.0
,,,,,,,,70,609345.0,75018.0,220199.0
,,,,,,,,71,556887.0,70847.0,193096.0
,,,,,,,,72,521384.0,64721.0,179689.0
,,,,,,,,73,452214.0,56047.0,156720.0
,,,,,,,,74,441398.0,55716.0,145035.0
,,,,,,,,75,432096.0,52935.0,140180.0
,,,,,,,,76,432626.0,52232.0,140414.0
,,,,,,,,77,435518.0,52061.0,134266.0
,,,,,,,,78,452020.0,52293.0,133645.0
,,,,,,,,79,481037.0,54969.0,133444.0
,,,,,,,,80,501193.0,59465.0,136271.0
,,,,,,,,81,515191.0,62966.0,143505.0
,,,,,,,,82,527628.0,66173.0,152881.0
,,,,,,,,83,539444.0,68968.0,158172.0
,,,,,,,,84,546993.0,70514.0,165197.0
,,,,,,,,85,559616.0,71842.0,172289.0
,,,,,,,,86,559879.0,72997.0,178130.0
,,,,,,,,87,556780.0,71864.0,182708.0
,,,,,,,,88,559499.0,71110.0,186061.0
,,,,,,,,89,575764.0,71264.0,185488.0
,,,,,,,,90,596202.0,73014.0,185685.0
,,,,,,,,91,625572.0,73402.0,189077.0
,,,,,,,,92,639160.0,81836.0,194161.0
,,,,,,,,93,621627.0,83291.0,201910.0
,,,,,,,,94,595764.0,81129.0,210984.0
,,,,,,,,95,562041.0,77849.0,205177.0
,,,,,,,,96,520967.0,72898.0,194604.0
,,,,,,,,97,441540.0,57534.0,179833.0
,,,,,,,,98,412631.0,48887.0,161396.0
,,,,,,,,99,406287.0,46340.0,141069.0
,,,,,,,,100,408532.0,45060.0,124299.0
,,,,,,,,101,422011.0,45113.0,121908.0
,,,,,,,,102,458124.0,46157.0,121847.0
,,,,,,,,103,524355.0,50870.0,124589.0
,,,,,,,,104,578273.0,59394.0,131847.0
,,,,,,,,105,584646.0,64088.0,148528.0
,,,,,,,,106,569625.0,63871.0,169008.0
,,,,,,,,107,559408.0,63631.0,177939.0
,,,,,,,,108,556655.0,64688.0,174644.0
,,,,,,,,109,558414.0,66049.0,169486.0
,,,,,,,,110,555247.0,66917.0,169908.0
,,,,,,,,111,555921.0,66950.0,171483.0
,,,,,,,,112,576971.0,67850.0,172637.0
,,,,,,,,113,617515.0,71282.0,172777.0
,,,,,,,,114,667797.0,75940.0,179858.0
,,,,,,,,115,676809.0,80230.0,194673.0
,,,,,,,,116,631304.0,78821.0,211791.0
,,,,,,,,117,586218.0,72750.0,222570.0
,,,,,,,,118,520171.0,68559.0,208853.0
,,,,,,,,119,473690.0,64145.0,185361.0
,,,,,,,,120,441706.0,58292.0,173527.0
,,,,,,,,121,355968.0,53216.0,153522.0
,,,,,,,,122,341279.0,50176.0,139253.0
,,,,,,,,123,333453.0,48405.0,129875.0
,,,,,,,,124,335461.0,47355.0,122987.0
,,,,,,,,125,347366.0,47746.0,119577.0
,,,,,,,,126,377416.0,49695.0,118339.0
,,,,,,,,127,429821.0,54215.0,120909.0
,,,,,,,,128,469869.0,58719.0,127795.0
,,,,,,,,129,477916.0,61431.0,141928.0
,,,,,,,,130,479595.0,63505.0,159589.0
,,,,,,,,131,488960.0,65116.0,168407.0
,,,,,,,,132,502758.0,67278.0,166595.0
,,,,,,,,133,518512.0,69372.0,163930.0
,,,,,,,,134,526930.0,71670.0,166872.0
,,,,,,,,135,536098.0,72416.0,171222.0
,,,,,,,,136,562938.0,73928.0,174146.0
,,,,,,,,137,601523.0,78100.0,175711.0
,,,,,,,,138,634658.0,82693.0,183455.0
,,,,,,,,139,612196.0,85488.0,199148.0
,,,,,,,,140,560308.0,80300.0,215271.0
,,,,,,,,141,521868.0,73428.0,219176.0
,,,,,,,,142,470093.0,68577.0,197801.0
,,,,,,,,143,421815.0,63436.0,176357.0
,,,,,,,,144,384685.0,57412.0,164885.0
,,,,,,,,145,364884.0,53898.0,145314.0
,,,,,,,,146,350871.0,51195.0,131913.0
,,,,,,,,147,342306.0,49543.0,122715.0
,,,,,,,,148,343188.0,48497.0,117224.0
,,,,,,,,149,353806.0,49051.0,114070.0
,,,,,,,,150,382112.0,51734.0,112645.0
,,,,,,,,151,433701.0,58453.0,115367.0
,,,,,,,,152,475651.0,62457.0,122076.0
,,,,,,,,153,491011.0,64179.0,135252.0
,,,,,,,,154,494235.0,65752.0,150447.0
,,,,,,,,155,504276.0,66466.0,158731.0
,,,,,,,,156,522441.0,68090.0,158771.0
,,,,,,,,157,540075.0,70797.0,156930.0
,,,,,,,,158,549667.0,73956.0,160597.0
,,,,,,,,159,559537.0,76180.0,165112.0
,,,,,,,,160,588341.0,79831.0,168052.0
,,,,,,,,161,628617.0,86461.0,169962.0
,,,,,,,,162,658940.0,92483.0,177404.0
,,,,,,,,163,630979.0,95355.0,192777.0
,,,,,,,,164,567071.0,87816.0,209277.0
,,,,,,,,165,529802.0,79837.0,212457.0
,,,,,,,,166,477459.0,73662.0,191315.0
,,,,,,,,167,427940.0,66607.0,170783.0
,,,,,,,,168,389564.0,58858.0,161230.0
,,,,,,,,169,373039.0,56009.0,143549.0
,,,,,,,,170,361788.0,52966.0,129559.0
,,,,,,,,171,356914.0,51047.0,119926.0
,,,,,,,,172,361073.0,49716.0,114433.0
,,,,,,,,173,375322.0,50258.0,111546.0
,,,,,,,,174,407605.0,52858.0,110344.0
,,,,,,,,175,459641.0,59223.0,113233.0
,,,,,,,,176,496764.0,63332.0,119821.0
,,,,,,,,177,502822.0,66164.0,132180.0
,,,,,,,,178,495749.0,69047.0,148311.0
,,,,,,,,179,494605.0,70436.0,157108.0
,,,,,,,,180,502475.0,72456.0,156665.0
,,,,,,,,181,512128.0,75174.0,154005.0
,,,,,,,,182,515427.0,78406.0,157250.0
,,,,,,,,183,522050.0,79923.0,161284.0
,,,,,,,,184,546750.0,82040.0,163284.0
,,,,,,,,185,584663.0,87120.0,165500.0
,,,,,,,,186,613727.0,91983.0,171719.0
,,,,,,,,187,589699.0,94136.0,186732.0
,,,,,,,,188,531227.0,86810.0,201073.0
,,,,,,,,189,499109.0,79075.0,203545.0
,,,,,,,,190,455274.0,74132.0,182395.0
,,,,,,,,191,413820.0,68876.0,162009.0
,,,,,,,,192,381683.0,63025.0,154000.0
,,,,,,,,193,363956.0,60290.0,143262.0
,,,,,,,,194,349272.0,56184.0,129444.0
,,,,,,,,195,341291.0,53734.0,120216.0
,,,,,,,,196,343044.0,52136.0,113851.0
,,,,,,,,197,354285.0,52194.0,109352.0
,,,,,,,,198,384600.0,54426.0,107047.0
,,,,,,,,199,434371.0,60439.0,108640.0
,,,,,,,,200,477160.0,63555.0,113805.0
,,,,,,,,201,493107.0,67104.0,125480.0
,,,,,,,,202,497171.0,70573.0,140611.0
,,,,,,,,203,504792.0,73310.0,151776.0
,,,,,,,,204,520501.0,76872.0,154255.0
,,,,,,,,205,537267.0,81698.0,153986.0
,,,,,,,,206,546743.0,86747.0,159497.0
,,,,,,,,207,558066.0,89798.0,164933.0
,,,,,,,,208,586940.0,93471.0,167740.0
,,,,,,,,209,629298.0,99182.0,170396.0
,,,,,,,,210,659531.0,104069.0,177149.0
,,,,,,,,211,632499.0,104850.0,192160.0
,,,,,,,,212,566122.0,96039.0,207169.0
,,,,,,,,213,528809.0,86939.0,208053.0
,,,,,,,,214,478887.0,80679.0,185078.0
,,,,,,,,215,429212.0,73151.0,164193.0
,,,,,,,,216,390892.0,65105.0,157036.0
,,,,,,,,217,396713.0,72025.0,158484.0
,,,,,,,,218,377948.0,66971.0,142108.0
,,,,,,,,219,365290.0,63707.0,130418.0
,,,,,,,,220,362251.0,61482.0,121858.0
,,,,,,,,221,368849.0,61417.0,116491.0
,,,,,,,,222,390119.0,62751.0,113392.0
,,,,,,,,223,428146.0,66612.0,113598.0
,,,,,,,,224,475967.0,70556.0,115973.0
,,,,,,,,225,510116.0,77190.0,126272.0
,,,,,,,,226,530482.0,81749.0,141575.0
,,,,,,,,227,553697.0,85554.0,154820.0
,,,,,,,,228,578622.0,89995.0,160200.0
,,,,,,,,229,602410.0,95953.0,164689.0
,,,,,,,,230,617374.0,101100.0,174369.0
,,,,,,,,231,630015.0,102422.0,184274.0
,,,,,,,,232,658400.0,103451.0,191829.0
,,,,,,,,233,696932.0,106314.0,197580.0
,,,,,,,,234,720178.0,108671.0,209467.0
,,,,,,,,235,681242.0,109750.0,227878.0
,,,,,,,,236,598159.0,101434.0,244725.0
,,,,,,,,237,544938.0,89188.0,244084.0
,,,,,,,,238,507595.0,83411.0,214371.0
,,,,,,,,239,458673.0,75902.0,186208.0
,,,,,,,,240,415069.0,67834.0,174387.0
,,,,,,,,241,384312.0,61780.0,159465.0
,,,,,,,,242,364636.0,57714.0,143281.0
,,,,,,,,243,352287.0,55291.0,131946.0
,,,,,,,,244,350122.0,54117.0,123296.0
,,,,,,,,245,355996.0,54734.0,117989.0
,,,,,,,,246,376687.0,56738.0,114704.0
,,,,,,,,247,413151.0,60737.0,114963.0
,,,,,,,,248,461604.0,64956.0,117388.0
,,,,,,,,249,496144.0,70690.0,127202.0
,,,,,,,,250,517072.0,74735.0,141935.0
,,,,,,,,251,541466.0,78212.0,155125.0
,,,,,,,,252,570363.0,82465.0,160777.0
,,,,,,,,253,596735.0,88152.0,165285.0
,,,,,,,,254,612490.0,93642.0,174509.0
,,,,,,,,255,627450.0,97963.0,183009.0
,,,,,,,,256,658166.0,103156.0,189884.0
,,,,,,,,257,698821.0,110331.0,195649.0
,,,,,,,,258,724258.0,117095.0,206672.0
,,,,,,,,259,684719.0,119320.0,224862.0
,,,,,,,,260,598535.0,109265.0,240523.0
,,,,,,,,261,545775.0,95734.0,240498.0
,,,,,,,,262,509020.0,90215.0,211513.0
,,,,,,,,263,460154.0,82647.0,184552.0
,,,,,,,,264,415681.0,74005.0,173659.0
,,,,,,,,265,399444.0,70330.0,188862.0
,,,,,,,,266,361918.0,60555.0,168748.0
,,,,,,,,267,350905.0,57265.0,145152.0
,,,,,,,,268,350366.0,55788.0,123630.0
,,,,,,,,269,357886.0,56206.0,118289.0
,,,,,,,,270,379762.0,57993.0,115631.0
,,,,,,,,271,420579.0,61555.0,116178.0
,,,,,,,,272,476430.0,66192.0,119289.0
,,,,,,,,273,518745.0,73271.0,129425.0
,,,,,,,,274,547373.0,78679.0,146285.0
,,,,,,,,275,579151.0,82967.0,161664.0
,,,,,,,,276,612306.0,87806.0,169509.0
,,,,,,,,277,643544.0,93485.0,175542.0
,,,,,,,,278,663507.0,98719.0,186220.0
,,,,,,,,279,680924.0,101496.0,195362.0
,,,,,,,,280,713444.0,105033.0,202037.0
,,,,,,,,281,755856.0,111126.0,207605.0
,,,,,,,,282,781266.0,116871.0,218414.0
,,,,,,,,283,736855.0,119049.0,236228.0
,,,,,,,,284,646121.0,109556.0,251928.0
,,,,,,,,285,588690.0,96262.0,249923.0
,,,,,,,,286,547905.0,91097.0,219105.0
,,,,,,,,287,493984.0,83511.0,190740.0
,,,,,,,,288,446206.0,74796.0,178280.0
,,,,,,,,289,416697.0,76256.0,165762.0
,,,,,,,,290,390869.0,70545.0,149878.0
,,,,,,,,291,374791.0,67065.0,137255.0
,,,,,,,,292,369982.0,64844.0,127863.0
,,,,,,,,293,374908.0,64686.0,121801.0
,,,,,,,,294,394243.0,65934.0,119185.0
,,,,,,,,295,432341.0,69245.0,119378.0
,,,,,,,,296,488359.0,73825.0,121818.0
,,,,,,,,297,538905.0,82050.0,131045.0
,,,,,,,,298,577255.0,88618.0,147211.0
,,,,,,,,299,618151.0,93830.0,162844.0
,,,,,,,,300,664981.0,99370.0,170162.0
,,,,,,,,301,709835.0,105952.0,176423.0
,,,,,,,,302,739638.0,110660.0,187203.0
,,,,,,,,303,764861.0,112401.0,197586.0
,,,,,,,,304,804530.0,114898.0,205754.0
,,,,,,,,305,852619.0,119941.0,210990.0
,,,,,,,,306,879938.0,125465.0,221627.0
,,,,,,,,307,828680.0,127937.0,239591.0
,,,,,,,,308,726982.0,118483.0,254734.0
,,,,,,,,309,658676.0,104028.0,253787.0
,,,,,,,,310,613142.0,98204.0,223576.0
,,,,,,,,311,554447.0,90286.0,195137.0
,,,,,,,,312,500988.0,81358.0,182637.0
,,,,,,,,313,445987.0,70234.0,161682.0
,,,,,,,,314,418838.0,65708.0,146904.0
,,,,,,,,315,399725.0,62670.0,135712.0
,,,,,,,,316,391072.0,60463.0,127615.0
,,,,,,,,317,387989.0,60060.0,122061.0
,,,,,,,,318,393479.0,60033.0,118783.0
,,,,,,,,319,413199.0,60817.0,117700.0
,,,,,,,,320,457782.0,63482.0,118012.0
,,,,,,,,321,510567.0,71766.0,123203.0
,,,,,,,,322,553114.0,78728.0,133489.0
,,,,,,,,323,596294.0,83793.0,144003.0
,,,,,,,,324,644108.0,89385.0,149760.0
,,,,,,,,325,684096.0,96101.0,154114.0
,,,,,,,,326,703995.0,100683.0,162466.0
,,,,,,,,327,717839.0,102653.0,170911.0
,,,,,,,,328,748608.0,104916.0,176176.0
,,,,,,,,329,787910.0,110320.0,179430.0
,,,,,,,,330,808337.0,116592.0,188771.0
,,,,,,,,331,762089.0,119013.0,205222.0
,,,,,,,,332,664024.0,109314.0,219796.0
,,,,,,,,333,599895.0,94306.0,220455.0
,,,,,,,,334,565338.0,87862.0,193527.0
,,,,,,,,335,523693.0,81799.0,166962.0
,,,,,,,,336,484229.0,75452.0,157495.0
,,,,,,,,337,461517.0,71123.0,159954.0
,,,,,,,,338,433379.0,66014.0,144744.0
,,,,,,,,339,414433.0,62835.0,133492.0
,,,,,,,,340,407649.0,60605.0,125424.0
,,,,,,,,341,409554.0,60534.0,120062.0
,,,,,,,,342,426462.0,61744.0,116658.0
,,,,,,,,343,464737.0,64588.0,116574.0
,,,,,,,,344,527351.0,68671.0,118772.0
,,,,,,,,345,587352.0,77034.0,127530.0
,,,,,,,,346,628232.0,83321.0,140639.0
,,,,,,,,347,670056.0,88163.0,156329.0
,,,,,,,,348,717788.0,93749.0,163579.0
,,,,,,,,349,759240.0,100545.0,168803.0
,,,,,,,,350,781480.0,105928.0,179201.0
,,,,,,,,351,797295.0,108509.0,189923.0
,,,,,,,,352,829100.0,111373.0,197780.0
,,,,,,,,353,869614.0,116953.0,203675.0
,,,,,,,,354,891339.0,122568.0,214721.0
,,,,,,,,355,835991.0,124514.0,232577.0
,,,,,,,,356,726639.0,114720.0,248675.0
,,,,,,,,357,658745.0,100092.0,248297.0
,,,,,,,,358,612148.0,94030.0,217416.0
,,,,,,,,359,556680.0,86668.0,186704.0
,,,,,,,,360,508256.0,78832.0,174221.0
,,,,,,,,361,439964.0,81932.0,189570.0
,,,,,,,,362,398620.0,70659.0,170011.0
,,,,,,,,363,384678.0,66702.0,146949.0
,,,,,,,,364,383022.0,64691.0,124789.0
,,,,,,,,365,390714.0,64615.0,119412.0
,,,,,,,,366,414165.0,65664.0,116465.0
,,,,,,,,367,453721.0,69054.0,117241.0
,,,,,,,,368,507019.0,72811.0,120474.0
,,,,,,,,369,558512.0,81419.0,129875.0
,,,,,,,,370,593226.0,88362.0,144665.0
,,,,,,,,371,628465.0,94013.0,159684.0
,,,,,,,,372,669083.0,100404.0,168077.0
,,,,,,,,373,704634.0,107800.0,175293.0
,,,,,,,,374,725275.0,113774.0,187218.0
,,,,,,,,375,741433.0,116943.0,199693.0
,,,,,,,,376,772291.0,120001.0,208608.0
,,,,,,,,377,811851.0,125890.0,215164.0
,,,,,,,,378,837978.0,132387.0,226887.0
,,,,,,,,379,791960.0,135413.0,244607.0
,,,,,,,,380,694429.0,125315.0,260377.0
,,,,,,,,381,631045.0,109908.0,259386.0
,,,,,,,,382,584119.0,102466.0,227610.0
,,,,,,,,383,527218.0,93403.0,196552.0
,,,,,,,,384,478094.0,83948.0,183996.0
,,,,,,,,385,412545.0,74070.0,173101.0
,,,,,,,,386,391751.0,69656.0,155090.0
,,,,,,,,387,378887.0,66970.0,142167.0
,,,,,,,,388,376885.0,65260.0,132312.0
,,,,,,,,389,384394.0,65247.0,125836.0
,,,,,,,,390,408631.0,66968.0,122133.0
,,,,,,,,391,447083.0,71523.0,122357.0
,,,,,,,,392,491162.0,75003.0,125790.0
,,,,,,,,393,531564.0,81608.0,135530.0
,,,,,,,,394,558683.0,87014.0,150949.0
,,,,,,,,395,586590.0,91073.0,165017.0
,,,,,,,,396,620364.0,95667.0,172751.0
,,,,,,,,397,651176.0,101257.0,180035.0
,,,,,,,,398,667776.0,105843.0,192250.0
,,,,,,,,399,679458.0,107938.0,205643.0
,,,,,,,,400,706185.0,110910.0,215950.0
,,,,,,,,401,742068.0,116646.0,224603.0
,,,,,,,,402,763046.0,122547.0,237155.0
,,,,,,,,403,719465.0,124934.0,254939.0
,,,,,,,,404,632498.0,115618.0,270691.0
,,,,,,,,405,579008.0,102499.0,269866.0
,,,,,,,,406,531972.0,95591.0,238144.0
,,,,,,,,407,478066.0,87750.0,205598.0
,,,,,,,,408,434274.0,79253.0,191896.0
,,,,,,,,409,383749.0,63309.0,176169.0
,,,,,,,,410,352408.0,57937.0,158003.0
,,,,,,,,411,339041.0,53954.0,140814.0
,,,,,,,,412,334567.0,52712.0,125801.0
,,,,,,,,413,331029.0,52015.0,117576.0
,,,,,,,,414,334461.0,51431.0,115720.0
,,,,,,,,415,346049.0,52334.0,113583.0
,,,,,,,,416,360458.0,53331.0,112203.0
,,,,,,,,417,387611.0,55825.0,113292.0
,,,,,,,,418,425557.0,60581.0,116295.0
,,,,,,,,419,460435.0,66288.0,122592.0
,,,,,,,,420,494067.0,71125.0,135105.0
,,,,,,,,421,529057.0,75833.0,149276.0
,,,,,,,,422,546923.0,79954.0,163513.0
,,,,,,,,423,552763.0,80736.0,177426.0
,,,,,,,,424,558308.0,81079.0,188793.0
,,,,,,,,425,568506.0,81587.0,194850.0
,,,,,,,,426,565587.0,82582.0,200882.0
,,,,,,,,427,570687.0,80344.0,206461.0
,,,,,,,,428,583410.0,83577.0,209516.0
,,,,,,,,429,565150.0,84945.0,206186.0
,,,,,,,,430,521270.0,79887.0,209961.0
,,,,,,,,431,472301.0,73059.0,204794.0
,,,,,,,,432,424471.0,65982.0,190155.0
,,,,,,,,433,359992.0,54891.0,144780.0
,,,,,,,,434,346006.0,52379.0,130930.0
,,,,,,,,435,338345.0,50538.0,121499.0
,,,,,,,,436,340469.0,49248.0,114527.0
,,,,,,,,437,353605.0,49862.0,110809.0
,,,,,,,,438,383974.0,52316.0,109971.0
,,,,,,,,439,437664.0,58474.0,112541.0
,,,,,,,,440,481778.0,61802.0,118407.0
,,,,,,,,441,493332.0,63406.0,131204.0
,,,,,,,,442,492750.0,65707.0,147340.0
,,,,,,,,443,497393.0,66694.0,156303.0
,,,,,,,,444,510206.0,68411.0,156750.0
,,,,,,,,445,524449.0,71121.0,157470.0
,,,,,,,,446,531100.0,74083.0,162531.0
,,,,,,,,447,538022.0,75696.0,168908.0
,,,,,,,,448,563015.0,77736.0,173665.0
,,,,,,,,449,602967.0,82379.0,177635.0
,,,,,,,,450,642401.0,86126.0,186481.0
,,,,,,,,451,635345.0,87832.0,201325.0
,,,,,,,,452,574327.0,84160.0,215880.0
,,,,,,,,453,519427.0,74274.0,218434.0
,,,,,,,,454,468236.0,67754.0,195814.0
,,,,,,,,455,420676.0,61082.0,170831.0
,,,,,,,,456,385568.0,54439.0,156863.0
,,,,,,,,457,363450.0,64461.0,169562.0
,,,,,,,,458,332816.0,55394.0,152305.0
,,,,,,,,459,327161.0,52661.0,132220.0
,,,,,,,,460,331972.0,51594.0,113564.0
,,,,,,,,461,346752.0,52598.0,110790.0
,,,,,,,,462,378715.0,55576.0,109891.0
,,,,,,,,463,432125.0,62046.0,112385.0
,,,,,,,,464,473853.0,66483.0,118773.0
,,,,,,,,465,485739.0,68943.0,132251.0
,,,,,,,,466,485561.0,72157.0,149351.0
,,,,,,,,467,492177.0,74610.0,159188.0
,,,,,,,,468,505328.0,78142.0,159305.0
,,,,,,,,469,520104.0,82510.0,160007.0
,,,,,,,,470,527919.0,85960.0,165027.0
,,,,,,,,471,535586.0,86793.0,170854.0
,,,,,,,,472,560725.0,88596.0,174597.0
,,,,,,,,473,599377.0,93158.0,177197.0
,,,,,,,,474,637504.0,97201.0,185447.0
,,,,,,,,475,628810.0,99218.0,201171.0
,,,,,,,,476,565936.0,94816.0,218186.0
,,,,,,,,477,510657.0,83179.0,223879.0
,,,,,,,,478,460795.0,75661.0,201906.0
,,,,,,,,479,415383.0,68670.0,174689.0
,,,,,,,,480,379502.0,61299.0,161060.0
,,,,,,,,481,394876.0,60201.0,169705.0
,,,,,,,,482,365053.0,57180.0,153372.0
,,,,,,,,483,354400.0,54945.0,136301.0
,,,,,,,,484,353230.0,55193.0,123155.0
,,,,,,,,485,353057.0,55723.0,116587.0
,,,,,,,,486,360665.0,56375.0,115545.0
,,,,,,,,487,377041.0,57542.0,114164.0
,,,,,,,,488,394807.0,60301.0,114467.0
,,,,,,,,489,413760.0,59702.0,117376.0
,,,,,,,,490,439573.0,61713.0,121821.0
,,,,,,,,491,463761.0,64063.0,125398.0
,,,,,,,,492,484928.0,66308.0,133291.0
,,,,,,,,493,510060.0,69157.0,143812.0
,,,,,,,,494,522881.0,72583.0,153623.0
,,,,,,,,495,524450.0,72811.0,163118.0
,,,,,,,,496,527941.0,73216.0,172048.0
,,,,,,,,497,542687.0,74330.0,175531.0
,,,,,,,,498,549016.0,75917.0,178825.0
,,,,,,,,499,573816.0,73954.0,183503.0
,,,,,,,,500,590560.0,79072.0,187929.0
,,,,,,,,501,563537.0,79078.0,189229.0
,,,,,,,,502,522125.0,73612.0,198146.0
,,,,,,,,503,479924.0,67281.0,194210.0
,,,,,,,,504,434417.0,61133.0,180098.0
,,,,,,,,505,408552.0,59719.0,163568.0
,,,,,,,,506,381855.0,51869.0,146517.0
,,,,,,,,507,377534.0,49766.0,128672.0
,,,,,,,,508,385154.0,48820.0,110382.0
,,,,,,,,509,401645.0,50134.0,107334.0
,,,,,,,,510,439393.0,52835.0,105695.0
,,,,,,,,511,504512.0,58925.0,108119.0
,,,,,,,,512,553878.0,64061.0,113372.0
,,,,,,,,513,561129.0,66001.0,125725.0
,,,,,,,,514,551806.0,67410.0,140121.0
,,,,,,,,515,550979.0,68914.0,150022.0
,,,,,,,,516,553856.0,71717.0,150090.0
,,,,,,,,517,561857.0,75303.0,152612.0
,,,,,,,,518,563531.0,78389.0,158773.0
,,,,,,,,519,566995.0,78933.0,165815.0
,,,,,,,,520,592647.0,80516.0,170389.0
,,,,,,,,521,640147.0,84452.0,173331.0
,,,,,,,,522,695207.0,88100.0,181992.0
,,,,,,,,523,690030.0,90206.0,196524.0
,,,,,,,,524,625672.0,86951.0,212003.0
,,,,,,,,525,573975.0,76622.0,217875.0
,,,,,,,,526,505355.0,70066.0,195983.0
,,,,,,,,527,457412.0,64015.0,170226.0
,,,,,,,,528,429016.0,57510.0,156091.0
,,,,,,,,529,429122.0,56356.0,147810.0
,,,,,,,,530,415731.0,52851.0,134087.0
,,,,,,,,531,409545.0,50936.0,125129.0
,,,,,,,,532,411365.0,50018.0,119673.0
,,,,,,,,533,422577.0,50452.0,117354.0
,,,,,,,,534,457586.0,51992.0,115861.0
,,,,,,,,535,519189.0,57483.0,117915.0
,,,,,,,,536,571209.0,67835.0,123199.0
,,,,,,,,537,576349.0,71122.0,136708.0
,,,,,,,,538,558828.0,69593.0,154708.0
,,,,,,,,539,547997.0,67620.0,162901.0
,,,,,,,,540,546644.0,67018.0,159878.0
,,,,,,,,541,551220.0,67820.0,156973.0
,,,,,,,,542,551542.0,68519.0,159782.0
,,,,,,,,543,557415.0,68769.0,163949.0
,,,,,,,,544,587956.0,69667.0,167146.0
,,,,,,,,545,647675.0,73534.0,169404.0
,,,,,,,,546,717706.0,79324.0,178266.0
,,,,,,,,547,716155.0,86537.0,195659.0
,,,,,,,,548,650433.0,85490.0,217727.0
,,,,,,,,549,602598.0,76204.0,228496.0
,,,,,,,,550,539105.0,72294.0,202729.0
,,,,,,,,551,490843.0,67863.0,175977.0
,,,,,,,,552,457158.0,62015.0,162699.0
,,,,,,,,553,442765.0,56546.0,144736.0
,,,,,,,,554,431367.0,56542.0,133211.0
,,,,,,,,555,421388.0,53739.0,127923.0
,,,,,,,,556,420673.0,52994.0,127749.0
,,,,,,,,557,422959.0,53013.0,120662.0
,,,,,,,,558,438885.0,53278.0,119459.0
,,,,,,,,559,466593.0,55896.0,119239.0
,,,,,,,,560,481597.0,59525.0,120707.0
,,,,,,,,561,491446.0,62881.0,126208.0
,,,,,,,,562,501161.0,65021.0,132023.0
,,,,,,,,563,510186.0,66662.0,136987.0
,,,,,,,,564,515067.0,67492.0,145972.0
,,,,,,,,565,527963.0,68755.0,155504.0
,,,,,,,,566,530726.0,70711.0,163119.0
,,,,,,,,567,524752.0,70694.0,170537.0
,,,,,,,,568,530345.0,70133.0,177675.0
,,,,,,,,569,554629.0,71066.0,177535.0
,,,,,,,,570,575630.0,72673.0,179247.0
,,,,,,,,571,599628.0,73783.0,184746.0
,,,,,,,,572,607992.0,79926.0,192682.0
,,,,,,,,573,588741.0,79558.0,196802.0
,,,,,,,,574,559485.0,76636.0,202069.0
,,,,,,,,575,523499.0,72447.0,196210.0
,,,,,,,,576,482901.0,67374.0,184184.0
,,,,,,,,577,455803.0,59348.0,154008.0
,,,,,,,,578,439761.0,55740.0,139900.0
,,,,,,,,579,431523.0,54050.0,130502.0
,,,,,,,,580,432377.0,53292.0,124141.0
,,,,,,,,581,443882.0,53896.0,121034.0
,,,,,,,,582,479335.0,55569.0,120277.0
,,,,,,,,583,545646.0,61297.0,122156.0
,,,,,,,,584,607730.0,71062.0,127690.0
,,,,,,,,585,613209.0,75321.0,141455.0
,,,,,,,,586,590941.0,73031.0,160118.0
,,,,,,,,587,575005.0,69734.0,169074.0
,,,,,,,,588,569698.0,68337.0,166229.0
,,,,,,,,589,570117.0,68516.0,163448.0
,,,,,,,,590,567198.0,68726.0,166568.0
,,,,,,,,591,570603.0,68635.0,170015.0
,,,,,,,,592,600563.0,69592.0,172723.0
,,,,,,,,593,665965.0,73511.0,174655.0
,,,,,,,,594,748145.0,79181.0,183226.0
,,,,,,,,595,750893.0,86892.0,201087.0
,,,,,,,,596,686709.0,86046.0,224138.0
,,,,,,,,597,642432.0,76826.0,233792.0
,,,,,,,,598,575227.0,73171.0,207834.0
,,,,,,,,599,524263.0,68598.0,180662.0
,,,,,,,,600,490162.0,62553.0,167446.0
,,,,,,,,601,450142.0,55230.0,149712.0
,,,,,,,,602,436156.0,51385.0,135909.0
,,,,,,,,603,427887.0,49232.0,126039.0
,,,,,,,,604,429703.0,48025.0,119543.0
,,,,,,,,605,441226.0,47886.0,116266.0
,,,,,,,,606,475225.0,48533.0,114884.0
,,,,,,,,607,537295.0,52664.0,116618.0
,,,,,,,,608,592563.0,60110.0,121631.0
,,,,,,,,609,595872.0,64345.0,133382.0
,,,,,,,,610,571841.0,64777.0,150683.0
,,,,,,,,611,556596.0,64738.0,161025.0
,,,,,,,,612,551431.0,65875.0,159461.0
,,,,,,,,613,550447.0,67474.0,157508.0
,,,,,,,,614,547288.0,69026.0,161127.0
,,,,,,,,615,549373.0,69905.0,165272.0
,,,,,,,,616,574553.0,71449.0,167749.0
,,,,,,,,617,632359.0,75196.0,168708.0
,,,,,,,,618,700482.0,79781.0,175873.0
,,,,,,,,619,693858.0,85475.0,193021.0
,,,,,,,,620,629318.0,82440.0,215741.0
,,,,,,,,621,584931.0,72733.0,223250.0
,,,,,,,,622,520903.0,68365.0,196682.0
,,,,,,,,623,478903.0,64850.0,170708.0
,,,,,,,,624,449487.0,60522.0,158625.0
,,,,,,,,625,430816.0,62928.0,186738.0
,,,,,,,,626,396091.0,57138.0,170120.0
,,,,,,,,627,381310.0,52319.0,151570.0
,,,,,,,,628,377352.0,50704.0,136200.0
,,,,,,,,629,375599.0,49639.0,128977.0
,,,,,,,,630,381686.0,48750.0,128019.0
,,,,,,,,631,396862.0,49317.0,127397.0
,,,,,,,,632,414334.0,51187.0,128047.0
,,,,,,,,633,432949.0,52592.0,132261.0
,,,,,,,,634,459418.0,55888.0,139297.0
,,,,,,,,635,485251.0,61300.0,144401.0
,,,,,,,,636,508615.0,65513.0,153724.0
,,,,,,,,637,533123.0,69397.0,162379.0
,,,,,,,,638,547829.0,72871.0,169769.0
,,,,,,,,639,551995.0,74083.0,177372.0
,,,,,,,,640,557993.0,74350.0,183938.0
,,,,,,,,641,585819.0,74878.0,186156.0
,,,,,,,,642,615411.0,77183.0,188683.0
,,,,,,,,643,634882.0,80487.0,195265.0
,,,,,,,,644,640616.0,87099.0,208364.0
,,,,,,,,645,617323.0,87811.0,218666.0
,,,,,,,,646,577535.0,84189.0,225002.0
,,,,,,,,647,532714.0,79240.0,219772.0
,,,,,,,,648,483218.0,72052.0,205528.0
,,,,,,,,649,420338.0,61270.0,193105.0
,,,,,,,,650,383405.0,52258.0,172467.0
,,,,,,,,651,374079.0,49511.0,148762.0
,,,,,,,,652,374661.0,48341.0,127298.0
,,,,,,,,653,385249.0,48646.0,124022.0
,,,,,,,,654,417668.0,49825.0,123173.0
,,,,,,,,655,482112.0,54704.0,125517.0
,,,,,,,,656,546939.0,63676.0,132397.0
,,,,,,,,657,561971.0,69446.0,149448.0
,,,,,,,,658,551753.0,68462.0,169258.0
,,,,,,,,659,549134.0,67236.0,177308.0
,,,,,,,,660,554801.0,67427.0,173626.0
,,,,,,,,661,562240.0,68777.0,169436.0
,,,,,,,,662,563542.0,69427.0,172159.0
,,,,,,,,663,569929.0,69719.0,176163.0
,,,,,,,,664,599357.0,70881.0,178445.0
,,,,,,,,665,659632.0,74693.0,180059.0
,,,,,,,,666,732877.0,80118.0,189444.0
,,,,,,,,667,726833.0,87617.0,209675.0
,,,,,,,,668,657081.0,87739.0,238113.0
,,,,,,,,669,604795.0,78625.0,252708.0
,,,,,,,,670,540286.0,74807.0,225863.0
,,,,,,,,671,487908.0,70653.0,196248.0
,,,,,,,,672,448118.0,64321.0,181478.0
,,,,,,,,673,517300.0,62889.0,187932.0
,,,,,,,,674,480299.0,56042.0,171061.0
,,,,,,,,675,466445.0,51284.0,153200.0
,,,,,,,,676,464310.0,49842.0,138196.0
,,,,,,,,677,464485.0,48961.0,130681.0
,,,,,,,,678,473965.0,48352.0,129286.0
,,,,,,,,679,495184.0,49599.0,128606.0
,,,,,,,,680,514449.0,51700.0,129776.0
,,,,,,,,681,525429.0,54134.0,135056.0
,,,,,,,,682,531847.0,56802.0,142498.0
,,,,,,,,683,534675.0,60697.0,147645.0
,,,,,,,,684,538600.0,62929.0,155829.0
,,,,,,,,685,551755.0,65819.0,164172.0
,,,,,,,,686,556869.0,68553.0,170327.0
,,,,,,,,687,557759.0,69312.0,177662.0
,,,,,,,,688,563672.0,69340.0,184703.0
,,,,,,,,689,592840.0,69783.0,186273.0
,,,,,,,,690,628932.0,72095.0,188242.0
,,,,,,,,691,658200.0,75049.0,193713.0
,,,,,,,,692,668863.0,81602.0,206348.0
,,,,,,,,693,650582.0,82186.0,214736.0
,,,,,,,,694,618288.0,79288.0,221300.0
,,,,,,,,695,578382.0,75548.0,216457.0
,,,,,,,,696,529549.0,70328.0,203993.0
,,,,,,,,697,530712.0,78620.0,195334.0
,,,,,,,,698,494267.0,72241.0,177723.0
,,,,,,,,699,482509.0,69239.0,159534.0
,,,,,,,,700,482050.0,68822.0,143824.0
,,,,,,,,701,483758.0,69241.0,137437.0
,,,,,,,,702,494316.0,69891.0,136307.0
,,,,,,,,703,515420.0,72531.0,135764.0
,,,,,,,,704,543523.0,82284.0,137353.0
,,,,,,,,705,556625.0,83519.0,142554.0
,,,,,,,,706,563369.0,79745.0,150891.0
,,,,,,,,707,568899.0,79747.0,155983.0
,,,,,,,,708,575646.0,79637.0,163574.0
,,,,,,,,709,587848.0,80588.0,170464.0
,,,,,,,,710,592167.0,81757.0,176554.0
,,,,,,,,711,591011.0,81164.0,182950.0
,,,,,,,,712,598332.0,80791.0,188281.0
,,,,,,,,713,631878.0,81206.0,189376.0
,,,,,,,,714,673694.0,84274.0,190655.0
,,,,,,,,715,708700.0,87152.0,197472.0
,,,,,,,,716,721891.0,93657.0,210145.0
,,,,,,,,717,702343.0,93780.0,222121.0
,,,,,,,,718,668415.0,89904.0,230027.0
,,,,,,,,719,628355.0,84343.0,224891.0
,,,,,,,,720,577995.0,77636.0,211380.0
