Resource,EIC_storage_metalair_advanced_0,EIC_landbasedwind_class1_moderate_0,EIC_landbasedwind_class1_moderate_1,EIC_landbasedwind_class1_moderate_2,EIC_landbasedwind_class1_moderate_3,EIC_landbasedwind_class1_moderate_4,EIC_landbasedwind_class1_moderate_5,EIC_landbasedwind_class1_moderate_6,EIC_landbasedwind_class1_moderate_7,EIC_landbasedwind_class1_moderate_8,EIC_landbasedwind_class1_moderate_9,EIC_utilitypv_class1_moderate_0,EIC_utilitypv_class1_moderate_1,EIC_utilitypv_class1_moderate_2,EIC_utilitypv_class1_moderate_3,EIC_utilitypv_class1_moderate_4,EIC_utilitypv_class1_moderate_5,EIC_utilitypv_class1_moderate_6,EIC_utilitypv_class1_moderate_7,EIC_utilitypv_class1_moderate_8,EIC_utilitypv_class1_moderate_9,TRE_storage_metalair_advanced_0,TRE_landbasedwind_class1_moderate_0,TRE_landbasedwind_class1_moderate_1,TRE_landbasedwind_class1_moderate_2,TRE_landbasedwind_class1_moderate_3,TRE_landbasedwind_class1_moderate_4,TRE_landbasedwind_class1_moderate_5,TRE_landbasedwind_class1_moderate_6,TRE_landbasedwind_class1_moderate_7,TRE_landbasedwind_class1_moderate_8,TRE_landbasedwind_class1_moderate_9,TRE_utilitypv_class1_moderate_0,TRE_utilitypv_class1_moderate_1,TRE_utilitypv_class1_moderate_2,TRE_utilitypv_class1_moderate_3,TRE_utilitypv_class1_moderate_4,TRE_utilitypv_class1_moderate_5,TRE_utilitypv_class1_moderate_6,TRE_utilitypv_class1_moderate_7,TRE_utilitypv_class1_moderate_8,TRE_utilitypv_class1_moderate_9,WECC_storage_metalair_advanced_0,WECC_landbasedwind_class1_moderate_0,WECC_landbasedwind_class1_moderate_1,WECC_landbasedwind_class1_moderate_2,WECC_landbasedwind_class1_moderate_3,WECC_landbasedwind_class1_moderate_4,WECC_landbasedwind_class1_moderate_5,WECC_landbasedwind_class1_moderate_6,WECC_landbasedwind_class1_moderate_7,WECC_landbasedwind_class1_moderate_8,WECC_landbasedwind_class1_moderate_9,WECC_utilitypv_class1_moderate_0,WECC_utilitypv_class1_moderate_1,WECC_utilitypv_class1_moderate_2,WECC_utilitypv_class1_moderate_3,WECC_utilitypv_class1_moderate_4,WECC_utilitypv_class1_moderate_5,WECC_utilitypv_class1_moderate_6,WECC_utilitypv_class1_moderate_7,WECC_utilitypv_class1_moderate_8,WECC_utilitypv_class1_moderate_9,Total
Zone,1,1,1,1,1,1,1,1,1,1,1,1,1,1,1,1,1,1,1,1,1,2,2,2,2,2,2,2,2,2,2,2,2,2,2,2,2,2,2,2,2,2,3,3,3,3,3,3,3,3,3,3,3,3,3,3,3,3,3,3,3,3,3,0
AnnualSum,0.0,0.0,0.0,0.0,0.0,0.0,0.0,0.0,0.0,0.0,0.0,34.78987437245845,31.69668120376746,34.39376439227798,30.73784206129374,32.69175242693914,33.247544893030394,32.92363828388705,32.32864100729039,33.50620495480406,35.273969870380974,0.0,0.0,0.0,0.0,0.0,0.0,0.0,0.0,0.0,0.0,0.0,553.7215094997109,1449.4662218907179,637.8424270633194,1506.9919929406951,691.4914540656513,1584.9817936281765,1103.8471598694096,552.7779318985465,1018.564255866402,639.9145825690968,0.0,0.0,0.0,0.0,0.0,0.0,0.0,0.0,0.0,0.0,0.0,72.40723843111041,77.6375923051587,77.13590600083299,67.55364277148374,79.24947812891263,81.82325644140283,65.66266619966639,80.87238780779454,95.03497761510887,86.52358253001813,10855.089970989347
t1,0.0,0.0,0.0,0.0,0.0,0.0,0.0,0.0,0.0,0.0,0.0,0.0,0.0,0.0,0.0,0.0,0.0,0.0,0.0,0.0,0.0,0.0,0.0,0.0,0.0,0.0,0.0,0.0,0.0,0.0,0.0,0.0,0.0,0.0,0.0,0.0,0.0,0.0,0.0,0.0,0.0,0.0,0.0,0.0,0.0,0.0,0.0,0.0,0.0,0.0,0.0,0.0,0.0,0.0,0.0,0.0,0.0,0.0,0.0,0.0,0.0,0.0,0.0,0.0
t2,0.0,0.0,0.0,0.0,0.0,0.0,0.0,0.0,0.0,0.0,0.0,0.0,0.0,0.0,0.0,0.0,0.0,0.0,0.0,0.0,0.0,0.0,0.0,0.0,0.0,0.0,0.0,0.0,0.0,0.0,0.0,0.0,0.0,0.0,0.0,0.0,0.0,0.0,0.0,0.0,0.0,0.0,0.0,0.0,0.0,0.0,0.0,0.0,0.0,0.0,0.0,0.0,0.0,0.0,0.0,0.0,0.0,0.0,0.0,0.0,0.0,0.0,0.0,0.0
t3,0.0,0.0,0.0,0.0,0.0,0.0,0.0,0.0,0.0,0.0,0.0,0.0,0.0,0.0,0.0,0.0,0.0,0.0,0.0,0.0,0.0,0.0,0.0,0.0,0.0,0.0,0.0,0.0,0.0,0.0,0.0,0.0,0.0,0.0,0.0,0.0,0.0,0.0,0.0,0.0,0.0,0.0,0.0,0.0,0.0,0.0,0.0,0.0,0.0,0.0,0.0,0.0,0.0,0.0,0.0,0.0,0.0,0.0,0.0,0.0,0.0,0.0,0.0,0.0
t4,0.0,0.0,0.0,0.0,0.0,0.0,0.0,0.0,0.0,0.0,0.0,0.0,0.0,0.0,0.0,0.0,0.0,0.0,0.0,0.0,0.0,0.0,0.0,0.0,0.0,0.0,0.0,0.0,0.0,0.0,0.0,0.0,0.0,0.0,0.0,0.0,0.0,0.0,0.0,0.0,0.0,0.0,0.0,0.0,0.0,0.0,0.0,0.0,0.0,0.0,0.0,0.0,0.0,0.0,0.0,0.0,0.0,0.0,0.0,0.0,0.0,0.0,0.0,0.0
t5,0.0,0.0,0.0,0.0,0.0,0.0,0.0,0.0,0.0,0.0,0.0,0.0,0.0,0.0,0.0,0.0,0.0,0.0,0.0,0.0,0.0,0.0,0.0,0.0,0.0,0.0,0.0,0.0,0.0,0.0,0.0,0.0,0.0,0.0,0.0,0.0,0.0,0.0,0.0,0.0,0.0,0.0,0.0,0.0,0.0,0.0,0.0,0.0,0.0,0.0,0.0,0.0,0.0,0.0,0.0,0.0,0.0,0.0,0.0,0.0,0.0,0.0,0.0,0.0
t6,0.0,0.0,0.0,0.0,0.0,0.0,0.0,0.0,0.0,0.0,0.0,0.0,7.098134291621699e-5,0.0,4.530838975690632e-5,3.380706193246434e-5,0.0,0.0,0.00011746018872961182,0.00031667792179551266,0.0,0.0,0.0,0.0,0.0,0.0,0.0,0.0,0.0,0.0,0.0,0.0,0.0,0.0,0.0,0.0,0.0,0.0,0.0,0.0,0.0,0.0,0.0,0.0,0.0,0.0,0.0,0.0,0.0,0.0,0.0,0.0,0.0,0.0,0.0,0.0,0.0,0.0,0.0,0.0,0.0,0.0,0.0,0.0005842349051307121
t7,0.0,0.0,0.0,0.0,0.0,0.0,0.0,0.0,0.0,0.0,0.0,0.00020926044425666275,0.0011421283543973778,0.000279420887674579,0.0012616308039444936,0.0007913939028553622,0.0,0.00011669800280831474,0.001601585956256772,0.0016317390983777238,0.0,0.0,0.0,0.0,0.0,0.0,0.0,0.0,0.0,0.0,0.0,0.0,0.0,0.0,0.0,0.0,0.0,0.0,0.0,0.0,0.0,0.0,0.0,0.0,0.0,0.0,0.0,0.0,0.0,0.0,0.0,0.0,0.0,0.0,0.0,0.0,0.0,0.0,0.0,0.0,0.0,0.0,0.0,0.007033857450571286
t8,0.0,0.0,0.0,0.0,0.0,0.0,0.0,0.0,0.0,0.0,0.0,0.002981148843695392,0.00492571719159901,0.0034260600521192654,0.004831947911091229,0.004813779714598242,0.002204467350909369,0.0031908422620603675,0.005494704131594251,0.005308735085070451,0.002289602738494002,0.0,0.0,0.0,0.0,0.0,0.0,0.0,0.0,0.0,0.0,0.0,0.007939789928225353,0.03623892859088704,0.01263440524144492,0.025386415453038134,0.013634833415691158,0.006925002125029468,0.0042358975183458165,0.01078707086894528,0.0,0.012528728170947355,0.0,0.0,0.0,0.0,0.0,0.0,0.0,0.0,0.0,0.0,0.0,7.040866895028138e-5,0.00021875897727107447,0.00018325500677035628,0.00032216117336461775,0.0002856357161262938,0.0,9.150403871350787e-5,0.0,0.0002608790260445166,0.0,0.17121067920102676
t9,0.0,0.0,0.0,0.0,0.0,0.0,0.0,0.0,0.0,0.0,0.0,0.007207370107775461,0.008339727162826003,0.00758627406867328,0.007972321729953862,0.008209921314136637,0.006438944205179009,0.006695333202287853,0.008550233993433494,0.008350459973746185,0.0063132867577952775,0.0,0.0,0.0,0.0,0.0,0.0,0.0,0.0,0.0,0.0,0.0,0.07836552810554469,0.21650592513982267,0.08939245574371785,0.21400274850850393,0.0956056920240197,0.20977988603099712,0.1225325589715554,0.07811686768544857,0.11576388588693533,0.07820891322285467,0.0,0.0,0.0,0.0,0.0,0.0,0.0,0.0,0.0,0.0,0.0,0.0034756477092327998,0.007199255305311598,0.004401243749119598,0.006569271063814263,0.004543771517596498,0.005589161482747255,0.00300765252370711,0.0049237514193011195,0.00482953070027374,0.0054731096384970646,1.4239507289448077
t10,0.0,0.0,0.0,0.0,0.0,0.0,0.0,0.0,0.0,0.0,0.0,0.009990341821333753,0.010218548501132147,0.010064470474910554,0.009643169153124631,0.01013828849327373,0.00921186798065057,0.008914946233660596,0.010069337353013729,0.010007691417535025,0.009258378217569908,0.0,0.0,0.0,0.0,0.0,0.0,0.0,0.0,0.0,0.0,0.0,0.1241269563583359,0.3287017531182474,0.1446523201041262,0.33564797411285163,0.15267590400951617,0.34209424433352786,0.22159175707772125,0.12427513238459581,0.19255660090724394,0.13517145837146943,0.0,0.0,0.0,0.0,0.0,0.0,0.0,0.0,0.0,0.0,0.0,0.01033862182538854,0.013238463397725468,0.01096252569755455,0.012203928335755088,0.010872700256167095,0.013040185765074114,0.008110715649801153,0.012858292020305605,0.01182632944481317,0.01356579197302002,2.316028694789445
t11,0.0,0.0,0.0,0.0,0.0,0.0,0.0,0.0,0.0,0.0,0.0,0.01112228431819784,0.011088112748268455,0.011071963060621599,0.010562399529968935,0.01089769224110692,0.010301064184278013,0.010011742939699874,0.01082275960254074,0.010902248127449155,0.01033310247155211,0.0,0.0,0.0,0.0,0.0,0.0,0.0,0.0,0.0,0.0,0.0,0.1511438140622686,0.38429402934635065,0.171001713314492,0.3953448466855039,0.17895738007219486,0.40613132250123596,0.26940316301972506,0.14862522414342272,0.22779198883870053,0.17106008346132073,0.0,0.0,0.0,0.0,0.0,0.0,0.0,0.0,0.0,0.0,0.0,0.01520010305970612,0.016168096308119682,0.015729387109552653,0.015204505961451096,0.015535563653391638,0.018428368898224197,0.011918285679285308,0.01842421810988575,0.016661220071621706,0.019201432521525723,2.7733381160416624
t12,0.0,0.0,0.0,0.0,0.0,0.0,0.0,0.0,0.0,0.0,0.0,0.011811373744247854,0.011629608585259561,0.011657765235973904,0.011010238252548767,0.01139183507402306,0.010932675652725564,0.010955879590936473,0.011471574967317785,0.011613218182471822,0.01091255413581134,0.0,0.0,0.0,0.0,0.0,0.0,0.0,0.0,0.0,0.0,0.0,0.16438227757689117,0.4092869539748801,0.1851011726786778,0.41890737173574805,0.19779976629908474,0.43393273110797753,0.29837716288904165,0.16146717007002478,0.25673314744688963,0.1882595062220545,0.0,0.0,0.0,0.0,0.0,0.0,0.0,0.0,0.0,0.0,0.0,0.017690509778020946,0.018541864025412854,0.01848833165954655,0.01660337489428943,0.01856768596268636,0.02058012718984021,0.01463412426067731,0.020779698871626014,0.0209100335195232,0.021369474372973665,3.015799207957183
t13,0.0,0.0,0.0,0.0,0.0,0.0,0.0,0.0,0.0,0.0,0.0,0.012079024636404367,0.011870361846252342,0.011903160007137306,0.011302032966891194,0.011688304572483913,0.011160118280798657,0.011439290358751485,0.011727054182678009,0.011889983595791296,0.011193038692863337,0.0,0.0,0.0,0.0,0.0,0.0,0.0,0.0,0.0,0.0,0.0,0.17277642556591433,0.4246854912693389,0.19560831568636558,0.43710275377927765,0.20971723272838957,0.4522406814516777,0.3154099025874762,0.16992466993964142,0.28530345143900365,0.19874833710343168,0.0,0.0,0.0,0.0,0.0,0.0,0.0,0.0,0.0,0.0,0.0,0.01847806830885487,0.019791861063242183,0.019379464553649944,0.017291897558186962,0.01996310253416564,0.021468240512294012,0.01612122959479512,0.021608982441597802,0.02372375191970541,0.02228997573686815,3.1778862049139294
t14,0.0,0.0,0.0,0.0,0.0,0.0,0.0,0.0,0.0,0.0,0.0,0.012014704242153614,0.011803490303934995,0.011860206542602217,0.011235569883419389,0.011602697096702575,0.011277311807111334,0.01162669740677321,0.01165936177484773,0.011764331753357093,0.01143528053263631,0.0,0.0,0.0,0.0,0.0,0.0,0.0,0.0,0.0,0.0,0.0,0.17542442375410572,0.4281061434657987,0.19698407092185818,0.44479555699399054,0.21148539343796682,0.4640545441283243,0.3261300286405544,0.1697053280865292,0.2974303374080389,0.1998533722774143,0.0,0.0,0.0,0.0,0.0,0.0,0.0,0.0,0.0,0.0,0.0,0.01919360654475547,0.02085018587501404,0.020166382745920093,0.017700228547813952,0.020723231627471753,0.02205001081700864,0.017083184626801362,0.022161802933416345,0.025283499838807844,0.02285918937499448,3.2383201733901226
t15,0.0,0.0,0.0,0.0,0.0,0.0,0.0,0.0,0.0,0.0,0.0,0.011786061780526045,0.011145428827309265,0.011593141760466823,0.01063930197624646,0.011189470725136725,0.011189350314124692,0.01131744827093761,0.011174833128375772,0.01117547182759894,0.011097276678150025,0.0,0.0,0.0,0.0,0.0,0.0,0.0,0.0,0.0,0.0,0.0,0.1739385507889202,0.42181931476279133,0.19557620098213105,0.4423930440210817,0.20968630420456758,0.46526359697835357,0.33234358832013944,0.1710834233202799,0.30346100565989764,0.20116107362771682,0.0,0.0,0.0,0.0,0.0,0.0,0.0,0.0,0.0,0.0,0.0,0.019330069641642748,0.020847329189729334,0.02042819378140652,0.01754374524494254,0.021081614543315762,0.022111864014856986,0.016974948202890066,0.02216219057083142,0.025059779395126536,0.02279249499218409,3.237366117531678
t16,0.0,0.0,0.0,0.0,0.0,0.0,0.0,0.0,0.0,0.0,0.0,0.011501666989558063,0.010289168318922338,0.011333879206336129,0.00978694308527862,0.010698899753578706,0.01103571894869619,0.011087525358993183,0.010605061815318664,0.010723206188282961,0.01082215477036787,0.0,0.0,0.0,0.0,0.0,0.0,0.0,0.0,0.0,0.0,0.0,0.1694279450957426,0.41447640955446985,0.189634604490771,0.4341472382513092,0.20621518532625605,0.45534477614418456,0.3256705293141778,0.1672964891700247,0.2990348555542554,0.19657287251475392,0.0,0.0,0.0,0.0,0.0,0.0,0.0,0.0,0.0,0.0,0.0,0.019411413555189994,0.020625850885831208,0.02048476328056427,0.017936991960080667,0.02064319450402123,0.022075642111066288,0.016696593233601446,0.022091722442563338,0.02464241360674683,0.02275279733918534,3.173066512770127
t17,0.0,0.0,0.0,0.0,0.0,0.0,0.0,0.0,0.0,0.0,0.0,0.011055176640593358,0.009251527048116506,0.01085646437082366,0.00878054773083843,0.009808674715185432,0.010713461814180775,0.010520004333999515,0.009622045473561585,0.009969807682564447,0.010465521176173793,0.0,0.0,0.0,0.0,0.0,0.0,0.0,0.0,0.0,0.0,0.0,0.15771692447326272,0.4031366967411686,0.1806786114385808,0.4199714049948366,0.19805049970657418,0.44354345631720193,0.3167476265700206,0.16037492532662825,0.289745868622476,0.18923969513376543,0.0,0.0,0.0,0.0,0.0,0.0,0.0,0.0,0.0,0.0,0.0,0.019315861650077093,0.020431679478136323,0.02032438252013001,0.018357235434974955,0.020176412504724947,0.022178532979881142,0.016251748810465348,0.02222777614696451,0.023784867216783204,0.022927341914161025,3.0662247789668506
t18,0.0,0.0,0.0,0.0,0.0,0.0,0.0,0.0,0.0,0.0,0.0,0.01073076415410057,0.007684085337219553,0.010305907493348318,0.007527141617145334,0.00875032905913443,0.010416203089688986,0.009876970283846776,0.007976945089414883,0.008995639605706962,0.010324903248857648,0.0,0.0,0.0,0.0,0.0,0.0,0.0,0.0,0.0,0.0,0.0,0.14098466879403931,0.38612804218645397,0.16955222770715006,0.40343370662015227,0.1872621572003078,0.4267739068550234,0.3051487332051675,0.15464800522601407,0.2768225494730737,0.17593169390091942,0.0,0.0,0.0,0.0,0.0,0.0,0.0,0.0,0.0,0.0,0.0,0.018859198283678713,0.019454518403519087,0.019883802803009006,0.018228985315896503,0.01885739226460737,0.02203744210254169,0.01555372860849788,0.022086087536196324,0.021555702881694335,0.022815361019408575,2.918606799365815
t19,0.0,0.0,0.0,0.0,0.0,0.0,0.0,0.0,0.0,0.0,0.0,0.00918480235824348,0.004544764850577738,0.008669059461447788,0.004697675041981759,0.006250722762325744,0.009262782930047146,0.00825975904574441,0.004828467569626853,0.006319069192107316,0.009242432412219413,0.0,0.0,0.0,0.0,0.0,0.0,0.0,0.0,0.0,0.0,0.0,0.11492631311522011,0.33850224903847775,0.14784175625915902,0.3544142605850651,0.16306013085223509,0.37460475604734433,0.26723177672487836,0.1305453991325621,0.24855739479133587,0.1455071129608669,0.0,0.0,0.0,0.0,0.0,0.0,0.0,0.0,0.0,0.0,0.0,0.018249664169549606,0.018595058790006978,0.018985295730670156,0.018093764946630352,0.01780061560471252,0.02212867981170505,0.0156733122000949,0.022172086551277274,0.01931457327971977,0.022938284583952997,2.5504020207997855
t20,0.0,0.0,0.0,0.0,0.0,0.0,0.0,0.0,0.0,0.0,0.0,0.005833417204870108,0.0011505949982660735,0.0053992481529992154,0.001514316176382193,0.0028371188584095128,0.0064099679309108405,0.005224735243139863,0.0013886561454487948,0.002740836924687373,0.006740865709470945,0.0,0.0,0.0,0.0,0.0,0.0,0.0,0.0,0.0,0.0,0.0,0.08114039218685726,0.23636390078938235,0.09862897599871026,0.24507672572886668,0.11165749655780798,0.26522731577605646,0.18954653497676094,0.08628989420112265,0.1798437765075766,0.0924420889177015,0.0,0.0,0.0,0.0,0.0,0.0,0.0,0.0,0.0,0.0,0.0,0.01605870719920148,0.01588451584189633,0.016137395192723766,0.017471142644032635,0.01546182318085127,0.0218160859223124,0.014929784868744054,0.021857763137265708,0.015646285400055557,0.022512244085378767,1.8032326064578894
t21,0.0,0.0,0.0,0.0,0.0,0.0,0.0,0.0,0.0,0.0,0.0,0.0018799346118519818,0.00013344682554764496,0.0016023433708122006,0.00038921289201439155,0.0005519456636316822,0.0024591978577198554,0.0014303461489257314,0.0003777261760047109,0.0005888223484379672,0.0030853868770350647,0.0,0.0,0.0,0.0,0.0,0.0,0.0,0.0,0.0,0.0,0.0,0.02086849381953243,0.0806945774461667,0.023674536401599146,0.08294094267604121,0.027926528784646538,0.09289550123411826,0.06927995681666986,0.017269215513899528,0.08030415107067572,0.018541111383095714,0.0,0.0,0.0,0.0,0.0,0.0,0.0,0.0,0.0,0.0,0.0,0.011020769777942313,0.011068277874142409,0.011249402961928787,0.016061114930689627,0.010530291642981122,0.02033687091296096,0.012343345730486975,0.02050162671820854,0.011234890518701189,0.020978714416233717,0.672218683402702
t22,0.0,0.0,0.0,0.0,0.0,0.0,0.0,0.0,0.0,0.0,0.0,0.0,0.0,0.0,0.0,0.0,0.0,0.0,0.0,0.0,0.0,0.0,0.0,0.0,0.0,0.0,0.0,0.0,0.0,0.0,0.0,0.0,0.0,0.0,0.0,0.0,0.0,0.0,0.0,0.0,0.0,0.0,0.0,0.0,0.0,0.0,0.0,0.0,0.0,0.0,0.0,0.0,0.0,0.004493834369960319,0.004238978760290139,0.00424311325411121,0.012099169367116358,0.0038753102905964712,0.01652152192269377,0.007121782545060465,0.01643531961581485,0.005278232048130672,0.01728761868318553,0.09159488085695978
t23,0.0,0.0,0.0,0.0,0.0,0.0,0.0,0.0,0.0,0.0,0.0,0.0,0.0,0.0,0.0,0.0,0.0,0.0,0.0,0.0,0.0,0.0,0.0,0.0,0.0,0.0,0.0,0.0,0.0,0.0,0.0,0.0,0.0,0.0,0.0,0.0,0.0,0.0,0.0,0.0,0.0,0.0,0.0,0.0,0.0,0.0,0.0,0.0,0.0,0.0,0.0,0.0,0.0,0.00043847253824061936,0.0010943288559254738,0.00042416440679372727,0.006174219444783571,0.00044873012543963377,0.009788525279496516,0.00162784700323832,0.009615116095446213,0.0017840151731342107,0.01061258011202633,0.04200799903452462
t24,0.0,0.0,0.0,0.0,0.0,0.0,0.0,0.0,0.0,0.0,0.0,0.0,0.0,0.0,0.0,0.0,0.0,0.0,0.0,0.0,0.0,0.0,0.0,0.0,0.0,0.0,0.0,0.0,0.0,0.0,0.0,0.0,0.0,0.0,0.0,0.0,0.0,0.0,0.0,0.0,0.0,0.0,0.0,0.0,0.0,0.0,0.0,0.0,0.0,0.0,0.0,0.0,0.0,0.0,0.0,0.0,0.0,0.0,0.0,0.0,0.0,0.0,0.0,0.0
t25,0.0,0.0,0.0,0.0,0.0,0.0,0.0,0.0,0.0,0.0,0.0,0.0,0.0,0.0,0.0,0.0,0.0,0.0,0.0,0.0,0.0,0.0,0.0,0.0,0.0,0.0,0.0,0.0,0.0,0.0,0.0,0.0,0.0,0.0,0.0,0.0,0.0,0.0,0.0,0.0,0.0,0.0,0.0,0.0,0.0,0.0,0.0,0.0,0.0,0.0,0.0,0.0,0.0,0.0,0.0,0.0,0.0,0.0,0.0,0.0,0.0,0.0,0.0,0.0
t26,0.0,0.0,0.0,0.0,0.0,0.0,0.0,0.0,0.0,0.0,0.0,0.0,0.0,0.0,0.0,0.0,0.0,0.0,0.0,0.0,0.0,0.0,0.0,0.0,0.0,0.0,0.0,0.0,0.0,0.0,0.0,0.0,0.0,0.0,0.0,0.0,0.0,0.0,0.0,0.0,0.0,0.0,0.0,0.0,0.0,0.0,0.0,0.0,0.0,0.0,0.0,0.0,0.0,0.0,0.0,0.0,0.0,0.0,0.0,0.0,0.0,0.0,0.0,0.0
t27,0.0,0.0,0.0,0.0,0.0,0.0,0.0,0.0,0.0,0.0,0.0,0.0,0.0,0.0,0.0,0.0,0.0,0.0,0.0,0.0,0.0,0.0,0.0,0.0,0.0,0.0,0.0,0.0,0.0,0.0,0.0,0.0,0.0,0.0,0.0,0.0,0.0,0.0,0.0,0.0,0.0,0.0,0.0,0.0,0.0,0.0,0.0,0.0,0.0,0.0,0.0,0.0,0.0,0.0,0.0,0.0,0.0,0.0,0.0,0.0,0.0,0.0,0.0,0.0
t28,0.0,0.0,0.0,0.0,0.0,0.0,0.0,0.0,0.0,0.0,0.0,0.0,0.0,0.0,0.0,0.0,0.0,0.0,0.0,0.0,0.0,0.0,0.0,0.0,0.0,0.0,0.0,0.0,0.0,0.0,0.0,0.0,0.0,0.0,0.0,0.0,0.0,0.0,0.0,0.0,0.0,0.0,0.0,0.0,0.0,0.0,0.0,0.0,0.0,0.0,0.0,0.0,0.0,0.0,0.0,0.0,0.0,0.0,0.0,0.0,0.0,0.0,0.0,0.0
t29,0.0,0.0,0.0,0.0,0.0,0.0,0.0,0.0,0.0,0.0,0.0,0.0,0.0,0.0,0.0,0.0,0.0,0.0,0.0,0.0,0.0,0.0,0.0,0.0,0.0,0.0,0.0,0.0,0.0,0.0,0.0,0.0,0.0,0.0,0.0,0.0,0.0,0.0,0.0,0.0,0.0,0.0,0.0,0.0,0.0,0.0,0.0,0.0,0.0,0.0,0.0,0.0,0.0,0.0,0.0,0.0,0.0,0.0,0.0,0.0,0.0,0.0,0.0,0.0
t30,0.0,0.0,0.0,0.0,0.0,0.0,0.0,0.0,0.0,0.0,0.0,0.0,3.418442518616242e-5,0.0,3.3461250768442616e-5,2.1770442204312962e-5,0.0,0.0,5.737685420791205e-5,6.984528662937001e-5,0.0,0.0,0.0,0.0,0.0,0.0,0.0,0.0,0.0,0.0,0.0,0.0,0.0,0.0,0.0,0.0,0.0,0.0,0.0,0.0,0.0,0.0,0.0,0.0,0.0,0.0,0.0,0.0,0.0,0.0,0.0,0.0,0.0,0.0,0.0,0.0,0.0,0.0,0.0,0.0,0.0,0.0,0.0,0.00021663825899620004
t31,0.0,0.0,0.0,0.0,0.0,0.0,0.0,0.0,0.0,0.0,0.0,0.0002070156552660536,0.0011739284016871441,0.0002750131591472514,0.001395698853609192,0.0008496840897163902,0.0,0.00012804312179862738,0.0013873868789809078,0.0010049541949104547,0.0,0.0,0.0,0.0,0.0,0.0,0.0,0.0,0.0,0.0,0.0,0.0,0.0,0.0,0.0,0.0,0.0,0.0,0.0,0.0,0.0,0.0,0.0,0.0,0.0,0.0,0.0,0.0,0.0,0.0,0.0,0.0,0.0,0.0,0.0,0.0,0.0,0.0,0.0,0.0,0.0,0.0,0.0,0.006421724355116022
t32,0.0,0.0,0.0,0.0,0.0,0.0,0.0,0.0,0.0,0.0,0.0,0.002126484497578918,0.003964448771847056,0.0025064541921516574,0.004200493770656277,0.00384170678557675,0.00129796236335865,0.002721950166800893,0.004199554038201963,0.0037193676223115347,0.002058046706684219,0.0,0.0,0.0,0.0,0.0,0.0,0.0,0.0,0.0,0.0,0.0,0.0006218808832299431,0.008752044797166954,0.0012661756634062952,0.006340997084090484,0.001970052592923334,0.0059755834263539,0.003745025768669862,0.0026209428896244564,0.004025590896502812,0.0034277752175097013,0.0,0.0,0.0,0.0,0.0,0.0,0.0,0.0,0.0,0.0,0.0,0.0,0.00010277087928203186,7.472815057858817e-5,4.8696530113451795e-5,7.857044686589283e-5,0.0,0.0,0.0,6.544879602772534e-5,0.0,0.06975275293751336
t33,0.0,0.0,0.0,0.0,0.0,0.0,0.0,0.0,0.0,0.0,0.0,0.0047853043723479665,0.006344577463912862,0.005358239494833014,0.0063227855838650145,0.006339299528748746,0.004249520143414243,0.0056033086845518896,0.006433757900556185,0.00612078615215476,0.005044492902563843,0.0,0.0,0.0,0.0,0.0,0.0,0.0,0.0,0.0,0.0,0.0,0.05354148803491977,0.14106771750018038,0.06259225486089955,0.17002274706089343,0.07080440477054376,0.19500913054225638,0.1275588431831468,0.05739196068247928,0.12685854956338072,0.061041871312298566,0.0,0.0,0.0,0.0,0.0,0.0,0.0,0.0,0.0,0.0,0.0,0.0031831820935139692,0.0056327776261702244,0.00463204959577571,0.005204482099202799,0.005063577480067584,0.004724506844690394,0.004892505206538996,0.004272616631674066,0.004754505830694832,0.00414375928436336,1.168995002430639
t34,0.0,0.0,0.0,0.0,0.0,0.0,0.0,0.0,0.0,0.0,0.0,0.006391862324249443,0.007502152060188892,0.007015431908548761,0.007254659788750544,0.007553628791955772,0.006164351580694371,0.007235570178695966,0.007423699893004361,0.007256428835525695,0.006872980965594998,0.0,0.0,0.0,0.0,0.0,0.0,0.0,0.0,0.0,0.0,0.0,0.10034537018376487,0.249811188611703,0.11344437654339139,0.28995484092394647,0.12812116732221818,0.32038063308922105,0.2193637965433149,0.09722685975111738,0.20792744033022484,0.10770019801155685,0.0,0.0,0.0,0.0,0.0,0.0,0.0,0.0,0.0,0.0,0.0,0.00823762313533553,0.010507784292922736,0.009687159834753356,0.010258883368918868,0.01018057530220507,0.010643337949773596,0.009596310275156752,0.010539334272876595,0.010372503604752566,0.011213965722498553,2.006184115396861
t35,0.0,0.0,0.0,0.0,0.0,0.0,0.0,0.0,0.0,0.0,0.0,0.007265914500722483,0.00821853121520547,0.007864034973759669,0.00792326384528978,0.008100883370748761,0.007064497806870249,0.00804082736091361,0.00791190573539115,0.007757795762141319,0.00767061335255312,0.0,0.0,0.0,0.0,0.0,0.0,0.0,0.0,0.0,0.0,0.0,0.12758189010282758,0.3011246007912198,0.1454530911358467,0.34878489816686564,0.1610261781341156,0.39027142571688395,0.2732289327701493,0.11968685663287873,0.2575374586294915,0.13948782214515057,0.0,0.0,0.0,0.0,0.0,0.0,0.0,0.0,0.0,0.0,0.0,0.011739432527066853,0.013364948681492553,0.012614415856981791,0.01277409752392898,0.013158425415446755,0.014707956242799159,0.012498779174502452,0.014730188489159902,0.013418254154753045,0.014992333639325813,2.4760002538544823
t36,0.0,0.0,0.0,0.0,0.0,0.0,0.0,0.0,0.0,0.0,0.0,0.007724020952368074,0.008579439607325868,0.008215777991546495,0.008352965651761503,0.008468627022302682,0.007462124031407066,0.008452966668653035,0.00809263593677532,0.007925456852665573,0.008006386194983627,0.0,0.0,0.0,0.0,0.0,0.0,0.0,0.0,0.0,0.0,0.0,0.1405900492651314,0.3397077022989186,0.1614267938672416,0.37227482381665533,0.17332064695670116,0.4123955784338672,0.29140812224784374,0.12844994985761074,0.2752882635066165,0.15386617917654097,0.0,0.0,0.0,0.0,0.0,0.0,0.0,0.0,0.0,0.0,0.0,0.013698641774780328,0.01509100754045995,0.014317731138714125,0.014212024808497774,0.014883714568027812,0.01634252416609796,0.014042436173068919,0.016392532171624556,0.01567337444110409,0.016952663414886684,2.6816151605341783
t37,0.0,0.0,0.0,0.0,0.0,0.0,0.0,0.0,0.0,0.0,0.0,0.007959151567660987,0.00871964980532796,0.008283592835980277,0.008528496677891378,0.008686088844553859,0.007595149653941741,0.008718098792728925,0.00826830355579001,0.00815426427912592,0.008162661774686365,0.0,0.0,0.0,0.0,0.0,0.0,0.0,0.0,0.0,0.0,0.0,0.14243119920791655,0.35701264844158453,0.16483234473322164,0.37403657546724395,0.1736171628273759,0.41179294131057725,0.28878436396982754,0.12914434205952813,0.2642993346793416,0.156486277779683,0.0,0.0,0.0,0.0,0.0,0.0,0.0,0.0,0.0,0.0,0.0,0.014420415195594956,0.015864493122844922,0.015038686457626554,0.01476766824930866,0.01560006911576577,0.016961409977531337,0.01490570003474533,0.016990740439985604,0.016950419996792903,0.017589957516289858,2.7046022083704737
t38,0.0,0.0,0.0,0.0,0.0,0.0,0.0,0.0,0.0,0.0,0.0,0.008014686201384253,0.00867519326076243,0.008317303383228055,0.008523552002444866,0.008723822029244864,0.00792142560996375,0.008847363239050625,0.008286669103084673,0.008240277137646626,0.008172045777107213,0.0,0.0,0.0,0.0,0.0,0.0,0.0,0.0,0.0,0.0,0.0,0.14283843943191238,0.36332248652740484,0.1644912497348216,0.37592651748694594,0.1743546586812677,0.4143758045723549,0.2933028068781556,0.13045192148265683,0.266744891912017,0.1574303134384628,0.0,0.0,0.0,0.0,0.0,0.0,0.0,0.0,0.0,0.0,0.0,0.01509950404599783,0.01619096919196716,0.015503897312316653,0.015021387547116261,0.016346427273840686,0.017286418650526145,0.015366861487930926,0.01733946110089774,0.01796145436306298,0.017927868676849163,2.7310056775404226
t39,0.0,0.0,0.0,0.0,0.0,0.0,0.0,0.0,0.0,0.0,0.0,0.00785600198970705,0.00824133132826268,0.008073804930611533,0.008142612452425015,0.008410853327810329,0.007839675024717928,0.008575731132759737,0.007938869146949492,0.00796711998168108,0.007928905799878202,0.0,0.0,0.0,0.0,0.0,0.0,0.0,0.0,0.0,0.0,0.0,0.13754398503522128,0.36113620174360955,0.15668398868900554,0.3725970539267516,0.1668282208718965,0.41583382727428003,0.29204105988930307,0.12723271813842857,0.2648127418458536,0.150689473525866,0.0,0.0,0.0,0.0,0.0,0.0,0.0,0.0,0.0,0.0,0.0,0.015198101720190262,0.016099941554960716,0.015595363337878839,0.014911292132138642,0.01615520220507443,0.017281421488873194,0.015009442425427753,0.0173109252480938,0.0178664967780681,0.017912504667808086,2.6897148676135325
t40,0.0,0.0,0.0,0.0,0.0,0.0,0.0,0.0,0.0,0.0,0.0,0.00780980604396541,0.007793655050112792,0.00793276055662646,0.0077977379123966,0.008120560918289948,0.007718811371969208,0.008358288494830387,0.0075485060064199635,0.007513379223118086,0.00776727532077289,0.0,0.0,0.0,0.0,0.0,0.0,0.0,0.0,0.0,0.0,0.0,0.12323151596284904,0.33187737468586087,0.14342443955943457,0.36001606045498186,0.1516321594867808,0.40437917098713755,0.28083641378218216,0.11687653827237188,0.25752549061068136,0.1413037335220468,0.0,0.0,0.0,0.0,0.0,0.0,0.0,0.0,0.0,0.0,0.0,0.015226060446227353,0.016468446416798923,0.015777373198983594,0.014699220274191396,0.01603929486417233,0.017252478294858244,0.014598461268395289,0.017304454627449197,0.01840531103108436,0.017933048789050898,2.5531678274340406
t41,0.0,0.0,0.0,0.0,0.0,0.0,0.0,0.0,0.0,0.0,0.0,0.007631387006269479,0.007198845830767834,0.007286027743864767,0.007087569699131314,0.007365215132841082,0.007198320134447869,0.00780356088715513,0.00683333016087813,0.006783971883603438,0.007159566144277849,0.0,0.0,0.0,0.0,0.0,0.0,0.0,0.0,0.0,0.0,0.0,0.10932337197935385,0.2750212363322279,0.12284838817751963,0.3250975444220268,0.13562231225047477,0.38535815865459666,0.26285421227407135,0.10646052973690794,0.2496936569717713,0.1197018541642262,0.0,0.0,0.0,0.0,0.0,0.0,0.0,0.0,0.0,0.0,0.0,0.014645094890114485,0.01604606237731023,0.015143915509502262,0.014300486403172554,0.015147356923322097,0.016976228573459345,0.013857587579843962,0.017094768695590647,0.01776738730579032,0.017719012410090187,2.3230269602546096
t42,0.0,0.0,0.0,0.0,0.0,0.0,0.0,0.0,0.0,0.0,0.0,0.006950989128778754,0.006111062913622772,0.006419775827870273,0.006070244009033848,0.006391194991508043,0.006500159960874342,0.007091759813381674,0.005704872831656053,0.005957566993418374,0.00639708623510206,0.0,0.0,0.0,0.0,0.0,0.0,0.0,0.0,0.0,0.0,0.0,0.09410800833432792,0.22050846310612626,0.10340066406421598,0.2832499609861352,0.1193852958948905,0.3448950565463422,0.2435893139958341,0.08635639634919746,0.2367777419635774,0.10390050032439728,0.0,0.0,0.0,0.0,0.0,0.0,0.0,0.0,0.0,0.0,0.0,0.014331424381018525,0.015174719953026616,0.014711503775815269,0.014394449068273578,0.014488602162583663,0.017092291887018773,0.013463695617531083,0.01725617553411432,0.017329070927753005,0.017839808908007997,2.0558478564854332
t43,0.0,0.0,0.0,0.0,0.0,0.0,0.0,0.0,0.0,0.0,0.0,0.005635601603666579,0.004052116272645933,0.00502353468822878,0.004226575602085619,0.0047837805978206485,0.005365418138938716,0.0057344907387526295,0.0038877969308229107,0.004350182014810121,0.005308573227161967,0.0,0.0,0.0,0.0,0.0,0.0,0.0,0.0,0.0,0.0,0.0,0.06596819796132998,0.10675069219215443,0.07615040337184285,0.2107858156148143,0.08240253831837722,0.27456373560969577,0.19775679718612985,0.06533732474190238,0.214124730998369,0.0854021022266721,0.0,0.0,0.0,0.0,0.0,0.0,0.0,0.0,0.0,0.0,0.0,0.013689620874204484,0.012783585195963964,0.013411232756939137,0.013756934095046181,0.013191935184580603,0.017028304929764825,0.01298455771757042,0.017170550830832017,0.01629650630209882,0.017686774007511556,1.5756104099307335
t44,0.0,0.0,0.0,0.0,0.0,0.0,0.0,0.0,0.0,0.0,0.0,0.0034641462362655384,0.0013169105852409676,0.003021224948640558,0.0017295594150218189,0.0022842676682393176,0.003470874758302166,0.003578941809261001,0.001525848834621251,0.0020103086398600054,0.0033094074632830134,0.0,0.0,0.0,0.0,0.0,0.0,0.0,0.0,0.0,0.0,0.0,0.03138153631452281,0.0314358173054998,0.03735622828000568,0.0859843430967026,0.043944197447487385,0.15699017240291716,0.11905933462544503,0.042304562709749055,0.15078550279801944,0.05036845881611962,0.0,0.0,0.0,0.0,0.0,0.0,0.0,0.0,0.0,0.0,0.0,0.011972435250901243,0.008723273618901815,0.010981368977287886,0.01209937278302123,0.010918698204099289,0.016338483777455497,0.011638645305078858,0.016498087914604376,0.014571343681850098,0.016944796415326816,0.9060081500837313
t45,0.0,0.0,0.0,0.0,0.0,0.0,0.0,0.0,0.0,0.0,0.0,0.0009489814516271386,0.00014526306575642547,0.0006374474112762941,0.00032087561664027756,0.00036263189919857376,0.0010842634225294383,0.0010287586108248016,0.00030976439862687155,0.0003973749887664609,0.001323204055985605,0.0,0.0,0.0,0.0,0.0,0.0,0.0,0.0,0.0,0.0,0.0,0.0017615354489858596,0.0005925596251249349,0.003665573151742893,0.009995723013575706,0.0058652663795209165,0.02415329579444141,0.02410023814005856,0.004580169407845383,0.05105907238628587,0.00509053458746955,0.0,0.0,0.0,0.0,0.0,0.0,0.0,0.0,0.0,0.0,0.0,0.008663967722749917,0.005130592390356597,0.007398641872343344,0.01049888055960078,0.007626468667904976,0.01551717361290307,0.00932696803443104,0.01574347773166874,0.010862215976968435,0.016197063008789557,0.24438798243399942
t46,0.0,0.0,0.0,0.0,0.0,0.0,0.0,0.0,0.0,0.0,0.0,2.1375605975414637e-5,2.2038401830156665e-5,0.0,0.0,0.0,0.0,0.0,0.0,0.0,0.0,0.0,0.0,0.0,0.0,0.0,0.0,0.0,0.0,0.0,0.0,0.0,0.0,0.0,0.0,0.0,0.0,0.0,0.0,0.0,0.0,0.0,0.0,0.0,0.0,0.0,0.0,0.0,0.0,0.0,0.0,0.0,0.0,0.004384393352671807,0.003023222224381346,0.003537541506483157,0.008238676891150458,0.0035159545492232584,0.012909851109017241,0.0054442844634958725,0.013060163439362721,0.005126619067879338,0.013716979116856366,0.07300109972832713
t47,0.0,0.0,0.0,0.0,0.0,0.0,0.0,0.0,0.0,0.0,0.0,0.0,0.0,0.0,0.0,0.0,0.0,0.0,0.0,0.0,0.0,0.0,0.0,0.0,0.0,0.0,0.0,0.0,0.0,0.0,0.0,0.0,0.0,0.0,0.0,0.0,0.0,0.0,0.0,0.0,0.0,0.0,0.0,0.0,0.0,0.0,0.0,0.0,0.0,0.0,0.0,0.0,0.0,0.00045691464377494047,0.0008916251116098814,0.00044404977800692534,0.004056583227438611,0.0004695790621202625,0.007991294955666728,0.0015670022509953732,0.00803256294008261,0.0017366198735872746,0.00891976357980283,0.03456599542308543
t48,0.0,0.0,0.0,0.0,0.0,0.0,0.0,0.0,0.0,0.0,0.0,0.0,0.0,0.0,0.0,0.0,0.0,0.0,0.0,0.0,0.0,0.0,0.0,0.0,0.0,0.0,0.0,0.0,0.0,0.0,0.0,0.0,0.0,0.0,0.0,0.0,0.0,0.0,0.0,0.0,0.0,0.0,0.0,0.0,0.0,0.0,0.0,0.0,0.0,0.0,0.0,0.0,0.0,0.0,0.0,0.0,0.0,0.0,0.0,0.0,0.0,0.0,0.0,0.0
t49,0.0,0.0,0.0,0.0,0.0,0.0,0.0,0.0,0.0,0.0,0.0,0.0,0.0,0.0,0.0,0.0,0.0,0.0,0.0,0.0,0.0,0.0,0.0,0.0,0.0,0.0,0.0,0.0,0.0,0.0,0.0,0.0,0.0,0.0,0.0,0.0,0.0,0.0,0.0,0.0,0.0,0.0,0.0,0.0,0.0,0.0,0.0,0.0,0.0,0.0,0.0,0.0,0.0,0.0,0.0,0.0,0.0,0.0,0.0,0.0,0.0,0.0,0.0,0.0
t50,0.0,0.0,0.0,0.0,0.0,0.0,0.0,0.0,0.0,0.0,0.0,0.0,0.0,0.0,0.0,0.0,0.0,0.0,0.0,0.0,0.0,0.0,0.0,0.0,0.0,0.0,0.0,0.0,0.0,0.0,0.0,0.0,0.0,0.0,0.0,0.0,0.0,0.0,0.0,0.0,0.0,0.0,0.0,0.0,0.0,0.0,0.0,0.0,0.0,0.0,0.0,0.0,0.0,0.0,0.0,0.0,0.0,0.0,0.0,0.0,0.0,0.0,0.0,0.0
t51,0.0,0.0,0.0,0.0,0.0,0.0,0.0,0.0,0.0,0.0,0.0,0.0,0.0,0.0,0.0,0.0,0.0,0.0,0.0,0.0,0.0,0.0,0.0,0.0,0.0,0.0,0.0,0.0,0.0,0.0,0.0,0.0,0.0,0.0,0.0,0.0,0.0,0.0,0.0,0.0,0.0,0.0,0.0,0.0,0.0,0.0,0.0,0.0,0.0,0.0,0.0,0.0,0.0,0.0,0.0,0.0,0.0,0.0,0.0,0.0,0.0,0.0,0.0,0.0
t52,0.0,0.0,0.0,0.0,0.0,0.0,0.0,0.0,0.0,0.0,0.0,0.0,0.0,0.0,0.0,0.0,0.0,0.0,0.0,0.0,0.0,0.0,0.0,0.0,0.0,0.0,0.0,0.0,0.0,0.0,0.0,0.0,0.0,0.0,0.0,0.0,0.0,0.0,0.0,0.0,0.0,0.0,0.0,0.0,0.0,0.0,0.0,0.0,0.0,0.0,0.0,0.0,0.0,0.0,0.0,0.0,0.0,0.0,0.0,0.0,0.0,0.0,0.0,0.0
t53,0.0,0.0,0.0,0.0,0.0,0.0,0.0,0.0,0.0,0.0,0.0,0.0,0.0,0.0,0.0,0.0,0.0,0.0,0.0,0.0,0.0,0.0,0.0,0.0,0.0,0.0,0.0,0.0,0.0,0.0,0.0,0.0,0.0,0.0,0.0,0.0,0.0,0.0,0.0,0.0,0.0,0.0,0.0,0.0,0.0,0.0,0.0,0.0,0.0,0.0,0.0,0.0,0.0,0.0,0.0,0.0,0.0,0.0,0.0,0.0,0.0,0.0,0.0,0.0
t54,0.0,0.0,0.0,0.0,0.0,0.0,0.0,0.0,0.0,0.0,0.0,0.0,0.0,0.0,0.0,0.0,0.0,0.0,0.0,0.0,0.0,0.0,0.0,0.0,0.0,0.0,0.0,0.0,0.0,0.0,0.0,0.0,0.0,0.0,0.0,0.0,0.0,0.0,0.0,0.0,0.0,0.0,0.0,0.0,0.0,0.0,0.0,0.0,0.0,0.0,0.0,0.0,0.0,0.0,0.0,0.0,0.0,0.0,0.0,0.0,0.0,0.0,0.0,0.0
t55,0.0,0.0,0.0,0.0,0.0,0.0,0.0,0.0,0.0,0.0,0.0,0.0,8.274762423131296e-5,0.0,5.6943480514607555e-5,3.368718651114923e-5,0.0,0.0,9.266074404916704e-5,0.00021309893304345204,0.0,0.0,0.0,0.0,0.0,0.0,0.0,0.0,0.0,0.0,0.0,0.0,0.0,0.0,0.0,0.0,0.0,0.0,0.0,0.0,0.0,0.0,0.0,0.0,0.0,0.0,0.0,0.0,0.0,0.0,0.0,0.0,0.0,0.0,0.0,0.0,0.0,0.0,0.0,0.0,0.0,0.0,0.0,0.0004791379683496888
t56,0.0,0.0,0.0,0.0,0.0,0.0,0.0,0.0,0.0,0.0,0.0,0.00014801818171562072,0.0013336647070477082,0.000147096184452065,0.0015464316749160905,0.0009509818813065032,0.0,8.021048545897453e-5,0.0018283330450981302,0.0016612802276806892,0.0,0.0,0.0,0.0,0.0,0.0,0.0,0.0,0.0,0.0,0.0,0.0,0.0,0.0,0.0,0.0,0.0,0.0,0.0,0.0,0.0,0.0,0.0,0.0,0.0,0.0,0.0,0.0,0.0,0.0,0.0,0.0,0.0,0.0,0.0,0.0,0.0,0.0,0.0,0.0,0.0,0.0,0.0,0.007696016387675782
t57,0.0,0.0,0.0,0.0,0.0,0.0,0.0,0.0,0.0,0.0,0.0,0.002151577364112726,0.003165655919686087,0.0017135164319654393,0.0036118711478206043,0.0025745226859108625,0.0017438455152397774,0.001543203671998989,0.004141671207479948,0.0036998710227568576,0.0019509827381249294,0.0,0.0,0.0,0.0,0.0,0.0,0.0,0.0,0.0,0.0,0.0,0.007971599019986788,0.00901713270654566,0.007660327675981297,0.01358844911552308,0.00896650848106932,0.018045402064473276,0.013440610924665504,0.008322780096431835,0.027036133596791037,0.013441142420757031,0.0,0.0,0.0,0.0,0.0,0.0,0.0,0.0,0.0,0.0,0.0,0.00025269136461112605,7.913863723657002e-5,0.0003776437520923845,0.0,0.0004912172178265216,0.0,0.00019384950608095216,0.0,0.0002044228881921569,0.0,0.15538576717336078
t58,0.0,0.0,0.0,0.0,0.0,0.0,0.0,0.0,0.0,0.0,0.0,0.004887838712963912,0.004479344258626297,0.004137354650110074,0.0050909911957922015,0.004105203212442652,0.004764774563270322,0.0035834574488558353,0.00572133985380575,0.005338300591118793,0.003922249309160994,0.0,0.0,0.0,0.0,0.0,0.0,0.0,0.0,0.0,0.0,0.0,0.039149085013546074,0.07368443757098928,0.042057239478614214,0.08412947211249323,0.04558917437972478,0.10323151920493112,0.0777180429207532,0.03404340100556705,0.0843186282420831,0.04480828622015539,0.0,0.0,0.0,0.0,0.0,0.0,0.0,0.0,0.0,0.0,0.0,0.005983845665169223,0.004830329706023854,0.006603075643487631,0.003660226007981763,0.006921591502117052,0.00038611099302156976,0.006143600104354542,0.0003215095113414321,0.00808131112009708,0.00014736643545281265,0.7178391066340511
t59,0.0,0.0,0.0,0.0,0.0,0.0,0.0,0.0,0.0,0.0,0.0,0.0065028701627175564,0.005316615781659571,0.005710383624900112,0.0058259058093877575,0.005299588026880189,0.006400027185954149,0.0049650865042501335,0.006503180625871391,0.006168639398428304,0.00476204023928188,0.0,0.0,0.0,0.0,0.0,0.0,0.0,0.0,0.0,0.0,0.0,0.05847760468135366,0.11929364976825116,0.06241573459194496,0.12654481605182344,0.06644901095330706,0.14307119899843976,0.10952114181460453,0.04946720026994025,0.11475451688399928,0.06352945813907218,0.0,0.0,0.0,0.0,0.0,0.0,0.0,0.0,0.0,0.0,0.0,0.010914434118064349,0.009558708139391473,0.011480825654427453,0.010168234451360671,0.012211799200672384,0.010568284588845463,0.01165145086131323,0.010900861233065462,0.015184514849180698,0.010930108737766498,1.084547891346155
t60,0.0,0.0,0.0,0.0,0.0,0.0,0.0,0.0,0.0,0.0,0.0,0.007359979053176202,0.0059708087470718325,0.006662254373625562,0.00638850211994151,0.006068009945006837,0.006886164777711891,0.005765303806332803,0.0067324259636064995,0.0064982731647506165,0.005298818123788882,0.0,0.0,0.0,0.0,0.0,0.0,0.0,0.0,0.0,0.0,0.0,0.067076416093928,0.1386160389138206,0.07232156349845108,0.14925705717876478,0.07889918284442807,0.16153597486814977,0.12599907178919736,0.06074588406385982,0.12754155802701286,0.07518135149548674,0.0,0.0,0.0,0.0,0.0,0.0,0.0,0.0,0.0,0.0,0.0,0.013849166267517444,0.013027191789892267,0.01415672596096324,0.013422475789967893,0.014881207899610055,0.014951675553138616,0.01487353212205437,0.01526588191115135,0.019598105729705707,0.015402305798577006,1.27023290767069
t61,0.0,0.0,0.0,0.0,0.0,0.0,0.0,0.0,0.0,0.0,0.0,0.0076301254989149725,0.006290349907639732,0.007036234934654792,0.006600582304648994,0.006495294252234127,0.007134526540393579,0.006403944795874929,0.006820966321530107,0.006512103014418853,0.005410005865646953,0.0,0.0,0.0,0.0,0.0,0.0,0.0,0.0,0.0,0.0,0.0,0.06947602885540391,0.1541911027320441,0.07826307712275889,0.16419054183903323,0.08491070377048267,0.17601847091400039,0.13667420034243827,0.06803411530963274,0.13343144777003574,0.08124860454382435,0.0,0.0,0.0,0.0,0.0,0.0,0.0,0.0,0.0,0.0,0.0,0.014912448618990241,0.01482563710865078,0.015395485028971092,0.014728460785217182,0.016235158185569233,0.01677094812127217,0.016081509449889737,0.017141482674591712,0.02158123100951557,0.01737994534891289,1.3778247329671922
t62,0.0,0.0,0.0,0.0,0.0,0.0,0.0,0.0,0.0,0.0,0.0,0.007737757144831877,0.006135090502961087,0.007078922704511129,0.006477073966429398,0.006534546276429518,0.007062534413073294,0.006664800123012517,0.006396079348714463,0.006186185045531206,0.005372868083597504,0.0,0.0,0.0,0.0,0.0,0.0,0.0,0.0,0.0,0.0,0.0,0.0725043360823723,0.1673656832170081,0.08186618034312582,0.1782759015649943,0.08845952768949072,0.19160801645860395,0.14502169420392244,0.07161208305138028,0.13792043237525606,0.08448671269795081,0.0,0.0,0.0,0.0,0.0,0.0,0.0,0.0,0.0,0.0,0.0,0.015242778215160601,0.016748103835737216,0.015902257200596053,0.015206550541406778,0.01625351604490052,0.01744616790680866,0.016400263649818968,0.017732032598766972,0.021845025947768163,0.018082737432701328,1.455625858666862
t63,0.0,0.0,0.0,0.0,0.0,0.0,0.0,0.0,0.0,0.0,0.0,0.007359645935952453,0.005531501767963332,0.006916513627945864,0.005944111415335233,0.006166855740750677,0.006764270203744225,0.0064472833972291504,0.005827986749756735,0.00579073669830519,0.005410750786259022,0.0,0.0,0.0,0.0,0.0,0.0,0.0,0.0,0.0,0.0,0.0,0.0729112996163094,0.17166035300475851,0.08103946287401301,0.18114527977436962,0.08709723106501586,0.19344321870232623,0.1453314952376106,0.06988621080008837,0.13538887775937627,0.0833234849606011,0.0,0.0,0.0,0.0,0.0,0.0,0.0,0.0,0.0,0.0,0.0,0.01539018620233359,0.01796664353847733,0.015853213557961335,0.015272823424711928,0.0156950814299269,0.017576535620225986,0.016386034168939582,0.017837078280536364,0.02118782180711938,0.018167370606910233,1.4547193587548537
t64,0.0,0.0,0.0,0.0,0.0,0.0,0.0,0.0,0.0,0.0,0.0,0.00710590104751344,0.004659052804473082,0.006459113716056664,0.005013567241795313,0.005452798130899169,0.0066750088659617455,0.006070971264745117,0.004867433124443798,0.0051010571453464545,0.005708986596652153,0.0,0.0,0.0,0.0,0.0,0.0,0.0,0.0,0.0,0.0,0.0,0.07507491695730854,0.1752160504795606,0.0818183626883199,0.18351350457442128,0.08645133111145727,0.19322411661728964,0.14809458871751693,0.06865634570896735,0.13654845081158715,0.08177972695429969,0.0,0.0,0.0,0.0,0.0,0.0,0.0,0.0,0.0,0.0,0.0,0.015587101446218755,0.018249318856754678,0.01581392870592162,0.01547775247824877,0.015610010806491811,0.01778499645349505,0.016293492484645553,0.01804959241050204,0.02100695126357037,0.01836389770058528,1.4597283271650496
t65,0.0,0.0,0.0,0.0,0.0,0.0,0.0,0.0,0.0,0.0,0.0,0.006456459707179503,0.0032618681847062596,0.005686294780508139,0.0035679058410787545,0.004184154187069084,0.006369204022629965,0.005267876473567148,0.0033817445841964598,0.003951976325819744,0.005538705290873995,0.0,0.0,0.0,0.0,0.0,0.0,0.0,0.0,0.0,0.0,0.0,0.07314354183394658,0.16968926078325608,0.07977326115909934,0.17923462205189583,0.08612624932754337,0.18973491959639038,0.1469764094895896,0.06490979672586948,0.13484806214415984,0.07759326712233457,0.0,0.0,0.0,0.0,0.0,0.0,0.0,0.0,0.0,0.0,0.0,0.01576611990823919,0.018234755162042125,0.016201252225388693,0.015728473774494437,0.015954569125386966,0.01814839850111614,0.016416155587945874,0.01846064498865143,0.020192011432914606,0.018741280138425284,1.423539240476319
t66,0.0,0.0,0.0,0.0,0.0,0.0,0.0,0.0,0.0,0.0,0.0,0.005282716117228245,0.0015468234506659834,0.004581913949801209,0.00186369958826482,0.002474613192543772,0.006154342531676986,0.004256942788199999,0.0016142344752492564,0.0022159717091844652,0.00542354957653185,0.0,0.0,0.0,0.0,0.0,0.0,0.0,0.0,0.0,0.0,0.0,0.06602066214702591,0.1545254970920338,0.07234863130090037,0.16285596470205066,0.07698353908153566,0.1766917196009897,0.13507426338984044,0.05582321719498374,0.12031292816653442,0.06674984077089055,0.0,0.0,0.0,0.0,0.0,0.0,0.0,0.0,0.0,0.0,0.0,0.01514489551799424,0.017403822005786357,0.015604916268936031,0.015142652767060245,0.015371377876212252,0.017480068627963894,0.01571579639052458,0.017832943285563178,0.01937854424727321,0.01809815055822436,1.2899742383716704
t67,0.0,0.0,0.0,0.0,0.0,0.0,0.0,0.0,0.0,0.0,0.0,0.003159989681511823,0.00035339579618881025,0.002716968534333738,0.0005699266054269985,0.0009939310773425713,0.004413072623164291,0.0025325488828466637,0.0004159733182865566,0.0006855831382366488,0.003660454554528038,0.0,0.0,0.0,0.0,0.0,0.0,0.0,0.0,0.0,0.0,0.0,0.04797383676210023,0.11370328204154574,0.051442700460379576,0.12702461583090763,0.05530791277608364,0.1396003450860367,0.10308442617988117,0.037733346348085464,0.09444421299892539,0.045021396120206246,0.0,0.0,0.0,0.0,0.0,0.0,0.0,0.0,0.0,0.0,0.0,0.013645010363792988,0.014887304174982683,0.01367492299874931,0.01439018254293154,0.013697584385677803,0.016942212410616105,0.014566205550207885,0.017386524061783613,0.01799439706229208,0.017543968929788205,0.9895662312968402
t68,0.0,0.0,0.0,0.0,0.0,0.0,0.0,0.0,0.0,0.0,0.0,0.0007815959892409745,5.807863366001786e-5,0.000638327506195037,3.310948904655411e-5,0.00010531036532984868,0.001064020005891001,0.0006199488137367259,4.498087162077049e-5,6.913078198563993e-5,0.0008659576587456082,0.0,0.0,0.0,0.0,0.0,0.0,0.0,0.0,0.0,0.0,0.0,0.014121481879933435,0.04243937224729904,0.013860009422986852,0.04719540783321728,0.015019781997592027,0.058199828968945044,0.04517174048577953,0.009471887105228269,0.05277199436166262,0.013989315860126892,0.0,0.0,0.0,0.0,0.0,0.0,0.0,0.0,0.0,0.0,0.0,0.011348013942464335,0.010199168185378681,0.010524709724000873,0.013761154192342648,0.010930721757535398,0.017335095863385403,0.012831085678976086,0.017902240788327296,0.014774369323577114,0.017898164919246763,0.4540260046534577
t69,0.0,0.0,0.0,0.0,0.0,0.0,0.0,0.0,0.0,0.0,0.0,0.0,0.0,0.0,0.0,0.0,0.0,0.0,0.0,0.0,0.0,0.0,0.0,0.0,0.0,0.0,0.0,0.0,0.0,0.0,0.0,0.0,0.0,0.0,0.0,0.0,0.0,0.0,0.0,0.0,0.0,0.0,0.0,0.0,0.0,0.0,0.0,0.0,0.0,0.0,0.0,0.0,0.0,0.004450137460868544,0.002630931364784991,0.0038019210541271227,0.008243096548956651,0.003638303164557709,0.01210957681556435,0.006335846266414232,0.012677784996485617,0.004678149512325613,0.01264649593903805,0.07121224312312288
t70,0.0,0.0,0.0,0.0,0.0,0.0,0.0,0.0,0.0,0.0,0.0,0.0,0.0,0.0,0.0,0.0,0.0,0.0,0.0,0.0,0.0,0.0,0.0,0.0,0.0,0.0,0.0,0.0,0.0,0.0,0.0,0.0,0.0,0.0,0.0,0.0,0.0,0.0,0.0,0.0,0.0,0.0,0.0,0.0,0.0,0.0,0.0,0.0,0.0,0.0,0.0,0.0,0.0,5.003089371570341e-5,5.586060307908823e-5,5.2801111579778394e-5,0.0007494298769614785,3.248436303657758e-5,0.002092454431495177,0.00013200151424029742,0.003053610578846765,0.00017631421778027036,0.0019745994206567786,0.008369587011391915
t71,0.0,0.0,0.0,0.0,0.0,0.0,0.0,0.0,0.0,0.0,0.0,0.0,0.0,0.0,0.0,0.0,0.0,0.0,0.0,0.0,0.0,0.0,0.0,0.0,0.0,0.0,0.0,0.0,0.0,0.0,0.0,0.0,0.0,0.0,0.0,0.0,0.0,0.0,0.0,0.0,0.0,0.0,0.0,0.0,0.0,0.0,0.0,0.0,0.0,0.0,0.0,0.0,0.0,0.0,0.0,0.0,0.0,0.0,0.0,0.0,0.0,0.0,0.0,0.0
t72,0.0,0.0,0.0,0.0,0.0,0.0,0.0,0.0,0.0,0.0,0.0,0.0,0.0,0.0,0.0,0.0,0.0,0.0,0.0,0.0,0.0,0.0,0.0,0.0,0.0,0.0,0.0,0.0,0.0,0.0,0.0,0.0,0.0,0.0,0.0,0.0,0.0,0.0,0.0,0.0,0.0,0.0,0.0,0.0,0.0,0.0,0.0,0.0,0.0,0.0,0.0,0.0,0.0,0.0,0.0,0.0,0.0,0.0,0.0,0.0,0.0,0.0,0.0,0.0
t73,0.0,0.0,0.0,0.0,0.0,0.0,0.0,0.0,0.0,0.0,0.0,0.0,0.0,0.0,0.0,0.0,0.0,0.0,0.0,0.0,0.0,0.0,0.0,0.0,0.0,0.0,0.0,0.0,0.0,0.0,0.0,0.0,0.0,0.0,0.0,0.0,0.0,0.0,0.0,0.0,0.0,0.0,0.0,0.0,0.0,0.0,0.0,0.0,0.0,0.0,0.0,0.0,0.0,0.0,0.0,0.0,0.0,0.0,0.0,0.0,0.0,0.0,0.0,0.0
t74,0.0,0.0,0.0,0.0,0.0,0.0,0.0,0.0,0.0,0.0,0.0,0.0,0.0,0.0,0.0,0.0,0.0,0.0,0.0,0.0,0.0,0.0,0.0,0.0,0.0,0.0,0.0,0.0,0.0,0.0,0.0,0.0,0.0,0.0,0.0,0.0,0.0,0.0,0.0,0.0,0.0,0.0,0.0,0.0,0.0,0.0,0.0,0.0,0.0,0.0,0.0,0.0,0.0,0.0,0.0,0.0,0.0,0.0,0.0,0.0,0.0,0.0,0.0,0.0
t75,0.0,0.0,0.0,0.0,0.0,0.0,0.0,0.0,0.0,0.0,0.0,0.0,0.0,0.0,0.0,0.0,0.0,0.0,0.0,0.0,0.0,0.0,0.0,0.0,0.0,0.0,0.0,0.0,0.0,0.0,0.0,0.0,0.0,0.0,0.0,0.0,0.0,0.0,0.0,0.0,0.0,0.0,0.0,0.0,0.0,0.0,0.0,0.0,0.0,0.0,0.0,0.0,0.0,0.0,0.0,0.0,0.0,0.0,0.0,0.0,0.0,0.0,0.0,0.0
t76,0.0,0.0,0.0,0.0,0.0,0.0,0.0,0.0,0.0,0.0,0.0,0.0,0.0,0.0,0.0,0.0,0.0,0.0,0.0,0.0,0.0,0.0,0.0,0.0,0.0,0.0,0.0,0.0,0.0,0.0,0.0,0.0,0.0,0.0,0.0,0.0,0.0,0.0,0.0,0.0,0.0,0.0,0.0,0.0,0.0,0.0,0.0,0.0,0.0,0.0,0.0,0.0,0.0,0.0,0.0,0.0,0.0,0.0,0.0,0.0,0.0,0.0,0.0,0.0
t77,0.0,0.0,0.0,0.0,0.0,0.0,0.0,0.0,0.0,0.0,0.0,0.0,0.0,0.0,0.0,0.0,0.0,0.0,0.0,0.0,0.0,0.0,0.0,0.0,0.0,0.0,0.0,0.0,0.0,0.0,0.0,0.0,0.0,0.0,0.0,0.0,0.0,0.0,0.0,0.0,0.0,0.0,0.0,0.0,0.0,0.0,0.0,0.0,0.0,0.0,0.0,0.0,0.0,0.0,0.0,0.0,0.0,0.0,0.0,0.0,0.0,0.0,0.0,0.0
t78,0.0,0.0,0.0,0.0,0.0,0.0,0.0,0.0,0.0,0.0,0.0,0.0,0.0,0.0,0.0,0.0,0.0,0.0,0.0,0.0,0.0,0.0,0.0,0.0,0.0,0.0,0.0,0.0,0.0,0.0,0.0,0.0,0.0,0.0,0.0,0.0,0.0,0.0,0.0,0.0,0.0,0.0,0.0,0.0,0.0,0.0,0.0,0.0,0.0,0.0,0.0,0.0,0.0,0.0,0.0,0.0,0.0,0.0,0.0,0.0,0.0,0.0,0.0,0.0
t79,0.0,0.0,0.0,0.0,0.0,0.0,0.0,0.0,0.0,0.0,0.0,0.0,0.0,0.0,0.0,0.0,0.0,0.0,0.0,0.0,0.0,0.0,0.0,0.0,0.0,0.0,0.0,0.0,0.0,0.0,0.0,0.0,0.0,0.0,0.0,0.0,0.0,0.0,0.0,0.0,0.0,0.0,0.0,0.0,0.0,0.0,0.0,0.0,0.0,0.0,0.0,0.0,0.0,0.0,0.0,0.0,0.0,0.0,0.0,0.0,0.0,0.0,0.0,0.0
t80,0.0,0.0,0.0,0.0,0.0,0.0,0.0,0.0,0.0,0.0,0.0,0.0,0.0011055168205779706,0.0,0.0010735192402517326,0.000617839088912625,0.0,5.761517693224714e-5,0.0013635304346891486,0.0010618505829410538,0.0,0.0,0.0,0.0,0.0,0.0,0.0,0.0,0.0,0.0,0.0,0.0,0.0,0.0,0.0,0.0,0.0,0.0,0.0,0.0,0.0,0.0,0.0,0.0,0.0,0.0,0.0,0.0,0.0,0.0,0.0,0.0,0.0,0.0,0.0,0.0,0.0,0.0,0.0,0.0,0.0,0.0,0.0,0.005279871344304778
t81,0.0,0.0,0.0,0.0,0.0,0.0,0.0,0.0,0.0,0.0,0.0,0.0013098774005866874,0.0033736741112571937,0.0016147930192520774,0.0033574046949198257,0.002951443939173553,0.0006517632468604608,0.001876005785460726,0.0035418068175148898,0.0033610585183433315,0.00043067568400904097,0.0,0.0,0.0,0.0,0.0,0.0,0.0,0.0,0.0,0.0,0.0,0.00437529098969079,0.010163519957070564,0.006235776762845303,0.006407639792677987,0.007238669488104378,0.0,0.0007050533709210834,0.008256269766598323,0.0,0.010509699777061187,0.0,0.0,0.0,0.0,0.0,0.0,0.0,0.0,0.0,0.0,0.0,0.0,0.0,0.0,0.0,0.0,0.0,0.0,0.0,0.0,0.0,0.07636042312234739
t82,0.0,0.0,0.0,0.0,0.0,0.0,0.0,0.0,0.0,0.0,0.0,0.0031953943543494667,0.0038071694572737796,0.0033332593588480844,0.003860711592620627,0.003800395884370203,0.0029715338852129712,0.003526925476673391,0.004035357212421887,0.0040868235775513495,0.004086824394055017,0.0,0.0,0.0,0.0,0.0,0.0,0.0,0.0,0.0,0.0,0.0,0.06866049686112767,0.19089113731642385,0.0806272983710735,0.18577669466130228,0.08954964738912866,0.19141196870892405,0.13354376110579183,0.06346271018492537,0.12573633460826916,0.07297889056657726,0.0,0.0,0.0,0.0,0.0,0.0,0.0,0.0,0.0,0.0,0.0,0.0043513973449929725,0.006868004564879981,0.006356871830647116,0.0,0.007466769254596202,0.0,0.002394158209119142,0.0,0.007049702953030276,0.0,1.2738302391241858
t83,0.0,0.0,0.0,0.0,0.0,0.0,0.0,0.0,0.0,0.0,0.0,0.0036161203807396247,0.003971921935096978,0.0037381597841063467,0.00403008964022479,0.004071987238120635,0.00356177190802355,0.003945573571640856,0.004179448540592555,0.004310058497200883,0.005112948290321116,0.0,0.0,0.0,0.0,0.0,0.0,0.0,0.0,0.0,0.0,0.0,0.10554000748778335,0.2861770520428524,0.12468988394386218,0.28245222191317954,0.1348942454952804,0.30077092781829295,0.21501943781850924,0.10760981989816361,0.2036104989118988,0.12439255264059298,0.0,0.0,0.0,0.0,0.0,0.0,0.0,0.0,0.0,0.0,0.0,0.01326200558328329,0.015707744062969972,0.015781360891700687,0.004529948638998115,0.0174385776135193,0.0004428024429843046,0.009717132896104317,0.0003064578777352718,0.016959495379227103,0.00010314737393162424,2.0199434005169365
t84,0.0,0.0,0.0,0.0,0.0,0.0,0.0,0.0,0.0,0.0,0.0,0.003169595165655683,0.0033303132654558666,0.0032539051712966076,0.0033748805117139627,0.003427690030398587,0.0031615860212830037,0.003392420076615262,0.0034515759878118004,0.0035765673554796185,0.005113172283115014,0.0,0.0,0.0,0.0,0.0,0.0,0.0,0.0,0.0,0.0,0.0,0.13331012420911834,0.34279788706394276,0.1521058801499118,0.3600348719462213,0.16348573050552614,0.39241840492981694,0.2771660794687677,0.12802649195892088,0.2625934601646268,0.15461164916367318,0.0,0.0,0.0,0.0,0.0,0.0,0.0,0.0,0.0,0.0,0.0,0.020395206295519958,0.023079920833220365,0.022740735266454204,0.012103617752434025,0.024720808716228476,0.01145814616864562,0.017895021755959407,0.00948942267589089,0.025884814607974822,0.010217636320554427,2.5797876158222337
t85,0.0,0.0,0.0,0.0,0.0,0.0,0.0,0.0,0.0,0.0,0.0,0.003227470987117418,0.003328657878668904,0.0033023755623747698,0.0033771571417887535,0.0034387852745510644,0.0032216977784573653,0.0034347079461935098,0.003464139914520586,0.0035852077389734037,0.005258965503675241,0.0,0.0,0.0,0.0,0.0,0.0,0.0,0.0,0.0,0.0,0.0,0.14231866123315143,0.36809722229554226,0.16168657618051266,0.39854480159885536,0.175212053085393,0.43855596596503643,0.30740790313523975,0.13610714051490494,0.29006971445899143,0.16445902625429787,0.0,0.0,0.0,0.0,0.0,0.0,0.0,0.0,0.0,0.0,0.0,0.017841715615693723,0.01935564775810073,0.02104357232780677,0.011836074637312602,0.02349373018454921,0.013472224286367797,0.019548707186539758,0.010594956678470723,0.03343553328099981,0.014461664534021564,2.8031820569381085
t86,0.0,0.0,0.0,0.0,0.0,0.0,0.0,0.0,0.0,0.0,0.0,0.0032685255348996627,0.0033443364968332805,0.003341281527396213,0.003367213984583394,0.003439433817518975,0.0032945606284179594,0.003473263183631726,0.0034589869519550814,0.003554444627514425,0.005442877256689464,0.0,0.0,0.0,0.0,0.0,0.0,0.0,0.0,0.0,0.0,0.0,0.1461342240211391,0.38761468658775194,0.16753042053030878,0.4166085164973391,0.18014533924751894,0.45515379549254636,0.31496417558806794,0.1361964814736189,0.2956411826506895,0.16954048086586113,0.0,0.0,0.0,0.0,0.0,0.0,0.0,0.0,0.0,0.0,0.0,0.01868585887063525,0.02065655010511495,0.022188034601011573,0.013167667820252246,0.024741074665501475,0.014980810168048555,0.02115849993605066,0.01345209990463006,0.03726907008396184,0.017360883534183892,2.9091747766536726
t87,0.0,0.0,0.0,0.0,0.0,0.0,0.0,0.0,0.0,0.0,0.0,0.0038683280843719806,0.003934397381291892,0.003983537474031831,0.003976734743521401,0.004084560534051368,0.003927639996241725,0.004136610224377908,0.004101395727330746,0.0042231233359970675,0.0059440920003343885,0.0,0.0,0.0,0.0,0.0,0.0,0.0,0.0,0.0,0.0,0.0,0.14633207419871133,0.39492834479504446,0.16587207430820078,0.4193314379820704,0.1811622367454601,0.45334160076794167,0.3135026168758069,0.14093761674524408,0.2951207970599704,0.16840154054409787,0.0,0.0,0.0,0.0,0.0,0.0,0.0,0.0,0.0,0.0,0.0,0.018109139816294275,0.020683686429333156,0.022193420633212113,0.012582763672265714,0.024950319693158203,0.015658164841333137,0.020901288623948126,0.015359866186765676,0.038424016542176774,0.01793302543902125,2.9279064514016064
t88,0.0,0.0,0.0,0.0,0.0,0.0,0.0,0.0,0.0,0.0,0.0,0.0038623020643079715,0.0038579178870023594,0.003951258272726208,0.0038848190428926285,0.0039959722361499524,0.003968105547284888,0.004127996431903792,0.003951820637757149,0.0041119844945835485,0.005946589823463445,0.0,0.0,0.0,0.0,0.0,0.0,0.0,0.0,0.0,0.0,0.0,0.14260401962871985,0.38603569158704315,0.1617811028799848,0.40819737462382727,0.1783120954622202,0.43906712787099883,0.30515239136283756,0.14027768739903484,0.2887790296670468,0.16504200103425498,0.0,0.0,0.0,0.0,0.0,0.0,0.0,0.0,0.0,0.0,0.0,0.01749156094655208,0.020376932088890836,0.021369345409338526,0.012331479627326813,0.024279860028434054,0.014845200630318998,0.019023511430950178,0.01607742975383352,0.03589243646988234,0.017567590456659794,2.8561626347962275
t89,0.0,0.0,0.0,0.0,0.0,0.0,0.0,0.0,0.0,0.0,0.0,0.0036317942208229505,0.0034490448468209845,0.003664083218257776,0.0034473269230828893,0.0035746808295027805,0.0037780945666171534,0.0038002526436982467,0.0034645319105816334,0.003597776167089238,0.005502181875839926,0.0,0.0,0.0,0.0,0.0,0.0,0.0,0.0,0.0,0.0,0.0,0.12716995018920568,0.34443362060068394,0.14481088090185446,0.3680569919055376,0.16074871641736,0.3954334779548123,0.2754184299828543,0.1251565607261487,0.2664066717226698,0.14753931531039904,0.0,0.0,0.0,0.0,0.0,0.0,0.0,0.0,0.0,0.0,0.0,0.01979823076485363,0.02312878170526811,0.022828888759895378,0.01312529499285617,0.025499033775243027,0.017103155077915363,0.01915752435224322,0.017285312703817078,0.032827751351962156,0.019047318106943285,2.602885674504837
t90,0.0,0.0,0.0,0.0,0.0,0.0,0.0,0.0,0.0,0.0,0.0,0.0051205739037178425,0.0036224460024104625,0.004773383872261167,0.003364864166058239,0.0037037342123532845,0.00501240749479913,0.004581194529603673,0.003043568550278361,0.0031041736593696747,0.005195595934260443,0.0,0.0,0.0,0.0,0.0,0.0,0.0,0.0,0.0,0.0,0.0,0.09516546465330407,0.2538110255553528,0.10796438685905003,0.2767629667646653,0.11866273977566762,0.30081704615411264,0.20989170897357834,0.09230317433126109,0.20827157524403073,0.10940336849565618,0.0,0.0,0.0,0.0,0.0,0.0,0.0,0.0,0.0,0.0,0.0,0.020770267389225116,0.021214288860514425,0.0210437323472421,0.01316662415186551,0.022858752826415158,0.016345372609963285,0.01760514197091257,0.017137609387433073,0.02738918018729171,0.019484652005264048,2.011591020867918
t91,0.0,0.0,0.0,0.0,0.0,0.0,0.0,0.0,0.0,0.0,0.0,0.0017873635420113225,0.00014507156869216693,0.0012562813077507758,2.1698351130704737e-5,7.050701954861451e-5,0.002013708690098407,0.0007922942091404352,9.363373981443662e-5,0.00011855253253052051,0.002186208267349469,0.0,0.0,0.0,0.0,0.0,0.0,0.0,0.0,0.0,0.0,0.0,0.043296395663604076,0.11077388308585685,0.04915899542890475,0.13227864521025842,0.05390072751624414,0.1487441200935405,0.10528312528269838,0.03949992617840471,0.11757065603037417,0.04724410005786825,0.0,0.0,0.0,0.0,0.0,0.0,0.0,0.0,0.0,0.0,0.0,0.016508138745427496,0.013941982244490598,0.01465721448892799,0.011349851382358968,0.015276759286469288,0.013808501768710138,0.012719183129308025,0.012811444507333318,0.017579224970590345,0.016662325222336984,1.0015505195217742
t92,0.0,0.0,0.0,0.0,0.0,0.0,0.0,0.0,0.0,0.0,0.0,0.0,0.0,0.0,0.0,0.0,0.0,0.0,0.0,0.0,0.0,0.0,0.0,0.0,0.0,0.0,0.0,0.0,0.0,0.0,0.0,0.0,0.0,0.0,0.0,0.0,0.0,0.0,0.0,0.0,0.0,0.0,0.0,0.0,0.0,0.0,0.0,0.0,0.0,0.0,0.0,0.0,0.0,0.008752914503693806,0.0018478892428545877,0.004614979305656583,0.006689151812200675,0.0039021077252356425,0.00910587816850692,0.005878375588920522,0.007783558943503316,0.004463619248783885,0.012157601586496843,0.06519607612585278
t93,0.0,0.0,0.0,0.0,0.0,0.0,0.0,0.0,0.0,0.0,0.0,0.0,0.0,0.0,0.0,0.0,0.0,0.0,0.0,0.0,0.0,0.0,0.0,0.0,0.0,0.0,0.0,0.0,0.0,0.0,0.0,0.0,0.0,0.0,0.0,0.0,0.0,0.0,0.0,0.0,0.0,0.0,0.0,0.0,0.0,0.0,0.0,0.0,0.0,0.0,0.0,0.0,0.0,0.00017510135021701906,0.0,0.00011952793019208342,0.0,7.92434662082295e-5,0.0,0.00011342030159102796,0.0,0.00012269128537742587,0.0,0.0006099843335857858
t94,0.0,0.0,0.0,0.0,0.0,0.0,0.0,0.0,0.0,0.0,0.0,0.0,0.0,0.0,0.0,0.0,0.0,0.0,0.0,0.0,0.0,0.0,0.0,0.0,0.0,0.0,0.0,0.0,0.0,0.0,0.0,0.0,0.0,0.0,0.0,0.0,0.0,0.0,0.0,0.0,0.0,0.0,0.0,0.0,0.0,0.0,0.0,0.0,0.0,0.0,0.0,0.0,0.0,0.0,0.0,0.0,0.0,0.0,0.0,0.0,0.0,0.0,0.0,0.0
t95,0.0,0.0,0.0,0.0,0.0,0.0,0.0,0.0,0.0,0.0,0.0,0.0,0.0,0.0,0.0,0.0,0.0,0.0,0.0,0.0,0.0,0.0,0.0,0.0,0.0,0.0,0.0,0.0,0.0,0.0,0.0,0.0,0.0,0.0,0.0,0.0,0.0,0.0,0.0,0.0,0.0,0.0,0.0,0.0,0.0,0.0,0.0,0.0,0.0,0.0,0.0,0.0,0.0,0.0,0.0,0.0,0.0,0.0,0.0,0.0,0.0,0.0,0.0,0.0
t96,0.0,0.0,0.0,0.0,0.0,0.0,0.0,0.0,0.0,0.0,0.0,0.0,0.0,0.0,0.0,0.0,0.0,0.0,0.0,0.0,0.0,0.0,0.0,0.0,0.0,0.0,0.0,0.0,0.0,0.0,0.0,0.0,0.0,0.0,0.0,0.0,0.0,0.0,0.0,0.0,0.0,0.0,0.0,0.0,0.0,0.0,0.0,0.0,0.0,0.0,0.0,0.0,0.0,0.0,0.0,0.0,0.0,0.0,0.0,0.0,0.0,0.0,0.0,0.0
t97,0.0,0.0,0.0,0.0,0.0,0.0,0.0,0.0,0.0,0.0,0.0,0.0,0.0,0.0,0.0,0.0,0.0,0.0,0.0,0.0,0.0,0.0,0.0,0.0,0.0,0.0,0.0,0.0,0.0,0.0,0.0,0.0,0.0,0.0,0.0,0.0,0.0,0.0,0.0,0.0,0.0,0.0,0.0,0.0,0.0,0.0,0.0,0.0,0.0,0.0,0.0,0.0,0.0,0.0,0.0,0.0,0.0,0.0,0.0,0.0,0.0,0.0,0.0,0.0
t98,0.0,0.0,0.0,0.0,0.0,0.0,0.0,0.0,0.0,0.0,0.0,0.0,0.0,0.0,0.0,0.0,0.0,0.0,0.0,0.0,0.0,0.0,0.0,0.0,0.0,0.0,0.0,0.0,0.0,0.0,0.0,0.0,0.0,0.0,0.0,0.0,0.0,0.0,0.0,0.0,0.0,0.0,0.0,0.0,0.0,0.0,0.0,0.0,0.0,0.0,0.0,0.0,0.0,0.0,0.0,0.0,0.0,0.0,0.0,0.0,0.0,0.0,0.0,0.0
t99,0.0,0.0,0.0,0.0,0.0,0.0,0.0,0.0,0.0,0.0,0.0,0.0,0.0,0.0,0.0,0.0,0.0,0.0,0.0,0.0,0.0,0.0,0.0,0.0,0.0,0.0,0.0,0.0,0.0,0.0,0.0,0.0,0.0,0.0,0.0,0.0,0.0,0.0,0.0,0.0,0.0,0.0,0.0,0.0,0.0,0.0,0.0,0.0,0.0,0.0,0.0,0.0,0.0,0.0,0.0,0.0,0.0,0.0,0.0,0.0,0.0,0.0,0.0,0.0
t100,0.0,0.0,0.0,0.0,0.0,0.0,0.0,0.0,0.0,0.0,0.0,0.0,0.0,0.0,0.0,0.0,0.0,0.0,0.0,0.0,0.0,0.0,0.0,0.0,0.0,0.0,0.0,0.0,0.0,0.0,0.0,0.0,0.0,0.0,0.0,0.0,0.0,0.0,0.0,0.0,0.0,0.0,0.0,0.0,0.0,0.0,0.0,0.0,0.0,0.0,0.0,0.0,0.0,0.0,0.0,0.0,0.0,0.0,0.0,0.0,0.0,0.0,0.0,0.0
t101,0.0,0.0,0.0,0.0,0.0,0.0,0.0,0.0,0.0,0.0,0.0,0.0,0.0,0.0,0.0,0.0,0.0,0.0,0.0,0.0,0.0,0.0,0.0,0.0,0.0,0.0,0.0,0.0,0.0,0.0,0.0,0.0,0.0,0.0,0.0,0.0,0.0,0.0,0.0,0.0,0.0,0.0,0.0,0.0,0.0,0.0,0.0,0.0,0.0,0.0,0.0,0.0,0.0,0.0,0.0,0.0,0.0,0.0,0.0,0.0,0.0,0.0,0.0,0.0
t102,0.0,0.0,0.0,0.0,0.0,0.0,0.0,0.0,0.0,0.0,0.0,0.0,0.0,0.0,0.0,0.0,0.0,0.0,0.0,0.0,0.0,0.0,0.0,0.0,0.0,0.0,0.0,0.0,0.0,0.0,0.0,0.0,0.0,0.0,0.0,0.0,0.0,0.0,0.0,0.0,0.0,0.0,0.0,0.0,0.0,0.0,0.0,0.0,0.0,0.0,0.0,0.0,0.0,0.0,0.0,0.0,0.0,0.0,0.0,0.0,0.0,0.0,0.0,0.0
t103,0.0,0.0,0.0,0.0,0.0,0.0,0.0,0.0,0.0,0.0,0.0,0.0,0.0,0.0,0.0,0.0,0.0,0.0,0.0,0.0,0.0,0.0,0.0,0.0,0.0,0.0,0.0,0.0,0.0,0.0,0.0,0.0,0.0,0.0,0.0,0.0,0.0,0.0,0.0,0.0,0.0,0.0,0.0,0.0,0.0,0.0,0.0,0.0,0.0,0.0,0.0,0.0,0.0,0.0,0.0,0.0,0.0,0.0,0.0,0.0,0.0,0.0,0.0,0.0
t104,0.0,0.0,0.0,0.0,0.0,0.0,0.0,0.0,0.0,0.0,0.0,0.0,0.0,0.0,0.0,0.0,0.0,0.0,0.0,0.0,0.0,0.0,0.0,0.0,0.0,0.0,0.0,0.0,0.0,0.0,0.0,0.0,0.0,0.0,0.0,0.0,0.0,0.0,0.0,0.0,0.0,0.0,0.0,0.0,0.0,0.0,0.0,0.0,0.0,0.0,0.0,0.0,0.0,0.0,0.0,0.0,0.0,0.0,0.0,0.0,0.0,0.0,0.0,0.0
t105,0.0,0.0,0.0,0.0,0.0,0.0,0.0,0.0,0.0,0.0,0.0,0.0,0.0009099475018822723,0.0,0.0007233978062096274,0.0004011601054206374,0.0,5.749776927836859e-5,0.0009722403954641097,0.0007319001762008136,0.0,0.0,0.0,0.0,0.0,0.0,0.0,0.0,0.0,0.0,0.0,0.0,0.0,0.0,0.0,0.0,0.0,0.0,0.0,0.0,0.0,0.0,0.0,0.0,0.0,0.0,0.0,0.0,0.0,0.0,0.0,0.0,0.0,0.0,0.0,0.0,0.0,0.0,0.0,0.0,0.0,0.0,0.0,0.0037961437544558286
t106,0.0,0.0,0.0,0.0,0.0,0.0,0.0,0.0,0.0,0.0,0.0,0.00014780847558365157,0.0033430282166726413,0.00011250807166536493,0.0028924200741537996,0.0017070308750066839,0.0,0.0003157877894823698,0.003773797079728351,0.0029897204337231502,0.0,0.0,0.0,0.0,0.0,0.0,0.0,0.0,0.0,0.0,0.0,0.0,0.0,0.0,0.0001482557634821549,0.0,0.00030864405424280654,0.0,0.0,0.0,0.0,0.00028819156754359944,0.0,0.0,0.0,0.0,0.0,0.0,0.0,0.0,0.0,0.0,0.0,0.0,0.0,0.0,0.0,0.0,0.0,0.0,0.0,0.0,0.0,0.01602719240128457
t107,0.0,0.0,0.0,0.0,0.0,0.0,0.0,0.0,0.0,0.0,0.0,0.0010199708736389102,0.005625906929498069,0.0014306441454509388,0.00552050150097083,0.004197917804010455,0.0010838142206188643,0.0023699829742662866,0.006381741617342385,0.0051798255111103345,0.0012124232567667726,0.0,0.0,0.0,0.0,0.0,0.0,0.0,0.0,0.0,0.0,0.0,0.003468234612525228,0.011708200698317349,0.007145967338140732,0.014313507547602166,0.008273102750099811,0.021109491624604137,0.018590173102874356,0.008372931486681287,0.027842457894046612,0.011879136297149172,0.0,0.0,0.0,0.0,0.0,0.0,0.0,0.0,0.0,0.0,0.0,0.0021755178159682488,0.002079050563004201,0.0017761228898542493,0.0,0.001786461291325164,0.0,0.0008515236838439382,0.0,0.0024661533963346,0.0,0.1778607618260451
t108,0.0,0.0,0.0,0.0,0.0,0.0,0.0,0.0,0.0,0.0,0.0,0.0028880894530210295,0.007034095903157791,0.003078251854344593,0.006942997121523825,0.005551422412665809,0.0028637163285948433,0.004353979562937344,0.007460717657167638,0.006479989355594594,0.003153882429899565,0.0,0.0,0.0,0.0,0.0,0.0,0.0,0.0,0.0,0.0,0.0,0.011712781894183805,0.033655438811736396,0.02163602347069236,0.03833128535063352,0.023074362416820222,0.054609942645828545,0.04369669797298361,0.0207070181217382,0.05291937943217235,0.03000440360457075,0.0,0.0,0.0,0.0,0.0,0.0,0.0,0.0,0.0,0.0,0.0,0.009350383662454885,0.008444509256355329,0.007872677748389777,0.001145271346489858,0.008245908778155522,7.694574373115449e-5,0.0067318286960682235,5.478725007471542e-5,0.009242302997564832,0.0,0.43131909127955104
t109,0.0,0.0,0.0,0.0,0.0,0.0,0.0,0.0,0.0,0.0,0.0,0.0040794428442661405,0.007307958348187999,0.004005962911769165,0.007293131931505321,0.006205617491659948,0.00404346388998591,0.005534079337728906,0.007701461626580697,0.007126242255394458,0.003908668962054721,0.0,0.0,0.0,0.0,0.0,0.0,0.0,0.0,0.0,0.0,0.0,0.021294844187458372,0.05538476334777888,0.032053684176026914,0.06537059619310606,0.036020804461115025,0.08347561224906319,0.06565681852653792,0.030656876417412264,0.08619818090383347,0.03617627444128881,0.0,0.0,0.0,0.0,0.0,0.0,0.0,0.0,0.0,0.0,0.0,0.014221014064105754,0.013108649167091181,0.012448373551848432,0.004627868871445764,0.013105703974954539,0.001376810572115896,0.012142800612384184,0.001525741578029251,0.01569666730893641,0.001090737851358985,0.6588388520550246
t110,0.0,0.0,0.0,0.0,0.0,0.0,0.0,0.0,0.0,0.0,0.0,0.004412006406944696,0.0072000930641859685,0.004373981172493328,0.0070474494102246545,0.006292449512242915,0.0043386912254715256,0.006190693239791104,0.007568281680726001,0.007289745077076029,0.004033838431146156,0.0,0.0,0.0,0.0,0.0,0.0,0.0,0.0,0.0,0.0,0.0,0.025358573571983067,0.05774914866237355,0.03905312997643529,0.07424493774949145,0.04173340309068664,0.10789160279951104,0.08672196404257014,0.03277564858510679,0.10581869178345266,0.04022410413757803,0.0,0.0,0.0,0.0,0.0,0.0,0.0,0.0,0.0,0.0,0.0,0.01742530629245963,0.01540407565087513,0.015720261578999868,0.008203086410085374,0.016033048166042323,0.004578355745378734,0.015339635710269243,0.005280045957101163,0.020080242995553253,0.0035371582787170376,0.7919196504049727
t111,0.0,0.0,0.0,0.0,0.0,0.0,0.0,0.0,0.0,0.0,0.0,0.004619456830246203,0.006181809172552719,0.004436391232079285,0.006183175795540137,0.005960280689896722,0.004049029045855675,0.006245288860482532,0.007063286512824202,0.006911826340576025,0.004139021150265863,0.0,0.0,0.0,0.0,0.0,0.0,0.0,0.0,0.0,0.0,0.0,0.02664105551846227,0.05798239897916494,0.03675938661471654,0.07514915574957394,0.042347225348030815,0.11299755380546771,0.08313700595278826,0.03364325466555002,0.1095719517189136,0.03847205821684136,0.0,0.0,0.0,0.0,0.0,0.0,0.0,0.0,0.0,0.0,0.0,0.018513561995066444,0.01582142698265752,0.017391233884687007,0.009462272486371121,0.01786361612088808,0.0069581713065663565,0.016527043503591795,0.007950316309997903,0.0215958301227977,0.0052127656018055675,0.8097868505142584
t112,0.0,0.0,0.0,0.0,0.0,0.0,0.0,0.0,0.0,0.0,0.0,0.0043017506407274485,0.0050584101885640075,0.004003722955527915,0.004901303189579827,0.00493877468783176,0.004249614820505552,0.005659458415317468,0.005846044717385566,0.0059860984525805265,0.004450562107359932,0.0,0.0,0.0,0.0,0.0,0.0,0.0,0.0,0.0,0.0,0.0,0.024274447403017863,0.06074050163107841,0.03083455446069067,0.08621169733861965,0.03765924255681573,0.12607280981979382,0.0932251728040734,0.03294642818965001,0.11084509659348557,0.0356332904576847,0.0,0.0,0.0,0.0,0.0,0.0,0.0,0.0,0.0,0.0,0.0,0.01882383995837208,0.015607467017482607,0.017967599980723697,0.00968539138044593,0.018669622530583685,0.00798383822181231,0.016710703016047185,0.009744601791026628,0.0220912124595297,0.0070789538142861244,0.8322022116005998
t113,0.0,0.0,0.0,0.0,0.0,0.0,0.0,0.0,0.0,0.0,0.0,0.003316707258236776,0.0030862573495485717,0.0032894105795583397,0.002991240667292198,0.003228824723480847,0.003535936192889931,0.004181556678085305,0.0033988715025863726,0.0035344781210578436,0.0026422766025721673,0.0,0.0,0.0,0.0,0.0,0.0,0.0,0.0,0.0,0.0,0.0,0.014967849960869741,0.0656637203395865,0.020441175084130465,0.07711841407758635,0.023870890847375,0.11797279935580357,0.08696024162708482,0.017835495574536907,0.1102123022386151,0.02563060445648704,0.0,0.0,0.0,0.0,0.0,0.0,0.0,0.0,0.0,0.0,0.0,0.018119110123194063,0.014464392980860502,0.016553243667675608,0.010018118635481748,0.01729133743277424,0.008129042240886949,0.01568219284589987,0.009780984457257226,0.020762454623837644,0.006973377180730163,0.7316533074259821
t114,0.0,0.0,0.0,0.0,0.0,0.0,0.0,0.0,0.0,0.0,0.0,0.001537293589332781,0.0007672001879765123,0.0014407593495386812,0.0008303460137126613,0.001056980359150465,0.0018474113851900788,0.002072900737164483,0.0009684007250344566,0.001227587893129858,0.001401179891020069,0.0,0.0,0.0,0.0,0.0,0.0,0.0,0.0,0.0,0.0,0.0,0.005172381088739853,0.04635984408551171,0.007537965147306529,0.05448961589282858,0.011525959292221121,0.09088384962790366,0.07804725564273465,0.00749245192582365,0.10252636061665867,0.012807601306297819,0.0,0.0,0.0,0.0,0.0,0.0,0.0,0.0,0.0,0.0,0.0,0.015376351470005139,0.01174049486298939,0.013600264732391891,0.00814971742069119,0.01425700095138505,0.008035790636403486,0.013394216997202208,0.008945339001760477,0.01643636454241123,0.007157725910718632,0.547086611283235
t115,0.0,0.0,0.0,0.0,0.0,0.0,0.0,0.0,0.0,0.0,0.0,0.0002086953037236224,0.0,0.00030059077892091935,0.0,0.0,0.00039935951743168865,0.00020074217445888233,0.0,0.0,0.0,0.0,0.0,0.0,0.0,0.0,0.0,0.0,0.0,0.0,0.0,0.0,0.0001328202836660462,0.01436603037692464,0.0001494315867878049,0.017994133489511042,0.0009171006173394047,0.04190207859458969,0.03325508251696045,0.0,0.060132004048991466,0.001136467022927756,0.0,0.0,0.0,0.0,0.0,0.0,0.0,0.0,0.0,0.0,0.0,0.011469804565093254,0.0061971459240813005,0.008935652024413859,0.005404815235405425,0.008833762688392087,0.00525676813503946,0.009170742107591088,0.0066305312576972475,0.009192992562634167,0.0064649500263749046,0.24865170083895619
t116,0.0,0.0,0.0,0.0,0.0,0.0,0.0,0.0,0.0,0.0,0.0,0.0,0.0,0.0,0.0,0.0,0.0,0.0,0.0,0.0,0.0,0.0,0.0,0.0,0.0,0.0,0.0,0.0,0.0,0.0,0.0,0.0,0.0,0.0,0.0,0.0,0.0,0.0,0.0,0.0,0.0,0.0,0.0,0.0,0.0,0.0,0.0,0.0,0.0,0.0,0.0,0.0,0.0,0.00437340689696755,0.0005605848444546846,0.0026655273164523513,8.621674045943277e-5,0.0021861751695321455,0.001419957183017862,0.0019430568928924666,0.0007320585889773954,0.0015184947871402076,0.0015936439366280848,0.017079122356522182
t117,0.0,0.0,0.0,0.0,0.0,0.0,0.0,0.0,0.0,0.0,0.0,0.0,0.0,0.0,0.0,0.0,0.0,0.0,0.0,0.0,0.0,0.0,0.0,0.0,0.0,0.0,0.0,0.0,0.0,0.0,0.0,0.0,0.0,0.0,0.0,0.0,0.0,0.0,0.0,0.0,0.0,0.0,0.0,0.0,0.0,0.0,0.0,0.0,0.0,0.0,0.0,0.0,0.0,0.0,0.0,0.0,0.0,0.0,0.0,0.0,0.0,0.0,0.0,0.0
t118,0.0,0.0,0.0,0.0,0.0,0.0,0.0,0.0,0.0,0.0,0.0,0.0,0.0,0.0,0.0,0.0,0.0,0.0,0.0,0.0,0.0,0.0,0.0,0.0,0.0,0.0,0.0,0.0,0.0,0.0,0.0,0.0,0.0,0.0,0.0,0.0,0.0,0.0,0.0,0.0,0.0,0.0,0.0,0.0,0.0,0.0,0.0,0.0,0.0,0.0,0.0,0.0,0.0,0.0,0.0,0.0,0.0,0.0,0.0,0.0,0.0,0.0,0.0,0.0
t119,0.0,0.0,0.0,0.0,0.0,0.0,0.0,0.0,0.0,0.0,0.0,0.0,0.0,0.0,0.0,0.0,0.0,0.0,0.0,0.0,0.0,0.0,0.0,0.0,0.0,0.0,0.0,0.0,0.0,0.0,0.0,0.0,0.0,0.0,0.0,0.0,0.0,0.0,0.0,0.0,0.0,0.0,0.0,0.0,0.0,0.0,0.0,0.0,0.0,0.0,0.0,0.0,0.0,0.0,0.0,0.0,0.0,0.0,0.0,0.0,0.0,0.0,0.0,0.0
t120,0.0,0.0,0.0,0.0,0.0,0.0,0.0,0.0,0.0,0.0,0.0,0.0,0.0,0.0,0.0,0.0,0.0,0.0,0.0,0.0,0.0,0.0,0.0,0.0,0.0,0.0,0.0,0.0,0.0,0.0,0.0,0.0,0.0,0.0,0.0,0.0,0.0,0.0,0.0,0.0,0.0,0.0,0.0,0.0,0.0,0.0,0.0,0.0,0.0,0.0,0.0,0.0,0.0,0.0,0.0,0.0,0.0,0.0,0.0,0.0,0.0,0.0,0.0,0.0
