region,Resource,technology,cluster,R_ID,Zone,Num_VRE_Bins,THERM,VRE,MUST_RUN,STOR,FLEX,HYDRO,LDS,MinCapTag_1,MaxCapTag_1,CapRes_1,Min_Share,Max_Share,Existing_Cap_MWh,Existing_Cap_MW,Existing_Charge_Cap_MW,num_units,unmodified_existing_cap_mw,New_Build,Cap_Size,Min_Cap_MW,Max_Cap_MW,Max_Cap_MWh,Min_Cap_MWh,Max_Charge_Cap_MW,Min_Charge_Cap_MW,Min_Share_percent,Max_Share_percent,capex_mw,Inv_Cost_per_MWyr_x,Fixed_OM_Cost_per_MWyr_x,capex_mwh,Inv_Cost_per_MWhyr_x,Fixed_OM_Cost_per_MWhyr_x,Var_OM_Cost_per_MWh,Var_OM_Cost_per_MWh_In,Inv_Cost_Charge_per_MWyr,Fixed_OM_Cost_Charge_per_MWyr,Start_Cost_per_MW,Start_Fuel_MMBTU_per_MW,Heat_Rate_MMBTU_per_MWh,heat_rate_mmbtu_mwh_iqr,heat_rate_mmbtu_mwh_std,Fuel,Min_Power,Self_Disch,Eff_Up,Eff_Down,Hydro_Energy_to_Power_Ratio,Min_Duration,Max_Duration,Reg_Max,Rsv_Max,Reg_Cost,Rsv_Cost,Max_Flexible_Demand_Delay,Max_Flexible_Demand_Advance,Flexible_Demand_Energy_Eff,CO2_Capture_Rate,CO2_Capture_Cost_per_Metric_Ton,Ramp_Up_Percentage,Ramp_Dn_Percentage,Up_Time,Down_Time,spur_miles,spur_capex,offshore_spur_miles,offshore_spur_capex,tx_miles,tx_capex,interconnect_annuity,regional_cost_multiplier,cap_recovery_years,wacc_real,ids,MISO_CleanPower,NY_CleanPower,PJM_CleanPower,SERC_CleanPower,variable_CF,RETRO,Num_RETRO_Sources,Retro1_Source,Retro1_Efficiency,Retro1_Inv_Cost_per_MWyr,Retro2_Source,Retro2_Efficiency,Retro2_Inv_Cost_per_MWyr,Commit,VRE_STOR,Resource_Type,Inv_Cost_per_MWyr_y,Inv_Cost_Inverter_per_MWyr,Inv_Cost_Solar_per_MWyr,Inv_Cost_Wind_per_MWyr,Inv_Cost_per_MWhyr_y,Fixed_OM_Cost_per_MWyr_y,Fixed_OM_Inverter_Cost_per_MWyr,Fixed_OM_Solar_Cost_per_MWyr,Fixed_OM_Wind_Cost_per_MWyr,Fixed_OM_Cost_per_MWhyr_y,SOLAR,WIND,STOR_DC_DISCHARGE,STOR_DC_CHARGE,STOR_AC_DISCHARGE,STOR_AC_CHARGE,Existing_Cap_Inverter_MW,Existing_Cap_Solar_MW,Existing_Cap_Wind_MW,Existing_Cap_Charge_DC_MW,Existing_Cap_Charge_AC_MW,Existing_Cap_Discharge_DC_MW,Existing_Cap_Discharge_AC_MW,Max_Cap_Inverter_MW,Min_Cap_Inverter_MW,Max_Cap_Charge_AC_MW,Min_Cap_Charge_AC_MW,Max_Cap_Discharge_AC_MW,Min_Cap_Discharge_AC_MW,Max_Cap_Charge_DC_MW,Min_Cap_Charge_DC_MW,Max_Cap_Discharge_DC_MW,Min_Cap_Discharge_DC_MW,Min_Cap_Solar_MW,Min_Cap_Wind_MW,Inv_Cost_Discharge_DC_per_MWyr,Inv_Cost_Charge_DC_per_MWyr,Inv_Cost_Discharge_AC_per_MWyr,Inv_Cost_Charge_AC_per_MWyr,Fixed_OM_Cost_Discharge_DC_per_MWyr,Fixed_OM_Cost_Charge_DC_per_MWyr,Fixed_OM_Cost_Discharge_AC_per_MWyr,Fixed_OM_Cost_Charge_AC_per_MWyr,Var_OM_Cost_per_MWh_Solar,Var_OM_Cost_per_MWh_Wind,Var_OM_Cost_per_MWh_Charge_AC,Var_OM_Cost_per_MWh_Discharge_AC,Max_Cap_Solar_MW,Max_Cap_Wind_MW,Inverter_Ratio_Wind,Inverter_Ratio_Solar,Var_OM_Cost_per_MWh_Charge_DC,Var_OM_Cost_per_MWh_Discharge_DC,Eff_Up_DC,Eff_Down_DC,Eff_Up_AC,Eff_Down_AC,EtaInverter,Power_to_Energy_DC,Power_to_Energy_AC
EIC,EIC_battery_moderate_0,Battery_*_Moderate,0,58,1,0,0,0,0,0,0,0,0,0,0,0.0,0,0,0.0,0.0,0,0,0.0,1,1.0,0,-1.0,-1,0,0,0,0,0,238220.323,2560.0,144.25,141861.827,0,0,0.0,0.0,0,0,0,0.0,0.0,0.0,0.0,None,0.0,0.05,0.0,0.0,0,0,0,0.0,0.0,0,0,0,0,0,0.0,0,0.0,0.0,0,0,0,0,0,0,0,0,0.0,1.03,15,0.026,0,0,0,0,0,0.0,0,0,0,0,0,0,0,0,0.0,1,standalone_storage,2560.0,5358.5403676904925,0.0,0.0,0,14.425,38.947500000000005,0.0,0.0,0,0,0,1,1,0,0,0,0,0,0,0,0,0,-1,-1,-1,-1,-1,-1,-1,-1,-1,0,0,0,0,0,0,0,0,0,0,0,0,0.0,0,0,-1,-1,-1,-1,0.15,0.15,0.95,0.95,0.95,0.95,0.967,0.25,0.25
EIC,EIC_landbasedwind_class1_moderate_0,LandbasedWind_Class1_Moderate_,0,62,1,0,0,0,0,0,0,0,0,0,0,0.0,0,0,0.0,0.0,0,0,0.0,1,1.0,0,-1.0,-1,0,0,0,0,0,879445.731,14197.521,144.25,0.0,0,0,0.0,0.0,0,0,0,0.0,0.0,0.0,0.0,None,0.0,0.05,0.0,0.0,0,0,0,0.0,0.0,0,0,0,0,0,0.0,0,0.0,0.0,0,0,0,0,0,0,0,0,14197.521,1.266,30,0.03,0,0,0,0,0,0.46646145,0,0,0,0,0,0,0,0,0.0,1,hybrid_wind,14197.521,5358.5403676904925,0.0,0.0,0,14.425,38.947500000000005,0.0,129.825,0,0,1,1,1,0,0,0,0,0,0,0,0,0,-1,-1,-1,-1,-1,-1,-1,-1,-1,0,0,0,0,0,0,0,0,0,0,0,0,0.0,0,0,-1,-1,-1,-1,0.15,0.15,0.95,0.95,0.95,0.95,0.967,0.25,0.25
EIC,EIC_landbasedwind_class1_moderate_1,LandbasedWind_Class1_Moderate_,1,63,1,0,0,0,0,0,0,0,0,0,0,0.0,0,0,0.0,0.0,0,0,0.0,1,1.0,0,-1.0,-1,0,0,0,0,0,879445.731,17082.104,144.25,0.0,0,0,0.0,0.0,0,0,0,0.0,0.0,0.0,0.0,None,0.0,0.05,0.0,0.0,0,0,0,0.0,0.0,0,0,0,0,0,0.0,0,0.0,0.0,0,0,0,0,0,0,0,0,17082.104,1.266,30,0.03,0,0,0,0,0,0.506161809,0,0,0,0,0,0,0,0,0.0,1,hybrid_wind,17082.104,5358.5403676904925,0.0,0.0,0,14.425,38.947500000000005,0.0,129.825,0,0,1,1,1,0,0,0,0,0,0,0,0,0,-1,-1,-1,-1,-1,-1,-1,-1,-1,0,0,0,0,0,0,0,0,0,0,0,0,0.0,0,0,-1,-1,-1,-1,0.15,0.15,0.95,0.95,0.95,0.95,0.967,0.25,0.25
EIC,EIC_landbasedwind_class1_moderate_2,LandbasedWind_Class1_Moderate_,2,64,1,0,0,0,0,0,0,0,0,0,0,0.0,0,0,0.0,0.0,0,0,0.0,1,1.0,0,-1.0,-1,0,0,0,0,0,879445.731,17266.619,144.25,0.0,0,0,0.0,0.0,0,0,0,0.0,0.0,0.0,0.0,None,0.0,0.05,0.0,0.0,0,0,0,0.0,0.0,0,0,0,0,0,0.0,0,0.0,0.0,0,0,0,0,0,0,0,0,17266.619,1.266,30,0.03,0,0,0,0,0,0.428973228,0,0,0,0,0,0,0,0,0.0,1,hybrid_wind,17266.619,5358.5403676904925,0.0,0.0,0,14.425,38.947500000000005,0.0,129.825,0,0,1,1,1,0,0,0,0,0,0,0,0,0,-1,-1,-1,-1,-1,-1,-1,-1,-1,0,0,0,0,0,0,0,0,0,0,0,0,0.0,0,0,-1,-1,-1,-1,0.15,0.15,0.95,0.95,0.95,0.95,0.967,0.25,0.25
EIC,EIC_landbasedwind_class1_moderate_3,LandbasedWind_Class1_Moderate_,3,65,1,0,0,0,0,0,0,0,0,0,0,0.0,0,0,0.0,0.0,0,0,0.0,1,1.0,0,-1.0,-1,0,0,0,0,0,879445.731,25482.635,144.25,0.0,0,0,0.0,0.0,0,0,0,0.0,0.0,0.0,0.0,None,0.0,0.05,0.0,0.0,0,0,0,0.0,0.0,0,0,0,0,0,0.0,0,0.0,0.0,0,0,0,0,0,0,0,0,25482.635,1.266,30,0.03,0,0,0,0,0,0.470765114,0,0,0,0,0,0,0,0,0.0,1,hybrid_wind,25482.635,5358.5403676904925,0.0,0.0,0,14.425,38.947500000000005,0.0,129.825,0,0,1,1,1,0,0,0,0,0,0,0,0,0,-1,-1,-1,-1,-1,-1,-1,-1,-1,0,0,0,0,0,0,0,0,0,0,0,0,0.0,0,0,-1,-1,-1,-1,0.15,0.15,0.95,0.95,0.95,0.95,0.967,0.25,0.25
EIC,EIC_landbasedwind_class1_moderate_4,LandbasedWind_Class1_Moderate_,4,66,1,0,0,0,0,0,0,0,0,0,0,0.0,0,0,0.0,0.0,0,0,0.0,1,1.0,0,-1.0,-1,0,0,0,0,0,879445.731,16487.938,144.25,0.0,0,0,0.0,0.0,0,0,0,0.0,0.0,0.0,0.0,None,0.0,0.05,0.0,0.0,0,0,0,0.0,0.0,0,0,0,0,0,0.0,0,0.0,0.0,0,0,0,0,0,0,0,0,16487.938,1.266,30,0.03,0,0,0,0,0,0.369812936,0,0,0,0,0,0,0,0,0.0,1,hybrid_wind,16487.938,5358.5403676904925,0.0,0.0,0,14.425,38.947500000000005,0.0,129.825,0,0,1,1,1,0,0,0,0,0,0,0,0,0,-1,-1,-1,-1,-1,-1,-1,-1,-1,0,0,0,0,0,0,0,0,0,0,0,0,0.0,0,0,-1,-1,-1,-1,0.15,0.15,0.95,0.95,0.95,0.95,0.967,0.25,0.25
EIC,EIC_landbasedwind_class1_moderate_5,LandbasedWind_Class1_Moderate_,5,67,1,0,0,0,0,0,0,0,0,0,0,0.0,0,0,0.0,0.0,0,0,0.0,1,1.0,0,-1.0,-1,0,0,0,0,0,879445.731,25719.606,144.25,0.0,0,0,0.0,0.0,0,0,0,0.0,0.0,0.0,0.0,None,0.0,0.05,0.0,0.0,0,0,0,0.0,0.0,0,0,0,0,0,0.0,0,0.0,0.0,0,0,0,0,0,0,0,0,25719.606,1.266,30,0.03,0,0,0,0,0,0.434300929,0,0,0,0,0,0,0,0,0.0,1,hybrid_wind,25719.606,5358.5403676904925,0.0,0.0,0,14.425,38.947500000000005,0.0,129.825,0,0,1,1,1,0,0,0,0,0,0,0,0,0,-1,-1,-1,-1,-1,-1,-1,-1,-1,0,0,0,0,0,0,0,0,0,0,0,0,0.0,0,0,-1,-1,-1,-1,0.15,0.15,0.95,0.95,0.95,0.95,0.967,0.25,0.25
EIC,EIC_landbasedwind_class1_moderate_6,LandbasedWind_Class1_Moderate_,6,68,1,0,0,0,0,0,0,0,0,0,0,0.0,0,0,0.0,0.0,0,0,0.0,1,1.0,0,-1.0,-1,0,0,0,0,0,879445.731,21223.571,144.25,0.0,0,0,0.0,0.0,0,0,0,0.0,0.0,0.0,0.0,None,0.0,0.05,0.0,0.0,0,0,0,0.0,0.0,0,0,0,0,0,0.0,0,0.0,0.0,0,0,0,0,0,0,0,0,21223.571,1.266,30,0.03,0,0,0,0,0,0.325287282,0,0,0,0,0,0,0,0,0.0,1,hybrid_wind,21223.571,5358.5403676904925,0.0,0.0,0,14.425,38.947500000000005,0.0,129.825,0,0,1,1,1,0,0,0,0,0,0,0,0,0,-1,-1,-1,-1,-1,-1,-1,-1,-1,0,0,0,0,0,0,0,0,0,0,0,0,0.0,0,0,-1,-1,-1,-1,0.15,0.15,0.95,0.95,0.95,0.95,0.967,0.25,0.25
EIC,EIC_landbasedwind_class1_moderate_7,LandbasedWind_Class1_Moderate_,7,69,1,0,0,0,0,0,0,0,0,0,0,0.0,0,0,0.0,0.0,0,0,0.0,1,1.0,0,-1.0,-1,0,0,0,0,0,879445.731,32632.921,144.25,0.0,0,0,0.0,0.0,0,0,0,0.0,0.0,0.0,0.0,None,0.0,0.05,0.0,0.0,0,0,0,0.0,0.0,0,0,0,0,0,0.0,0,0.0,0.0,0,0,0,0,0,0,0,0,32632.921,1.266,30,0.03,0,0,0,0,0,0.405135185,0,0,0,0,0,0,0,0,0.0,1,hybrid_wind,32632.921,5358.5403676904925,0.0,0.0,0,14.425,38.947500000000005,0.0,129.825,0,0,1,1,1,0,0,0,0,0,0,0,0,0,-1,-1,-1,-1,-1,-1,-1,-1,-1,0,0,0,0,0,0,0,0,0,0,0,0,0.0,0,0,-1,-1,-1,-1,0.15,0.15,0.95,0.95,0.95,0.95,0.967,0.25,0.25
EIC,EIC_landbasedwind_class1_moderate_8,LandbasedWind_Class1_Moderate_,8,70,1,0,0,0,0,0,0,0,0,0,0,0.0,0,0,0.0,0.0,0,0,0.0,1,1.0,0,-1.0,-1,0,0,0,0,0,879445.731,28526.156,144.25,0.0,0,0,0.0,0.0,0,0,0,0.0,0.0,0.0,0.0,None,0.0,0.05,0.0,0.0,0,0,0,0.0,0.0,0,0,0,0,0,0.0,0,0.0,0.0,0,0,0,0,0,0,0,0,28526.156,1.266,30,0.03,0,0,0,0,0,0.301312625,0,0,0,0,0,0,0,0,0.0,1,hybrid_wind,28526.156,5358.5403676904925,0.0,0.0,0,14.425,38.947500000000005,0.0,129.825,0,0,1,1,1,0,0,0,0,0,0,0,0,0,-1,-1,-1,-1,-1,-1,-1,-1,-1,0,0,0,0,0,0,0,0,0,0,0,0,0.0,0,0,-1,-1,-1,-1,0.15,0.15,0.95,0.95,0.95,0.95,0.967,0.25,0.25
EIC,EIC_landbasedwind_class1_moderate_9,LandbasedWind_Class1_Moderate_,9,71,1,0,0,0,0,0,0,0,0,0,0,0.0,0,0,0.0,0.0,0,0,0.0,1,1.0,0,-1.0,-1,0,0,0,0,0,879445.731,244461.674,144.25,0.0,0,0,0.0,0.0,0,0,0,0.0,0.0,0.0,0.0,None,0.0,0.05,0.0,0.0,0,0,0,0.0,0.0,0,0,0,0,0,0.0,0,0.0,0.0,0,0,0,0,0,0,0,0,244461.674,1.266,30,0.03,0,0,0,0,0,0.479932398,0,0,0,0,0,0,0,0,0.0,1,hybrid_wind,244461.674,5358.5403676904925,0.0,0.0,0,14.425,38.947500000000005,0.0,129.825,0,0,1,1,1,0,0,0,0,0,0,0,0,0,-1,-1,-1,-1,-1,-1,-1,-1,-1,0,0,0,0,0,0,0,0,0,0,0,0,0.0,0,0,-1,-1,-1,-1,0.15,0.15,0.95,0.95,0.95,0.95,0.967,0.25,0.25
EIC,EIC_utilitypv_class1_moderate_0,UtilityPV_Class1_Moderate_,0,72,1,0,0,0,0,0,0,0,0,0,0,0.0,0,0,0.0,0.0,0,0,0.0,1,1.0,0,-1.0,-1,0,0,0,0,0,630556.245,8863.386,144.25,0.0,0,0,0.0,0.0,0,0,0,0.0,0.0,0.0,0.0,None,0.0,0.05,0.0,0.0,0,0,0,0.0,0.0,0,0,0,0,0,0.0,0,0.0,0.0,0,0,0,0,0,0,0,0,8863.386,1.017,30,0.026,0,0,0,0,0,0.26517567,0,0,0,0,0,0,0,0,0.0,1,hybrid_pv,8863.386,5358.5403676904925,19313.515248369717,0.0,0,14.425,38.947500000000005,90.8775,0.0,0,1,0,1,1,0,0,0,0,0,0,0,0,0,-1,-1,-1,-1,-1,-1,-1,-1,-1,0,0,0,0,0,0,0,0,0,0,0,0,,0,0,-1,-1,-1,-1,0.15,0.15,0.95,0.95,0.95,0.95,0.967,0.25,0.25
EIC,EIC_utilitypv_class1_moderate_1,UtilityPV_Class1_Moderate_,1,73,1,0,0,0,0,0,0,0,0,0,0,0.0,0,0,0.0,0.0,0,0,0.0,1,1.0,0,-1.0,-1,0,0,0,0,0,630556.245,4464.156,144.25,0.0,0,0,0.0,0.0,0,0,0,0.0,0.0,0.0,0.0,None,0.0,0.05,0.0,0.0,0,0,0,0.0,0.0,0,0,0,0,0,0.0,0,0.0,0.0,0,0,0,0,0,0,0,0,4464.156,1.017,30,0.026,0,0,0,0,0,0.246608377,0,0,0,0,0,0,0,0,0.0,1,hybrid_pv,4464.156,5358.5403676904925,19313.515248369717,0.0,0,14.425,38.947500000000005,90.8775,0.0,0,1,0,1,1,0,0,0,0,0,0,0,0,0,-1,-1,-1,-1,-1,-1,-1,-1,-1,0,0,0,0,0,0,0,0,0,0,0,0,,0,0,-1,-1,-1,-1,0.15,0.15,0.95,0.95,0.95,0.95,0.967,0.25,0.25
EIC,EIC_utilitypv_class1_moderate_2,UtilityPV_Class1_Moderate_,2,74,1,0,0,0,0,0,0,0,0,0,0,0.0,0,0,0.0,0.0,0,0,0.0,1,1.0,0,-1.0,-1,0,0,0,0,0,630556.245,14629.711,144.25,0.0,0,0,0.0,0.0,0,0,0,0.0,0.0,0.0,0.0,None,0.0,0.05,0.0,0.0,0,0,0,0.0,0.0,0,0,0,0,0,0.0,0,0.0,0.0,0,0,0,0,0,0,0,0,14629.711,1.017,30,0.026,0,0,0,0,0,0.262942463,0,0,0,0,0,0,0,0,0.0,1,hybrid_pv,14629.711,5358.5403676904925,19313.515248369717,0.0,0,14.425,38.947500000000005,90.8775,0.0,0,1,0,1,1,0,0,0,0,0,0,0,0,0,-1,-1,-1,-1,-1,-1,-1,-1,-1,0,0,0,0,0,0,0,0,0,0,0,0,,0,0,-1,-1,-1,-1,0.15,0.15,0.95,0.95,0.95,0.95,0.967,0.25,0.25
EIC,EIC_utilitypv_class1_moderate_3,UtilityPV_Class1_Moderate_,3,75,1,0,0,0,0,0,0,0,0,0,0,0.0,0,0,0.0,0.0,0,0,0.0,1,1.0,0,-1.0,-1,0,0,0,0,0,630556.245,10125.593,144.25,0.0,0,0,0.0,0.0,0,0,0,0.0,0.0,0.0,0.0,None,0.0,0.05,0.0,0.0,0,0,0,0.0,0.0,0,0,0,0,0,0.0,0,0.0,0.0,0,0,0,0,0,0,0,0,10125.593,1.017,30,0.026,0,0,0,0,0,0.247017696,0,0,0,0,0,0,0,0,0.0,1,hybrid_pv,10125.593,5358.5403676904925,19313.515248369717,0.0,0,14.425,38.947500000000005,90.8775,0.0,0,1,0,1,1,0,0,0,0,0,0,0,0,0,-1,-1,-1,-1,-1,-1,-1,-1,-1,0,0,0,0,0,0,0,0,0,0,0,0,,0,0,-1,-1,-1,-1,0.15,0.15,0.95,0.95,0.95,0.95,0.967,0.25,0.25
EIC,EIC_utilitypv_class1_moderate_4,UtilityPV_Class1_Moderate_,4,76,1,0,0,0,0,0,0,0,0,0,0,0.0,0,0,0.0,0.0,0,0,0.0,1,1.0,0,-1.0,-1,0,0,0,0,0,630556.245,16248.012,144.25,0.0,0,0,0.0,0.0,0,0,0,0.0,0.0,0.0,0.0,None,0.0,0.05,0.0,0.0,0,0,0,0.0,0.0,0,0,0,0,0,0.0,0,0.0,0.0,0,0,0,0,0,0,0,0,16248.012,1.017,30,0.026,0,0,0,0,0,0.250704974,0,0,0,0,0,0,0,0,0.0,1,hybrid_pv,16248.012,5358.5403676904925,19313.515248369717,0.0,0,14.425,38.947500000000005,90.8775,0.0,0,1,0,1,1,0,0,0,0,0,0,0,0,0,-1,-1,-1,-1,-1,-1,-1,-1,-1,0,0,0,0,0,0,0,0,0,0,0,0,,0,0,-1,-1,-1,-1,0.15,0.15,0.95,0.95,0.95,0.95,0.967,0.25,0.25
EIC,EIC_utilitypv_class1_moderate_5,UtilityPV_Class1_Moderate_,5,77,1,0,0,0,0,0,0,0,0,0,0,0.0,0,0,0.0,0.0,0,0,0.0,1,1.0,0,-1.0,-1,0,0,0,0,0,630556.245,22825.004,144.25,0.0,0,0,0.0,0.0,0,0,0,0.0,0.0,0.0,0.0,None,0.0,0.05,0.0,0.0,0,0,0,0.0,0.0,0,0,0,0,0,0.0,0,0.0,0.0,0,0,0,0,0,0,0,0,22825.004,1.017,30,0.026,0,0,0,0,0,0.268118054,0,0,0,0,0,0,0,0,0.0,1,hybrid_pv,22825.004,5358.5403676904925,19313.515248369717,0.0,0,14.425,38.947500000000005,90.8775,0.0,0,1,0,1,1,0,0,0,0,0,0,0,0,0,-1,-1,-1,-1,-1,-1,-1,-1,-1,0,0,0,0,0,0,0,0,0,0,0,0,,0,0,-1,-1,-1,-1,0.15,0.15,0.95,0.95,0.95,0.95,0.967,0.25,0.25
EIC,EIC_utilitypv_class1_moderate_6,UtilityPV_Class1_Moderate_,6,78,1,0,0,0,0,0,0,0,0,0,0,0.0,0,0,0.0,0.0,0,0,0.0,1,1.0,0,-1.0,-1,0,0,0,0,0,630556.245,24565.988,144.25,0.0,0,0,0.0,0.0,0,0,0,0.0,0.0,0.0,0.0,None,0.0,0.05,0.0,0.0,0,0,0,0.0,0.0,0,0,0,0,0,0.0,0,0.0,0.0,0,0,0,0,0,0,0,0,24565.988,1.017,30,0.026,0,0,0,0,0,0.258166939,0,0,0,0,0,0,0,0,0.0,1,hybrid_pv,24565.988,5358.5403676904925,19313.515248369717,0.0,0,14.425,38.947500000000005,90.8775,0.0,0,1,0,1,1,0,0,0,0,0,0,0,0,0,-1,-1,-1,-1,-1,-1,-1,-1,-1,0,0,0,0,0,0,0,0,0,0,0,0,,0,0,-1,-1,-1,-1,0.15,0.15,0.95,0.95,0.95,0.95,0.967,0.25,0.25
EIC,EIC_utilitypv_class1_moderate_7,UtilityPV_Class1_Moderate_,7,79,1,0,0,0,0,0,0,0,0,0,0,0.0,0,0,0.0,0.0,0,0,0.0,1,1.0,0,-1.0,-1,0,0,0,0,0,630556.245,21180.786,144.25,0.0,0,0,0.0,0.0,0,0,0,0.0,0.0,0.0,0.0,None,0.0,0.05,0.0,0.0,0,0,0,0.0,0.0,0,0,0,0,0,0.0,0,0.0,0.0,0,0,0,0,0,0,0,0,21180.786,1.017,30,0.026,0,0,0,0,0,0.245459273,0,0,0,0,0,0,0,0,0.0,1,hybrid_pv,21180.786,5358.5403676904925,19313.515248369717,0.0,0,14.425,38.947500000000005,90.8775,0.0,0,1,0,1,1,0,0,0,0,0,0,0,0,0,-1,-1,-1,-1,-1,-1,-1,-1,-1,0,0,0,0,0,0,0,0,0,0,0,0,,0,0,-1,-1,-1,-1,0.15,0.15,0.95,0.95,0.95,0.95,0.967,0.25,0.25
EIC,EIC_utilitypv_class1_moderate_8,UtilityPV_Class1_Moderate_,8,80,1,0,0,0,0,0,0,0,0,0,0,0.0,0,0,0.0,0.0,0,0,0.0,1,1.0,0,-1.0,-1,0,0,0,0,0,630556.245,32414.229,144.25,0.0,0,0,0.0,0.0,0,0,0,0.0,0.0,0.0,0.0,None,0.0,0.05,0.0,0.0,0,0,0,0.0,0.0,0,0,0,0,0,0.0,0,0.0,0.0,0,0,0,0,0,0,0,0,32414.229,1.017,30,0.026,0,0,0,0,0,0.247877195,0,0,0,0,0,0,0,0,0.0,1,hybrid_pv,32414.229,5358.5403676904925,19313.515248369717,0.0,0,14.425,38.947500000000005,90.8775,0.0,0,1,0,1,1,0,0,0,0,0,0,0,0,0,-1,-1,-1,-1,-1,-1,-1,-1,-1,0,0,0,0,0,0,0,0,0,0,0,0,,0,0,-1,-1,-1,-1,0.15,0.15,0.95,0.95,0.95,0.95,0.967,0.25,0.25
EIC,EIC_utilitypv_class1_moderate_9,UtilityPV_Class1_Moderate_,9,81,1,0,0,0,0,0,0,0,0,0,0,0.0,0,0,0.0,0.0,0,0,0.0,1,1.0,0,-1.0,-1,0,0,0,0,0,630556.245,148668.665,144.25,0.0,0,0,0.0,0.0,0,0,0,0.0,0.0,0.0,0.0,None,0.0,0.05,0.0,0.0,0,0,0,0.0,0.0,0,0,0,0,0,0.0,0,0.0,0.0,0,0,0,0,0,0,0,0,148668.665,1.017,30,0.026,0,0,0,0,0,0.270195067,0,0,0,0,0,0,0,0,0.0,1,hybrid_pv,148668.665,5358.5403676904925,19313.515248369717,0.0,0,14.425,38.947500000000005,90.8775,0.0,0,1,0,1,1,0,0,0,0,0,0,0,0,0,-1,-1,-1,-1,-1,-1,-1,-1,-1,0,0,0,0,0,0,0,0,0,0,0,0,,0,0,-1,-1,-1,-1,0.15,0.15,0.95,0.95,0.95,0.95,0.967,0.25,0.25
TRE,TRE_battery_moderate_0,Battery_*_Moderate,0,124,2,0,0,0,0,0,0,0,0,0,0,0.0,0,0,0.0,0.0,0,0,0.0,1,1.0,0,-1.0,-1,0,0,0,0,0,238220.323,2560.0,144.25,141861.827,0,0,0.0,0.0,0,0,0,0.0,0.0,0.0,0.0,None,0.0,0.05,0.0,0.0,0,0,0,0.0,0.0,0,0,0,0,0,0.0,0,0.0,0.0,0,0,0,0,0,0,0,0,0.0,1.0,15,0.026,0,0,0,0,0,0.0,0,0,0,0,0,0,0,0,0.0,1,standalone_storage,2560.0,5202.466376398535,0.0,0.0,0,14.425,38.947500000000005,0.0,0.0,0,0,0,1,1,0,0,0,0,0,0,0,0,0,-1,-1,-1,-1,-1,-1,-1,-1,-1,0,0,0,0,0,0,0,0,0,0,0,0,0.0,0,0,-1,-1,-1,-1,0.15,0.15,0.95,0.95,0.95,0.95,0.967,0.25,0.25
TRE,TRE_landbasedwind_class1_moderate_0,LandbasedWind_Class1_Moderate_,0,128,2,0,0,0,0,0,0,0,0,0,0,0.0,0,0,0.0,0.0,0,0,0.0,1,1.0,0,-1.0,-1,0,0,0,0,0,879445.731,14392.776,144.25,0.0,0,0,0.0,0.0,0,0,0,0.0,0.0,0.0,0.0,None,0.0,0.05,0.0,0.0,0,0,0,0.0,0.0,0,0,0,0,0,0.0,0,0.0,0.0,0,0,0,0,0,0,0,0,14392.776,0.933,30,0.03,0,0,0,0,0,0.468758494,0,0,0,0,0,0,0,0,0.0,1,hybrid_wind,14392.776,5202.466376398535,0.0,0.0,0,14.425,38.947500000000005,0.0,129.825,0,0,1,1,1,0,0,0,0,0,0,0,0,0,-1,-1,-1,-1,-1,-1,-1,-1,-1,0,0,0,0,0,0,0,0,0,0,0,0,0.0,0,0,-1,-1,-1,-1,0.15,0.15,0.95,0.95,0.95,0.95,0.967,0.25,0.25
TRE,TRE_landbasedwind_class1_moderate_1,LandbasedWind_Class1_Moderate_,1,129,2,0,0,0,0,0,0,0,0,0,0,0.0,0,0,0.0,0.0,0,0,0.0,1,1.0,0,-1.0,-1,0,0,0,0,0,879445.731,20297.809,144.25,0.0,0,0,0.0,0.0,0,0,0,0.0,0.0,0.0,0.0,None,0.0,0.05,0.0,0.0,0,0,0,0.0,0.0,0,0,0,0,0,0.0,0,0.0,0.0,0,0,0,0,0,0,0,0,20297.809,0.933,30,0.03,0,0,0,0,0,0.50884968,0,0,0,0,0,0,0,0,0.0,1,hybrid_wind,20297.809,5202.466376398535,0.0,0.0,0,14.425,38.947500000000005,0.0,129.825,0,0,1,1,1,0,0,0,0,0,0,0,0,0,-1,-1,-1,-1,-1,-1,-1,-1,-1,0,0,0,0,0,0,0,0,0,0,0,0,0.0,0,0,-1,-1,-1,-1,0.15,0.15,0.95,0.95,0.95,0.95,0.967,0.25,0.25
TRE,TRE_landbasedwind_class1_moderate_2,LandbasedWind_Class1_Moderate_,2,130,2,0,0,0,0,0,0,0,0,0,0,0.0,0,0,0.0,0.0,0,0,0.0,1,1.0,0,-1.0,-1,0,0,0,0,0,879445.731,14755.103,144.25,0.0,0,0,0.0,0.0,0,0,0,0.0,0.0,0.0,0.0,None,0.0,0.05,0.0,0.0,0,0,0,0.0,0.0,0,0,0,0,0,0.0,0,0.0,0.0,0,0,0,0,0,0,0,0,14755.103,0.933,30,0.03,0,0,0,0,0,0.428581536,0,0,0,0,0,0,0,0,0.0,1,hybrid_wind,14755.103,5202.466376398535,0.0,0.0,0,14.425,38.947500000000005,0.0,129.825,0,0,1,1,1,0,0,0,0,0,0,0,0,0,-1,-1,-1,-1,-1,-1,-1,-1,-1,0,0,0,0,0,0,0,0,0,0,0,0,0.0,0,0,-1,-1,-1,-1,0.15,0.15,0.95,0.95,0.95,0.95,0.967,0.25,0.25
TRE,TRE_landbasedwind_class1_moderate_3,LandbasedWind_Class1_Moderate_,3,131,2,0,0,0,0,0,0,0,0,0,0,0.0,0,0,0.0,0.0,0,0,0.0,1,1.0,0,-1.0,-1,0,0,0,0,0,879445.731,23630.35,144.25,0.0,0,0,0.0,0.0,0,0,0,0.0,0.0,0.0,0.0,None,0.0,0.05,0.0,0.0,0,0,0,0.0,0.0,0,0,0,0,0,0.0,0,0.0,0.0,0,0,0,0,0,0,0,0,23630.35,0.933,30,0.03,0,0,0,0,0,0.463753909,0,0,0,0,0,0,0,0,0.0,1,hybrid_wind,23630.35,5202.466376398535,0.0,0.0,0,14.425,38.947500000000005,0.0,129.825,0,0,1,1,1,0,0,0,0,0,0,0,0,0,-1,-1,-1,-1,-1,-1,-1,-1,-1,0,0,0,0,0,0,0,0,0,0,0,0,0.0,0,0,-1,-1,-1,-1,0.15,0.15,0.95,0.95,0.95,0.95,0.967,0.25,0.25
TRE,TRE_landbasedwind_class1_moderate_4,LandbasedWind_Class1_Moderate_,4,132,2,0,0,0,0,0,0,0,0,0,0,0.0,0,0,0.0,0.0,0,0,0.0,1,1.0,0,-1.0,-1,0,0,0,0,0,879445.731,12498.46,144.25,0.0,0,0,0.0,0.0,0,0,0,0.0,0.0,0.0,0.0,None,0.0,0.05,0.0,0.0,0,0,0,0.0,0.0,0,0,0,0,0,0.0,0,0.0,0.0,0,0,0,0,0,0,0,0,12498.46,0.933,30,0.03,0,0,0,0,0,0.393514663,0,0,0,0,0,0,0,0,0.0,1,hybrid_wind,12498.46,5202.466376398535,0.0,0.0,0,14.425,38.947500000000005,0.0,129.825,0,0,1,1,1,0,0,0,0,0,0,0,0,0,-1,-1,-1,-1,-1,-1,-1,-1,-1,0,0,0,0,0,0,0,0,0,0,0,0,0.0,0,0,-1,-1,-1,-1,0.15,0.15,0.95,0.95,0.95,0.95,0.967,0.25,0.25
TRE,TRE_landbasedwind_class1_moderate_5,LandbasedWind_Class1_Moderate_,5,133,2,0,0,0,0,0,0,0,0,0,0,0.0,0,0,0.0,0.0,0,0,0.0,1,1.0,0,-1.0,-1,0,0,0,0,0,879445.731,23787.558,144.25,0.0,0,0,0.0,0.0,0,0,0,0.0,0.0,0.0,0.0,None,0.0,0.05,0.0,0.0,0,0,0,0.0,0.0,0,0,0,0,0,0.0,0,0.0,0.0,0,0,0,0,0,0,0,0,23787.558,0.933,30,0.03,0,0,0,0,0,0.431482643,0,0,0,0,0,0,0,0,0.0,1,hybrid_wind,23787.558,5202.466376398535,0.0,0.0,0,14.425,38.947500000000005,0.0,129.825,0,0,1,1,1,0,0,0,0,0,0,0,0,0,-1,-1,-1,-1,-1,-1,-1,-1,-1,0,0,0,0,0,0,0,0,0,0,0,0,0.0,0,0,-1,-1,-1,-1,0.15,0.15,0.95,0.95,0.95,0.95,0.967,0.25,0.25
TRE,TRE_landbasedwind_class1_moderate_6,LandbasedWind_Class1_Moderate_,6,134,2,0,0,0,0,0,0,0,0,0,0,0.0,0,0,0.0,0.0,0,0,0.0,1,1.0,0,-1.0,-1,0,0,0,0,0,879445.731,15633.08,144.25,0.0,0,0,0.0,0.0,0,0,0,0.0,0.0,0.0,0.0,None,0.0,0.05,0.0,0.0,0,0,0,0.0,0.0,0,0,0,0,0,0.0,0,0.0,0.0,0,0,0,0,0,0,0,0,15633.08,0.933,30,0.03,0,0,0,0,0,0.37748757,0,0,0,0,0,0,0,0,0.0,1,hybrid_wind,15633.08,5202.466376398535,0.0,0.0,0,14.425,38.947500000000005,0.0,129.825,0,0,1,1,1,0,0,0,0,0,0,0,0,0,-1,-1,-1,-1,-1,-1,-1,-1,-1,0,0,0,0,0,0,0,0,0,0,0,0,0.0,0,0,-1,-1,-1,-1,0.15,0.15,0.95,0.95,0.95,0.95,0.967,0.25,0.25
TRE,TRE_landbasedwind_class1_moderate_7,LandbasedWind_Class1_Moderate_,7,135,2,0,0,0,0,0,0,0,0,0,0,0.0,0,0,0.0,0.0,0,0,0.0,1,1.0,0,-1.0,-1,0,0,0,0,0,879445.731,29020.777,144.25,0.0,0,0,0.0,0.0,0,0,0,0.0,0.0,0.0,0.0,None,0.0,0.05,0.0,0.0,0,0,0,0.0,0.0,0,0,0,0,0,0.0,0,0.0,0.0,0,0,0,0,0,0,0,0,29020.777,0.933,30,0.03,0,0,0,0,0,0.418603808,0,0,0,0,0,0,0,0,0.0,1,hybrid_wind,29020.777,5202.466376398535,0.0,0.0,0,14.425,38.947500000000005,0.0,129.825,0,0,1,1,1,0,0,0,0,0,0,0,0,0,-1,-1,-1,-1,-1,-1,-1,-1,-1,0,0,0,0,0,0,0,0,0,0,0,0,0.0,0,0,-1,-1,-1,-1,0.15,0.15,0.95,0.95,0.95,0.95,0.967,0.25,0.25
TRE,TRE_landbasedwind_class1_moderate_8,LandbasedWind_Class1_Moderate_,8,136,2,0,0,0,0,0,0,0,0,0,0,0.0,0,0,0.0,0.0,0,0,0.0,1,1.0,0,-1.0,-1,0,0,0,0,0,879445.731,40896.604,144.25,0.0,0,0,0.0,0.0,0,0,0,0.0,0.0,0.0,0.0,None,0.0,0.05,0.0,0.0,0,0,0,0.0,0.0,0,0,0,0,0,0.0,0,0.0,0.0,0,0,0,0,0,0,0,0,40896.604,0.933,30,0.03,0,0,0,0,0,0.350026488,0,0,0,0,0,0,0,0,0.0,1,hybrid_wind,40896.604,5202.466376398535,0.0,0.0,0,14.425,38.947500000000005,0.0,129.825,0,0,1,1,1,0,0,0,0,0,0,0,0,0,-1,-1,-1,-1,-1,-1,-1,-1,-1,0,0,0,0,0,0,0,0,0,0,0,0,0.0,0,0,-1,-1,-1,-1,0.15,0.15,0.95,0.95,0.95,0.95,0.967,0.25,0.25
TRE,TRE_landbasedwind_class1_moderate_9,LandbasedWind_Class1_Moderate_,9,137,2,0,0,0,0,0,0,0,0,0,0,0.0,0,0,0.0,0.0,0,0,0.0,1,1.0,0,-1.0,-1,0,0,0,0,0,879445.731,146712.274,144.25,0.0,0,0,0.0,0.0,0,0,0,0.0,0.0,0.0,0.0,None,0.0,0.05,0.0,0.0,0,0,0,0.0,0.0,0,0,0,0,0,0.0,0,0.0,0.0,0,0,0,0,0,0,0,0,146712.274,0.933,30,0.03,0,0,0,0,0,0.489716798,0,0,0,0,0,0,0,0,0.0,1,hybrid_wind,146712.274,5202.466376398535,0.0,0.0,0,14.425,38.947500000000005,0.0,129.825,0,0,1,1,1,0,0,0,0,0,0,0,0,0,-1,-1,-1,-1,-1,-1,-1,-1,-1,0,0,0,0,0,0,0,0,0,0,0,0,0.0,0,0,-1,-1,-1,-1,0.15,0.15,0.95,0.95,0.95,0.95,0.967,0.25,0.25
TRE,TRE_utilitypv_class1_moderate_0,UtilityPV_Class1_Moderate_,0,138,2,0,0,0,0,0,0,0,0,0,0,0.0,0,0,0.0,0.0,0,0,0.0,1,1.0,0,-1.0,-1,0,0,0,0,0,630556.245,6412.182,144.25,0.0,0,0,0.0,0.0,0,0,0,0.0,0.0,0.0,0.0,None,0.0,0.05,0.0,0.0,0,0,0,0.0,0.0,0,0,0,0,0,0.0,0,0.0,0.0,0,0,0,0,0,0,0,0,6412.182,0.968,30,0.026,0,0,0,0,0,0.254278213,0,0,0,0,0,0,0,0,0.0,1,hybrid_pv,6412.182,5202.466376398535,18382.972232469896,0.0,0,14.425,38.947500000000005,90.8775,0.0,0,1,0,1,1,0,0,0,0,0,0,0,0,0,-1,-1,-1,-1,-1,-1,-1,-1,-1,0,0,0,0,0,0,0,0,0,0,0,0,,0,0,-1,-1,-1,-1,0.15,0.15,0.95,0.95,0.95,0.95,0.967,0.25,0.25
TRE,TRE_utilitypv_class1_moderate_1,UtilityPV_Class1_Moderate_,1,139,2,0,0,0,0,0,0,0,0,0,0,0.0,0,0,0.0,0.0,0,0,0.0,1,1.0,0,-1.0,-1,0,0,0,0,0,630556.245,8460.982,144.25,0.0,0,0,0.0,0.0,0,0,0,0.0,0.0,0.0,0.0,None,0.0,0.05,0.0,0.0,0,0,0,0.0,0.0,0,0,0,0,0,0.0,0,0.0,0.0,0,0,0,0,0,0,0,0,8460.982,0.968,30,0.026,0,0,0,0,0,0.262568802,0,0,0,0,0,0,0,0,0.0,1,hybrid_pv,8460.982,5202.466376398535,18382.972232469896,0.0,0,14.425,38.947500000000005,90.8775,0.0,0,1,0,1,1,0,0,0,0,0,0,0,0,0,-1,-1,-1,-1,-1,-1,-1,-1,-1,0,0,0,0,0,0,0,0,0,0,0,0,,0,0,-1,-1,-1,-1,0.15,0.15,0.95,0.95,0.95,0.95,0.967,0.25,0.25
TRE,TRE_utilitypv_class1_moderate_2,UtilityPV_Class1_Moderate_,2,140,2,0,0,0,0,0,0,0,0,0,0,0.0,0,0,0.0,0.0,0,0,0.0,1,1.0,0,-1.0,-1,0,0,0,0,0,630556.245,10478.698,144.25,0.0,0,0,0.0,0.0,0,0,0,0.0,0.0,0.0,0.0,None,0.0,0.05,0.0,0.0,0,0,0,0.0,0.0,0,0,0,0,0,0.0,0,0.0,0.0,0,0,0,0,0,0,0,0,10478.698,0.968,30,0.026,0,0,0,0,0,0.252687842,0,0,0,0,0,0,0,0,0.0,1,hybrid_pv,10478.698,5202.466376398535,18382.972232469896,0.0,0,14.425,38.947500000000005,90.8775,0.0,0,1,0,1,1,0,0,0,0,0,0,0,0,0,-1,-1,-1,-1,-1,-1,-1,-1,-1,0,0,0,0,0,0,0,0,0,0,0,0,,0,0,-1,-1,-1,-1,0.15,0.15,0.95,0.95,0.95,0.95,0.967,0.25,0.25
TRE,TRE_utilitypv_class1_moderate_3,UtilityPV_Class1_Moderate_,3,141,2,0,0,0,0,0,0,0,0,0,0,0.0,0,0,0.0,0.0,0,0,0.0,1,1.0,0,-1.0,-1,0,0,0,0,0,630556.245,14103.154,144.25,0.0,0,0,0.0,0.0,0,0,0,0.0,0.0,0.0,0.0,None,0.0,0.05,0.0,0.0,0,0,0,0.0,0.0,0,0,0,0,0,0.0,0,0.0,0.0,0,0,0,0,0,0,0,0,14103.154,0.968,30,0.026,0,0,0,0,0,0.264333636,0,0,0,0,0,0,0,0,0.0,1,hybrid_pv,14103.154,5202.466376398535,18382.972232469896,0.0,0,14.425,38.947500000000005,90.8775,0.0,0,1,0,1,1,0,0,0,0,0,0,0,0,0,-1,-1,-1,-1,-1,-1,-1,-1,-1,0,0,0,0,0,0,0,0,0,0,0,0,,0,0,-1,-1,-1,-1,0.15,0.15,0.95,0.95,0.95,0.95,0.967,0.25,0.25
TRE,TRE_utilitypv_class1_moderate_4,UtilityPV_Class1_Moderate_,4,142,2,0,0,0,0,0,0,0,0,0,0,0.0,0,0,0.0,0.0,0,0,0.0,1,1.0,0,-1.0,-1,0,0,0,0,0,630556.245,14224.435,144.25,0.0,0,0,0.0,0.0,0,0,0,0.0,0.0,0.0,0.0,None,0.0,0.05,0.0,0.0,0,0,0,0.0,0.0,0,0,0,0,0,0.0,0,0.0,0.0,0,0,0,0,0,0,0,0,14224.435,0.968,30,0.026,0,0,0,0,0,0.253560722,0,0,0,0,0,0,0,0,0.0,1,hybrid_pv,14224.435,5202.466376398535,18382.972232469896,0.0,0,14.425,38.947500000000005,90.8775,0.0,0,1,0,1,1,0,0,0,0,0,0,0,0,0,-1,-1,-1,-1,-1,-1,-1,-1,-1,0,0,0,0,0,0,0,0,0,0,0,0,,0,0,-1,-1,-1,-1,0.15,0.15,0.95,0.95,0.95,0.95,0.967,0.25,0.25
TRE,TRE_utilitypv_class1_moderate_5,UtilityPV_Class1_Moderate_,5,143,2,0,0,0,0,0,0,0,0,0,0,0.0,0,0,0.0,0.0,0,0,0.0,1,1.0,0,-1.0,-1,0,0,0,0,0,630556.245,18539.404,144.25,0.0,0,0,0.0,0.0,0,0,0,0.0,0.0,0.0,0.0,None,0.0,0.05,0.0,0.0,0,0,0,0.0,0.0,0,0,0,0,0,0.0,0,0.0,0.0,0,0,0,0,0,0,0,0,18539.404,0.968,30,0.026,0,0,0,0,0,0.26726374,0,0,0,0,0,0,0,0,0.0,1,hybrid_pv,18539.404,5202.466376398535,18382.972232469896,0.0,0,14.425,38.947500000000005,90.8775,0.0,0,1,0,1,1,0,0,0,0,0,0,0,0,0,-1,-1,-1,-1,-1,-1,-1,-1,-1,0,0,0,0,0,0,0,0,0,0,0,0,,0,0,-1,-1,-1,-1,0.15,0.15,0.95,0.95,0.95,0.95,0.967,0.25,0.25
TRE,TRE_utilitypv_class1_moderate_6,UtilityPV_Class1_Moderate_,6,144,2,0,0,0,0,0,0,0,0,0,0,0.0,0,0,0.0,0.0,0,0,0.0,1,1.0,0,-1.0,-1,0,0,0,0,0,630556.245,22324.625,144.25,0.0,0,0,0.0,0.0,0,0,0,0.0,0.0,0.0,0.0,None,0.0,0.05,0.0,0.0,0,0,0,0.0,0.0,0,0,0,0,0,0.0,0,0.0,0.0,0,0,0,0,0,0,0,0,22324.625,0.968,30,0.026,0,0,0,0,0,0.265551984,0,0,0,0,0,0,0,0,0.0,1,hybrid_pv,22324.625,5202.466376398535,18382.972232469896,0.0,0,14.425,38.947500000000005,90.8775,0.0,0,1,0,1,1,0,0,0,0,0,0,0,0,0,-1,-1,-1,-1,-1,-1,-1,-1,-1,0,0,0,0,0,0,0,0,0,0,0,0,,0,0,-1,-1,-1,-1,0.15,0.15,0.95,0.95,0.95,0.95,0.967,0.25,0.25
TRE,TRE_utilitypv_class1_moderate_7,UtilityPV_Class1_Moderate_,7,145,2,0,0,0,0,0,0,0,0,0,0,0.0,0,0,0.0,0.0,0,0,0.0,1,1.0,0,-1.0,-1,0,0,0,0,0,630556.245,17463.888,144.25,0.0,0,0,0.0,0.0,0,0,0,0.0,0.0,0.0,0.0,None,0.0,0.05,0.0,0.0,0,0,0,0.0,0.0,0,0,0,0,0,0.0,0,0.0,0.0,0,0,0,0,0,0,0,0,17463.888,0.968,30,0.026,0,0,0,0,0,0.251154423,0,0,0,0,0,0,0,0,0.0,1,hybrid_pv,17463.888,5202.466376398535,18382.972232469896,0.0,0,14.425,38.947500000000005,90.8775,0.0,0,1,0,1,1,0,0,0,0,0,0,0,0,0,-1,-1,-1,-1,-1,-1,-1,-1,-1,0,0,0,0,0,0,0,0,0,0,0,0,,0,0,-1,-1,-1,-1,0.15,0.15,0.95,0.95,0.95,0.95,0.967,0.25,0.25
TRE,TRE_utilitypv_class1_moderate_8,UtilityPV_Class1_Moderate_,8,146,2,0,0,0,0,0,0,0,0,0,0,0.0,0,0,0.0,0.0,0,0,0.0,1,1.0,0,-1.0,-1,0,0,0,0,0,630556.245,74721.211,144.25,0.0,0,0,0.0,0.0,0,0,0,0.0,0.0,0.0,0.0,None,0.0,0.05,0.0,0.0,0,0,0,0.0,0.0,0,0,0,0,0,0.0,0,0.0,0.0,0,0,0,0,0,0,0,0,74721.211,0.968,30,0.026,0,0,0,0,0,0.276522815,0,0,0,0,0,0,0,0,0.0,1,hybrid_pv,74721.211,5202.466376398535,18382.972232469896,0.0,0,14.425,38.947500000000005,90.8775,0.0,0,1,0,1,1,0,0,0,0,0,0,0,0,0,-1,-1,-1,-1,-1,-1,-1,-1,-1,0,0,0,0,0,0,0,0,0,0,0,0,,0,0,-1,-1,-1,-1,0.15,0.15,0.95,0.95,0.95,0.95,0.967,0.25,0.25
TRE,TRE_utilitypv_class1_moderate_9,UtilityPV_Class1_Moderate_,9,147,2,0,0,0,0,0,0,0,0,0,0,0.0,0,0,0.0,0.0,0,0,0.0,1,1.0,0,-1.0,-1,0,0,0,0,0,630556.245,29582.346,144.25,0.0,0,0,0.0,0.0,0,0,0,0.0,0.0,0.0,0.0,None,0.0,0.05,0.0,0.0,0,0,0,0.0,0.0,0,0,0,0,0,0.0,0,0.0,0.0,0,0,0,0,0,0,0,0,29582.346,0.968,30,0.026,0,0,0,0,0,0.252619147,0,0,0,0,0,0,0,0,0.0,1,hybrid_pv,29582.346,5202.466376398535,18382.972232469896,0.0,0,14.425,38.947500000000005,90.8775,0.0,0,1,0,1,1,0,0,0,0,0,0,0,0,0,-1,-1,-1,-1,-1,-1,-1,-1,-1,0,0,0,0,0,0,0,0,0,0,0,0,,0,0,-1,-1,-1,-1,0.15,0.15,0.95,0.95,0.95,0.95,0.967,0.25,0.25
WECC,WECC_battery_moderate_0,Battery_*_Moderate,0,190,3,0,0,0,0,0,0,0,0,0,0,0.0,0,0,0.0,0.0,0,0,0.0,1,1.0,0,-1.0,-1,0,0,0,0,0,238220.323,2560.0,144.25,141861.827,0,0,0.0,0.0,0,0,0,0.0,0.0,0.0,0.0,None,0.0,0.05,0.0,0.0,0,0,0,0.0,0.0,0,0,0,0,0,0.0,0,0.0,0.0,0,0,0,0,0,0,0,0,0.0,1.042,15,0.026,0,0,0,0,0,0.0,0,0,0,0,0,0,0,0,0.0,1,standalone_storage,2560.0,5420.969964207274,0.0,0.0,0,14.425,38.947500000000005,0.0,0.0,0,0,0,1,1,0,0,0,0,0,0,0,0,0,-1,-1,-1,-1,-1,-1,-1,-1,-1,0,0,0,0,0,0,0,0,0,0,0,0,0.0,0,0,-1,-1,-1,-1,0.15,0.15,0.95,0.95,0.95,0.95,0.967,0.25,0.25
WECC,WECC_landbasedwind_class1_moderate_0,LandbasedWind_Class1_Moderate_,0,194,3,0,0,0,0,0,0,0,0,0,0,0.0,0,0,0.0,0.0,0,0,0.0,1,1.0,0,-1.0,-1,0,0,0,0,0,879445.731,20294.121,144.25,0.0,0,0,0.0,0.0,0,0,0,0.0,0.0,0.0,0.0,None,0.0,0.05,0.0,0.0,0,0,0,0.0,0.0,0,0,0,0,0,0.0,0,0.0,0.0,0,0,0,0,0,0,0,0,20294.121,1.657,30,0.03,0,0,0,0,0,0.42223382,0,0,0,0,0,0,0,0,0.0,1,hybrid_wind,20294.121,5420.969964207274,0.0,0.0,0,14.425,38.947500000000005,0.0,129.825,0,0,1,1,1,0,0,0,0,0,0,0,0,0,-1,-1,-1,-1,-1,-1,-1,-1,-1,0,0,0,0,0,0,0,0,0,0,0,0,0.0,0,0,-1,-1,-1,-1,0.15,0.15,0.95,0.95,0.95,0.95,0.967,0.25,0.25
WECC,WECC_landbasedwind_class1_moderate_1,LandbasedWind_Class1_Moderate_,1,195,3,0,0,0,0,0,0,0,0,0,0,0.0,0,0,0.0,0.0,0,0,0.0,1,1.0,0,-1.0,-1,0,0,0,0,0,879445.731,19872.298,144.25,0.0,0,0,0.0,0.0,0,0,0,0.0,0.0,0.0,0.0,None,0.0,0.05,0.0,0.0,0,0,0,0.0,0.0,0,0,0,0,0,0.0,0,0.0,0.0,0,0,0,0,0,0,0,0,19872.298,1.657,30,0.03,0,0,0,0,0,0.511292398,0,0,0,0,0,0,0,0,0.0,1,hybrid_wind,19872.298,5420.969964207274,0.0,0.0,0,14.425,38.947500000000005,0.0,129.825,0,0,1,1,1,0,0,0,0,0,0,0,0,0,-1,-1,-1,-1,-1,-1,-1,-1,-1,0,0,0,0,0,0,0,0,0,0,0,0,0.0,0,0,-1,-1,-1,-1,0.15,0.15,0.95,0.95,0.95,0.95,0.967,0.25,0.25
WECC,WECC_landbasedwind_class1_moderate_2,LandbasedWind_Class1_Moderate_,2,196,3,0,0,0,0,0,0,0,0,0,0,0.0,0,0,0.0,0.0,0,0,0.0,1,1.0,0,-1.0,-1,0,0,0,0,0,879445.731,27184.562,144.25,0.0,0,0,0.0,0.0,0,0,0,0.0,0.0,0.0,0.0,None,0.0,0.05,0.0,0.0,0,0,0,0.0,0.0,0,0,0,0,0,0.0,0,0.0,0.0,0,0,0,0,0,0,0,0,27184.562,1.657,30,0.03,0,0,0,0,0,0.365831107,0,0,0,0,0,0,0,0,0.0,1,hybrid_wind,27184.562,5420.969964207274,0.0,0.0,0,14.425,38.947500000000005,0.0,129.825,0,0,1,1,1,0,0,0,0,0,0,0,0,0,-1,-1,-1,-1,-1,-1,-1,-1,-1,0,0,0,0,0,0,0,0,0,0,0,0,0.0,0,0,-1,-1,-1,-1,0.15,0.15,0.95,0.95,0.95,0.95,0.967,0.25,0.25
WECC,WECC_landbasedwind_class1_moderate_3,LandbasedWind_Class1_Moderate_,3,197,3,0,0,0,0,0,0,0,0,0,0,0.0,0,0,0.0,0.0,0,0,0.0,1,1.0,0,-1.0,-1,0,0,0,0,0,879445.731,19137.494,144.25,0.0,0,0,0.0,0.0,0,0,0,0.0,0.0,0.0,0.0,None,0.0,0.05,0.0,0.0,0,0,0,0.0,0.0,0,0,0,0,0,0.0,0,0.0,0.0,0,0,0,0,0,0,0,0,19137.494,1.657,30,0.03,0,0,0,0,0,0.310294747,0,0,0,0,0,0,0,0,0.0,1,hybrid_wind,19137.494,5420.969964207274,0.0,0.0,0,14.425,38.947500000000005,0.0,129.825,0,0,1,1,1,0,0,0,0,0,0,0,0,0,-1,-1,-1,-1,-1,-1,-1,-1,-1,0,0,0,0,0,0,0,0,0,0,0,0,0.0,0,0,-1,-1,-1,-1,0.15,0.15,0.95,0.95,0.95,0.95,0.967,0.25,0.25
WECC,WECC_landbasedwind_class1_moderate_4,LandbasedWind_Class1_Moderate_,4,198,3,0,0,0,0,0,0,0,0,0,0,0.0,0,0,0.0,0.0,0,0,0.0,1,1.0,0,-1.0,-1,0,0,0,0,0,879445.731,26038.936,144.25,0.0,0,0,0.0,0.0,0,0,0,0.0,0.0,0.0,0.0,None,0.0,0.05,0.0,0.0,0,0,0,0.0,0.0,0,0,0,0,0,0.0,0,0.0,0.0,0,0,0,0,0,0,0,0,26038.936,1.657,30,0.03,0,0,0,0,0,0.289241701,0,0,0,0,0,0,0,0,0.0,1,hybrid_wind,26038.936,5420.969964207274,0.0,0.0,0,14.425,38.947500000000005,0.0,129.825,0,0,1,1,1,0,0,0,0,0,0,0,0,0,-1,-1,-1,-1,-1,-1,-1,-1,-1,0,0,0,0,0,0,0,0,0,0,0,0,0.0,0,0,-1,-1,-1,-1,0.15,0.15,0.95,0.95,0.95,0.95,0.967,0.25,0.25
WECC,WECC_landbasedwind_class1_moderate_5,LandbasedWind_Class1_Moderate_,5,199,3,0,0,0,0,0,0,0,0,0,0,0.0,0,0,0.0,0.0,0,0,0.0,1,1.0,0,-1.0,-1,0,0,0,0,0,879445.731,133608.575,144.25,0.0,0,0,0.0,0.0,0,0,0,0.0,0.0,0.0,0.0,None,0.0,0.05,0.0,0.0,0,0,0,0.0,0.0,0,0,0,0,0,0.0,0,0.0,0.0,0,0,0,0,0,0,0,0,133608.575,1.657,30,0.03,0,0,0,0,0,0.465454966,0,0,0,0,0,0,0,0,0.0,1,hybrid_wind,133608.575,5420.969964207274,0.0,0.0,0,14.425,38.947500000000005,0.0,129.825,0,0,1,1,1,0,0,0,0,0,0,0,0,0,-1,-1,-1,-1,-1,-1,-1,-1,-1,0,0,0,0,0,0,0,0,0,0,0,0,0.0,0,0,-1,-1,-1,-1,0.15,0.15,0.95,0.95,0.95,0.95,0.967,0.25,0.25
WECC,WECC_landbasedwind_class1_moderate_6,LandbasedWind_Class1_Moderate_,6,200,3,0,0,0,0,0,0,0,0,0,0,0.0,0,0,0.0,0.0,0,0,0.0,1,1.0,0,-1.0,-1,0,0,0,0,0,879445.731,29899.759,144.25,0.0,0,0,0.0,0.0,0,0,0,0.0,0.0,0.0,0.0,None,0.0,0.05,0.0,0.0,0,0,0,0.0,0.0,0,0,0,0,0,0.0,0,0.0,0.0,0,0,0,0,0,0,0,0,29899.759,1.657,30,0.03,0,0,0,0,0,0.244902343,0,0,0,0,0,0,0,0,0.0,1,hybrid_wind,29899.759,5420.969964207274,0.0,0.0,0,14.425,38.947500000000005,0.0,129.825,0,0,1,1,1,0,0,0,0,0,0,0,0,0,-1,-1,-1,-1,-1,-1,-1,-1,-1,0,0,0,0,0,0,0,0,0,0,0,0,0.0,0,0,-1,-1,-1,-1,0.15,0.15,0.95,0.95,0.95,0.95,0.967,0.25,0.25
WECC,WECC_landbasedwind_class1_moderate_7,LandbasedWind_Class1_Moderate_,7,201,3,0,0,0,0,0,0,0,0,0,0,0.0,0,0,0.0,0.0,0,0,0.0,1,1.0,0,-1.0,-1,0,0,0,0,0,879445.731,160192.842,144.25,0.0,0,0,0.0,0.0,0,0,0,0.0,0.0,0.0,0.0,None,0.0,0.05,0.0,0.0,0,0,0,0.0,0.0,0,0,0,0,0,0.0,0,0.0,0.0,0,0,0,0,0,0,0,0,160192.842,1.657,30,0.03,0,0,0,0,0,0.443443388,0,0,0,0,0,0,0,0,0.0,1,hybrid_wind,160192.842,5420.969964207274,0.0,0.0,0,14.425,38.947500000000005,0.0,129.825,0,0,1,1,1,0,0,0,0,0,0,0,0,0,-1,-1,-1,-1,-1,-1,-1,-1,-1,0,0,0,0,0,0,0,0,0,0,0,0,0.0,0,0,-1,-1,-1,-1,0.15,0.15,0.95,0.95,0.95,0.95,0.967,0.25,0.25
WECC,WECC_landbasedwind_class1_moderate_8,LandbasedWind_Class1_Moderate_,8,202,3,0,0,0,0,0,0,0,0,0,0,0.0,0,0,0.0,0.0,0,0,0.0,1,1.0,0,-1.0,-1,0,0,0,0,0,879445.731,38235.186,144.25,0.0,0,0,0.0,0.0,0,0,0,0.0,0.0,0.0,0.0,None,0.0,0.05,0.0,0.0,0,0,0,0.0,0.0,0,0,0,0,0,0.0,0,0.0,0.0,0,0,0,0,0,0,0,0,38235.186,1.657,30,0.03,0,0,0,0,0,0.225780696,0,0,0,0,0,0,0,0,0.0,1,hybrid_wind,38235.186,5420.969964207274,0.0,0.0,0,14.425,38.947500000000005,0.0,129.825,0,0,1,1,1,0,0,0,0,0,0,0,0,0,-1,-1,-1,-1,-1,-1,-1,-1,-1,0,0,0,0,0,0,0,0,0,0,0,0,0.0,0,0,-1,-1,-1,-1,0.15,0.15,0.95,0.95,0.95,0.95,0.967,0.25,0.25
WECC,WECC_landbasedwind_class1_moderate_9,LandbasedWind_Class1_Moderate_,9,203,3,0,0,0,0,0,0,0,0,0,0,0.0,0,0,0.0,0.0,0,0,0.0,1,1.0,0,-1.0,-1,0,0,0,0,0,879445.731,274991.331,144.25,0.0,0,0,0.0,0.0,0,0,0,0.0,0.0,0.0,0.0,None,0.0,0.05,0.0,0.0,0,0,0,0.0,0.0,0,0,0,0,0,0.0,0,0.0,0.0,0,0,0,0,0,0,0,0,274991.331,1.657,30,0.03,0,0,0,0,0,0.472337902,0,0,0,0,0,0,0,0,0.0,1,hybrid_wind,274991.331,5420.969964207274,0.0,0.0,0,14.425,38.947500000000005,0.0,129.825,0,0,1,1,1,0,0,0,0,0,0,0,0,0,-1,-1,-1,-1,-1,-1,-1,-1,-1,0,0,0,0,0,0,0,0,0,0,0,0,0.0,0,0,-1,-1,-1,-1,0.15,0.15,0.95,0.95,0.95,0.95,0.967,0.25,0.25
WECC,WECC_utilitypv_class1_moderate_0,UtilityPV_Class1_Moderate_,0,204,3,0,0,0,0,0,0,0,0,0,0,0.0,0,0,0.0,0.0,0,0,0.0,1,1.0,0,-1.0,-1,0,0,0,0,0,630556.245,10320.26,144.25,0.0,0,0,0.0,0.0,0,0,0,0.0,0.0,0.0,0.0,None,0.0,0.05,0.0,0.0,0,0,0,0.0,0.0,0,0,0,0,0,0.0,0,0.0,0.0,0,0,0,0,0,0,0,0,10320.26,1.059,30,0.026,0,0,0,0,0,0.29553619,0,0,0,0,0,0,0,0,0.0,1,hybrid_pv,10320.26,5420.969964207274,20111.123547712417,0.0,0,14.425,38.947500000000005,90.8775,0.0,0,1,0,1,1,0,0,0,0,0,0,0,0,0,-1,-1,-1,-1,-1,-1,-1,-1,-1,0,0,0,0,0,0,0,0,0,0,0,0,,0,0,-1,-1,-1,-1,0.15,0.15,0.95,0.95,0.95,0.95,0.967,0.25,0.25
WECC,WECC_utilitypv_class1_moderate_1,UtilityPV_Class1_Moderate_,1,205,3,0,0,0,0,0,0,0,0,0,0,0.0,0,0,0.0,0.0,0,0,0.0,1,1.0,0,-1.0,-1,0,0,0,0,0,630556.245,6015.782,144.25,0.0,0,0,0.0,0.0,0,0,0,0.0,0.0,0.0,0.0,None,0.0,0.05,0.0,0.0,0,0,0,0.0,0.0,0,0,0,0,0,0.0,0,0.0,0.0,0,0,0,0,0,0,0,0,6015.782,1.059,30,0.026,0,0,0,0,0,0.271998376,0,0,0,0,0,0,0,0,0.0,1,hybrid_pv,6015.782,5420.969964207274,20111.123547712417,0.0,0,14.425,38.947500000000005,90.8775,0.0,0,1,0,1,1,0,0,0,0,0,0,0,0,0,-1,-1,-1,-1,-1,-1,-1,-1,-1,0,0,0,0,0,0,0,0,0,0,0,0,,0,0,-1,-1,-1,-1,0.15,0.15,0.95,0.95,0.95,0.95,0.967,0.25,0.25
WECC,WECC_utilitypv_class1_moderate_2,UtilityPV_Class1_Moderate_,2,206,3,0,0,0,0,0,0,0,0,0,0,0.0,0,0,0.0,0.0,0,0,0.0,1,1.0,0,-1.0,-1,0,0,0,0,0,630556.245,19411.252,144.25,0.0,0,0,0.0,0.0,0,0,0,0.0,0.0,0.0,0.0,None,0.0,0.05,0.0,0.0,0,0,0,0.0,0.0,0,0,0,0,0,0.0,0,0.0,0.0,0,0,0,0,0,0,0,0,19411.252,1.059,30,0.026,0,0,0,0,0,0.290274531,0,0,0,0,0,0,0,0,0.0,1,hybrid_pv,19411.252,5420.969964207274,20111.123547712417,0.0,0,14.425,38.947500000000005,90.8775,0.0,0,1,0,1,1,0,0,0,0,0,0,0,0,0,-1,-1,-1,-1,-1,-1,-1,-1,-1,0,0,0,0,0,0,0,0,0,0,0,0,,0,0,-1,-1,-1,-1,0.15,0.15,0.95,0.95,0.95,0.95,0.967,0.25,0.25
WECC,WECC_utilitypv_class1_moderate_3,UtilityPV_Class1_Moderate_,3,207,3,0,0,0,0,0,0,0,0,0,0,0.0,0,0,0.0,0.0,0,0,0.0,1,1.0,0,-1.0,-1,0,0,0,0,0,630556.245,3991.741,144.25,0.0,0,0,0.0,0.0,0,0,0,0.0,0.0,0.0,0.0,None,0.0,0.05,0.0,0.0,0,0,0,0.0,0.0,0,0,0,0,0,0.0,0,0.0,0.0,0,0,0,0,0,0,0,0,3991.741,1.059,30,0.026,0,0,0,0,0,0.23989968,0,0,0,0,0,0,0,0,0.0,1,hybrid_pv,3991.741,5420.969964207274,20111.123547712417,0.0,0,14.425,38.947500000000005,90.8775,0.0,0,1,0,1,1,0,0,0,0,0,0,0,0,0,-1,-1,-1,-1,-1,-1,-1,-1,-1,0,0,0,0,0,0,0,0,0,0,0,0,,0,0,-1,-1,-1,-1,0.15,0.15,0.95,0.95,0.95,0.95,0.967,0.25,0.25
WECC,WECC_utilitypv_class1_moderate_4,UtilityPV_Class1_Moderate_,4,208,3,0,0,0,0,0,0,0,0,0,0,0.0,0,0,0.0,0.0,0,0,0.0,1,1.0,0,-1.0,-1,0,0,0,0,0,630556.245,25713.501,144.25,0.0,0,0,0.0,0.0,0,0,0,0.0,0.0,0.0,0.0,None,0.0,0.05,0.0,0.0,0,0,0,0.0,0.0,0,0,0,0,0,0.0,0,0.0,0.0,0,0,0,0,0,0,0,0,25713.501,1.059,30,0.026,0,0,0,0,0,0.286481887,0,0,0,0,0,0,0,0,0.0,1,hybrid_pv,25713.501,5420.969964207274,20111.123547712417,0.0,0,14.425,38.947500000000005,90.8775,0.0,0,1,0,1,1,0,0,0,0,0,0,0,0,0,-1,-1,-1,-1,-1,-1,-1,-1,-1,0,0,0,0,0,0,0,0,0,0,0,0,,0,0,-1,-1,-1,-1,0.15,0.15,0.95,0.95,0.95,0.95,0.967,0.25,0.25
WECC,WECC_utilitypv_class1_moderate_5,UtilityPV_Class1_Moderate_,5,209,3,0,0,0,0,0,0,0,0,0,0,0.0,0,0,0.0,0.0,0,0,0.0,1,1.0,0,-1.0,-1,0,0,0,0,0,630556.245,8051.656,144.25,0.0,0,0,0.0,0.0,0,0,0,0.0,0.0,0.0,0.0,None,0.0,0.05,0.0,0.0,0,0,0,0.0,0.0,0,0,0,0,0,0.0,0,0.0,0.0,0,0,0,0,0,0,0,0,8051.656,1.059,30,0.026,0,0,0,0,0,0.229081407,0,0,0,0,0,0,0,0,0.0,1,hybrid_pv,8051.656,5420.969964207274,20111.123547712417,0.0,0,14.425,38.947500000000005,90.8775,0.0,0,1,0,1,1,0,0,0,0,0,0,0,0,0,-1,-1,-1,-1,-1,-1,-1,-1,-1,0,0,0,0,0,0,0,0,0,0,0,0,,0,0,-1,-1,-1,-1,0.15,0.15,0.95,0.95,0.95,0.95,0.967,0.25,0.25
WECC,WECC_utilitypv_class1_moderate_6,UtilityPV_Class1_Moderate_,6,210,3,0,0,0,0,0,0,0,0,0,0,0.0,0,0,0.0,0.0,0,0,0.0,1,1.0,0,-1.0,-1,0,0,0,0,0,630556.245,33456.861,144.25,0.0,0,0,0.0,0.0,0,0,0,0.0,0.0,0.0,0.0,None,0.0,0.05,0.0,0.0,0,0,0,0.0,0.0,0,0,0,0,0,0.0,0,0.0,0.0,0,0,0,0,0,0,0,0,33456.861,1.059,30,0.026,0,0,0,0,0,0.283349633,0,0,0,0,0,0,0,0,0.0,1,hybrid_pv,33456.861,5420.969964207274,20111.123547712417,0.0,0,14.425,38.947500000000005,90.8775,0.0,0,1,0,1,1,0,0,0,0,0,0,0,0,0,-1,-1,-1,-1,-1,-1,-1,-1,-1,0,0,0,0,0,0,0,0,0,0,0,0,,0,0,-1,-1,-1,-1,0.15,0.15,0.95,0.95,0.95,0.95,0.967,0.25,0.25
WECC,WECC_utilitypv_class1_moderate_7,UtilityPV_Class1_Moderate_,7,211,3,0,0,0,0,0,0,0,0,0,0,0.0,0,0,0.0,0.0,0,0,0.0,1,1.0,0,-1.0,-1,0,0,0,0,0,630556.245,16841.98,144.25,0.0,0,0,0.0,0.0,0,0,0,0.0,0.0,0.0,0.0,None,0.0,0.05,0.0,0.0,0,0,0,0.0,0.0,0,0,0,0,0,0.0,0,0.0,0.0,0,0,0,0,0,0,0,0,16841.98,1.059,30,0.026,0,0,0,0,0,0.233366475,0,0,0,0,0,0,0,0,0.0,1,hybrid_pv,16841.98,5420.969964207274,20111.123547712417,0.0,0,14.425,38.947500000000005,90.8775,0.0,0,1,0,1,1,0,0,0,0,0,0,0,0,0,-1,-1,-1,-1,-1,-1,-1,-1,-1,0,0,0,0,0,0,0,0,0,0,0,0,,0,0,-1,-1,-1,-1,0.15,0.15,0.95,0.95,0.95,0.95,0.967,0.25,0.25
WECC,WECC_utilitypv_class1_moderate_8,UtilityPV_Class1_Moderate_,8,212,3,0,0,0,0,0,0,0,0,0,0,0.0,0,0,0.0,0.0,0,0,0.0,1,1.0,0,-1.0,-1,0,0,0,0,0,630556.245,105939.452,144.25,0.0,0,0,0.0,0.0,0,0,0,0.0,0.0,0.0,0.0,None,0.0,0.05,0.0,0.0,0,0,0,0.0,0.0,0,0,0,0,0,0.0,0,0.0,0.0,0,0,0,0,0,0,0,0,105939.452,1.059,30,0.026,0,0,0,0,0,0.278691798,0,0,0,0,0,0,0,0,0.0,1,hybrid_pv,105939.452,5420.969964207274,20111.123547712417,0.0,0,14.425,38.947500000000005,90.8775,0.0,0,1,0,1,1,0,0,0,0,0,0,0,0,0,-1,-1,-1,-1,-1,-1,-1,-1,-1,0,0,0,0,0,0,0,0,0,0,0,0,,0,0,-1,-1,-1,-1,0.15,0.15,0.95,0.95,0.95,0.95,0.967,0.25,0.25
WECC,WECC_utilitypv_class1_moderate_9,UtilityPV_Class1_Moderate_,9,213,3,0,0,0,0,0,0,0,0,0,0,0.0,0,0,0.0,0.0,0,0,0.0,1,1.0,0,-1.0,-1,0,0,0,0,0,630556.245,28289.909,144.25,0.0,0,0,0.0,0.0,0,0,0,0.0,0.0,0.0,0.0,None,0.0,0.05,0.0,0.0,0,0,0,0.0,0.0,0,0,0,0,0,0.0,0,0.0,0.0,0,0,0,0,0,0,0,0,28289.909,1.059,30,0.026,0,0,0,0,0,0.222730413,0,0,0,0,0,0,0,0,0.0,1,hybrid_pv,28289.909,5420.969964207274,20111.123547712417,0.0,0,14.425,38.947500000000005,90.8775,0.0,0,1,0,1,1,0,0,0,0,0,0,0,0,0,-1,-1,-1,-1,-1,-1,-1,-1,-1,0,0,0,0,0,0,0,0,0,0,0,0,,0,0,-1,-1,-1,-1,0.15,0.15,0.95,0.95,0.95,0.95,0.967,0.25,0.25
