Time_Index,None,biomass,east_north_central_coal,east_north_central_naturalgas,east_north_central_uranium,east_north_central_distillate,west_south_central_coal,west_south_central_naturalgas,west_south_central_uranium,west_south_central_distillate,mountain_coal,mountain_naturalgas,mountain_uranium,mountain_distillate
0,0.0,0.0,0.09552,0.05306,0.0,0.07315,0.09552,0.05306,0.0,0.07315,0.09552,0.05306,0.0,0.07315
1,0.0,5.0,1.81,3.13,0.73,17.8,1.71,3.51,0.73,19.31,1.36,4.35,0.73,22.83
2,0.0,5.0,1.81,3.13,0.73,17.8,1.71,3.51,0.73,19.31,1.36,4.35,0.73,22.83
3,0.0,5.0,1.81,3.13,0.73,17.8,1.71,3.51,0.73,19.31,1.36,4.35,0.73,22.83
4,0.0,5.0,1.81,3.13,0.73,17.8,1.71,3.51,0.73,19.31,1.36,4.35,0.73,22.83
5,0.0,5.0,1.81,3.13,0.73,17.8,1.71,3.51,0.73,19.31,1.36,4.35,0.73,22.83
6,0.0,5.0,1.81,3.13,0.73,17.8,1.71,3.51,0.73,19.31,1.36,4.35,0.73,22.83
7,0.0,5.0,1.81,3.13,0.73,17.8,1.71,3.51,0.73,19.31,1.36,4.35,0.73,22.83
8,0.0,5.0,1.81,3.13,0.73,17.8,1.71,3.51,0.73,19.31,1.36,4.35,0.73,22.83
9,0.0,5.0,1.81,3.13,0.73,17.8,1.71,3.51,0.73,19.31,1.36,4.35,0.73,22.83
10,0.0,5.0,1.81,3.13,0.73,17.8,1.71,3.51,0.73,19.31,1.36,4.35,0.73,22.83
11,0.0,5.0,1.81,3.13,0.73,17.8,1.71,3.51,0.73,19.31,1.36,4.35,0.73,22.83
12,0.0,5.0,1.81,3.13,0.73,17.8,1.71,3.51,0.73,19.31,1.36,4.35,0.73,22.83
13,0.0,5.0,1.81,3.13,0.73,17.8,1.71,3.51,0.73,19.31,1.36,4.35,0.73,22.83
14,0.0,5.0,1.81,3.13,0.73,17.8,1.71,3.51,0.73,19.31,1.36,4.35,0.73,22.83
15,0.0,5.0,1.81,3.13,0.73,17.8,1.71,3.51,0.73,19.31,1.36,4.35,0.73,22.83
16,0.0,5.0,1.81,3.13,0.73,17.8,1.71,3.51,0.73,19.31,1.36,4.35,0.73,22.83
17,0.0,5.0,1.81,3.13,0.73,17.8,1.71,3.51,0.73,19.31,1.36,4.35,0.73,22.83
18,0.0,5.0,1.81,3.13,0.73,17.8,1.71,3.51,0.73,19.31,1.36,4.35,0.73,22.83
19,0.0,5.0,1.81,3.13,0.73,17.8,1.71,3.51,0.73,19.31,1.36,4.35,0.73,22.83
20,0.0,5.0,1.81,3.13,0.73,17.8,1.71,3.51,0.73,19.31,1.36,4.35,0.73,22.83
21,0.0,5.0,1.81,3.13,0.73,17.8,1.71,3.51,0.73,19.31,1.36,4.35,0.73,22.83
22,0.0,5.0,1.81,3.13,0.73,17.8,1.71,3.51,0.73,19.31,1.36,4.35,0.73,22.83
23,0.0,5.0,1.81,3.13,0.73,17.8,1.71,3.51,0.73,19.31,1.36,4.35,0.73,22.83
24,0.0,5.0,1.81,3.13,0.73,17.8,1.71,3.51,0.73,19.31,1.36,4.35,0.73,22.83
25,0.0,5.0,1.81,3.13,0.73,17.8,1.71,3.51,0.73,19.31,1.36,4.35,0.73,22.83
26,0.0,5.0,1.81,3.13,0.73,17.8,1.71,3.51,0.73,19.31,1.36,4.35,0.73,22.83
27,0.0,5.0,1.81,3.13,0.73,17.8,1.71,3.51,0.73,19.31,1.36,4.35,0.73,22.83
28,0.0,5.0,1.81,3.13,0.73,17.8,1.71,3.51,0.73,19.31,1.36,4.35,0.73,22.83
29,0.0,5.0,1.81,3.13,0.73,17.8,1.71,3.51,0.73,19.31,1.36,4.35,0.73,22.83
30,0.0,5.0,1.81,3.13,0.73,17.8,1.71,3.51,0.73,19.31,1.36,4.35,0.73,22.83
31,0.0,5.0,1.81,3.13,0.73,17.8,1.71,3.51,0.73,19.31,1.36,4.35,0.73,22.83
32,0.0,5.0,1.81,3.13,0.73,17.8,1.71,3.51,0.73,19.31,1.36,4.35,0.73,22.83
33,0.0,5.0,1.81,3.13,0.73,17.8,1.71,3.51,0.73,19.31,1.36,4.35,0.73,22.83
34,0.0,5.0,1.81,3.13,0.73,17.8,1.71,3.51,0.73,19.31,1.36,4.35,0.73,22.83
35,0.0,5.0,1.81,3.13,0.73,17.8,1.71,3.51,0.73,19.31,1.36,4.35,0.73,22.83
36,0.0,5.0,1.81,3.13,0.73,17.8,1.71,3.51,0.73,19.31,1.36,4.35,0.73,22.83
37,0.0,5.0,1.81,3.13,0.73,17.8,1.71,3.51,0.73,19.31,1.36,4.35,0.73,22.83
38,0.0,5.0,1.81,3.13,0.73,17.8,1.71,3.51,0.73,19.31,1.36,4.35,0.73,22.83
39,0.0,5.0,1.81,3.13,0.73,17.8,1.71,3.51,0.73,19.31,1.36,4.35,0.73,22.83
40,0.0,5.0,1.81,3.13,0.73,17.8,1.71,3.51,0.73,19.31,1.36,4.35,0.73,22.83
41,0.0,5.0,1.81,3.13,0.73,17.8,1.71,3.51,0.73,19.31,1.36,4.35,0.73,22.83
42,0.0,5.0,1.81,3.13,0.73,17.8,1.71,3.51,0.73,19.31,1.36,4.35,0.73,22.83
43,0.0,5.0,1.81,3.13,0.73,17.8,1.71,3.51,0.73,19.31,1.36,4.35,0.73,22.83
44,0.0,5.0,1.81,3.13,0.73,17.8,1.71,3.51,0.73,19.31,1.36,4.35,0.73,22.83
45,0.0,5.0,1.81,3.13,0.73,17.8,1.71,3.51,0.73,19.31,1.36,4.35,0.73,22.83
46,0.0,5.0,1.81,3.13,0.73,17.8,1.71,3.51,0.73,19.31,1.36,4.35,0.73,22.83
47,0.0,5.0,1.81,3.13,0.73,17.8,1.71,3.51,0.73,19.31,1.36,4.35,0.73,22.83
48,0.0,5.0,1.81,3.13,0.73,17.8,1.71,3.51,0.73,19.31,1.36,4.35,0.73,22.83
49,0.0,5.0,1.81,3.13,0.73,17.8,1.71,3.51,0.73,19.31,1.36,4.35,0.73,22.83
50,0.0,5.0,1.81,3.13,0.73,17.8,1.71,3.51,0.73,19.31,1.36,4.35,0.73,22.83
51,0.0,5.0,1.81,3.13,0.73,17.8,1.71,3.51,0.73,19.31,1.36,4.35,0.73,22.83
52,0.0,5.0,1.81,3.13,0.73,17.8,1.71,3.51,0.73,19.31,1.36,4.35,0.73,22.83
53,0.0,5.0,1.81,3.13,0.73,17.8,1.71,3.51,0.73,19.31,1.36,4.35,0.73,22.83
54,0.0,5.0,1.81,3.13,0.73,17.8,1.71,3.51,0.73,19.31,1.36,4.35,0.73,22.83
55,0.0,5.0,1.81,3.13,0.73,17.8,1.71,3.51,0.73,19.31,1.36,4.35,0.73,22.83
56,0.0,5.0,1.81,3.13,0.73,17.8,1.71,3.51,0.73,19.31,1.36,4.35,0.73,22.83
57,0.0,5.0,1.81,3.13,0.73,17.8,1.71,3.51,0.73,19.31,1.36,4.35,0.73,22.83
58,0.0,5.0,1.81,3.13,0.73,17.8,1.71,3.51,0.73,19.31,1.36,4.35,0.73,22.83
59,0.0,5.0,1.81,3.13,0.73,17.8,1.71,3.51,0.73,19.31,1.36,4.35,0.73,22.83
60,0.0,5.0,1.81,3.13,0.73,17.8,1.71,3.51,0.73,19.31,1.36,4.35,0.73,22.83
61,0.0,5.0,1.81,3.13,0.73,17.8,1.71,3.51,0.73,19.31,1.36,4.35,0.73,22.83
62,0.0,5.0,1.81,3.13,0.73,17.8,1.71,3.51,0.73,19.31,1.36,4.35,0.73,22.83
63,0.0,5.0,1.81,3.13,0.73,17.8,1.71,3.51,0.73,19.31,1.36,4.35,0.73,22.83
64,0.0,5.0,1.81,3.13,0.73,17.8,1.71,3.51,0.73,19.31,1.36,4.35,0.73,22.83
65,0.0,5.0,1.81,3.13,0.73,17.8,1.71,3.51,0.73,19.31,1.36,4.35,0.73,22.83
66,0.0,5.0,1.81,3.13,0.73,17.8,1.71,3.51,0.73,19.31,1.36,4.35,0.73,22.83
67,0.0,5.0,1.81,3.13,0.73,17.8,1.71,3.51,0.73,19.31,1.36,4.35,0.73,22.83
68,0.0,5.0,1.81,3.13,0.73,17.8,1.71,3.51,0.73,19.31,1.36,4.35,0.73,22.83
69,0.0,5.0,1.81,3.13,0.73,17.8,1.71,3.51,0.73,19.31,1.36,4.35,0.73,22.83
70,0.0,5.0,1.81,3.13,0.73,17.8,1.71,3.51,0.73,19.31,1.36,4.35,0.73,22.83
71,0.0,5.0,1.81,3.13,0.73,17.8,1.71,3.51,0.73,19.31,1.36,4.35,0.73,22.83
72,0.0,5.0,1.81,3.13,0.73,17.8,1.71,3.51,0.73,19.31,1.36,4.35,0.73,22.83
73,0.0,5.0,1.81,3.13,0.73,17.8,1.71,3.51,0.73,19.31,1.36,4.35,0.73,22.83
74,0.0,5.0,1.81,3.13,0.73,17.8,1.71,3.51,0.73,19.31,1.36,4.35,0.73,22.83
75,0.0,5.0,1.81,3.13,0.73,17.8,1.71,3.51,0.73,19.31,1.36,4.35,0.73,22.83
76,0.0,5.0,1.81,3.13,0.73,17.8,1.71,3.51,0.73,19.31,1.36,4.35,0.73,22.83
77,0.0,5.0,1.81,3.13,0.73,17.8,1.71,3.51,0.73,19.31,1.36,4.35,0.73,22.83
78,0.0,5.0,1.81,3.13,0.73,17.8,1.71,3.51,0.73,19.31,1.36,4.35,0.73,22.83
79,0.0,5.0,1.81,3.13,0.73,17.8,1.71,3.51,0.73,19.31,1.36,4.35,0.73,22.83
80,0.0,5.0,1.81,3.13,0.73,17.8,1.71,3.51,0.73,19.31,1.36,4.35,0.73,22.83
81,0.0,5.0,1.81,3.13,0.73,17.8,1.71,3.51,0.73,19.31,1.36,4.35,0.73,22.83
82,0.0,5.0,1.81,3.13,0.73,17.8,1.71,3.51,0.73,19.31,1.36,4.35,0.73,22.83
83,0.0,5.0,1.81,3.13,0.73,17.8,1.71,3.51,0.73,19.31,1.36,4.35,0.73,22.83
84,0.0,5.0,1.81,3.13,0.73,17.8,1.71,3.51,0.73,19.31,1.36,4.35,0.73,22.83
85,0.0,5.0,1.81,3.13,0.73,17.8,1.71,3.51,0.73,19.31,1.36,4.35,0.73,22.83
86,0.0,5.0,1.81,3.13,0.73,17.8,1.71,3.51,0.73,19.31,1.36,4.35,0.73,22.83
87,0.0,5.0,1.81,3.13,0.73,17.8,1.71,3.51,0.73,19.31,1.36,4.35,0.73,22.83
88,0.0,5.0,1.81,3.13,0.73,17.8,1.71,3.51,0.73,19.31,1.36,4.35,0.73,22.83
89,0.0,5.0,1.81,3.13,0.73,17.8,1.71,3.51,0.73,19.31,1.36,4.35,0.73,22.83
90,0.0,5.0,1.81,3.13,0.73,17.8,1.71,3.51,0.73,19.31,1.36,4.35,0.73,22.83
91,0.0,5.0,1.81,3.13,0.73,17.8,1.71,3.51,0.73,19.31,1.36,4.35,0.73,22.83
92,0.0,5.0,1.81,3.13,0.73,17.8,1.71,3.51,0.73,19.31,1.36,4.35,0.73,22.83
93,0.0,5.0,1.81,3.13,0.73,17.8,1.71,3.51,0.73,19.31,1.36,4.35,0.73,22.83
94,0.0,5.0,1.81,3.13,0.73,17.8,1.71,3.51,0.73,19.31,1.36,4.35,0.73,22.83
95,0.0,5.0,1.81,3.13,0.73,17.8,1.71,3.51,0.73,19.31,1.36,4.35,0.73,22.83
96,0.0,5.0,1.81,3.13,0.73,17.8,1.71,3.51,0.73,19.31,1.36,4.35,0.73,22.83
97,0.0,5.0,1.81,3.13,0.73,17.8,1.71,3.51,0.73,19.31,1.36,4.35,0.73,22.83
98,0.0,5.0,1.81,3.13,0.73,17.8,1.71,3.51,0.73,19.31,1.36,4.35,0.73,22.83
99,0.0,5.0,1.81,3.13,0.73,17.8,1.71,3.51,0.73,19.31,1.36,4.35,0.73,22.83
100,0.0,5.0,1.81,3.13,0.73,17.8,1.71,3.51,0.73,19.31,1.36,4.35,0.73,22.83
101,0.0,5.0,1.81,3.13,0.73,17.8,1.71,3.51,0.73,19.31,1.36,4.35,0.73,22.83
102,0.0,5.0,1.81,3.13,0.73,17.8,1.71,3.51,0.73,19.31,1.36,4.35,0.73,22.83
103,0.0,5.0,1.81,3.13,0.73,17.8,1.71,3.51,0.73,19.31,1.36,4.35,0.73,22.83
104,0.0,5.0,1.81,3.13,0.73,17.8,1.71,3.51,0.73,19.31,1.36,4.35,0.73,22.83
105,0.0,5.0,1.81,3.13,0.73,17.8,1.71,3.51,0.73,19.31,1.36,4.35,0.73,22.83
106,0.0,5.0,1.81,3.13,0.73,17.8,1.71,3.51,0.73,19.31,1.36,4.35,0.73,22.83
107,0.0,5.0,1.81,3.13,0.73,17.8,1.71,3.51,0.73,19.31,1.36,4.35,0.73,22.83
108,0.0,5.0,1.81,3.13,0.73,17.8,1.71,3.51,0.73,19.31,1.36,4.35,0.73,22.83
109,0.0,5.0,1.81,3.13,0.73,17.8,1.71,3.51,0.73,19.31,1.36,4.35,0.73,22.83
110,0.0,5.0,1.81,3.13,0.73,17.8,1.71,3.51,0.73,19.31,1.36,4.35,0.73,22.83
111,0.0,5.0,1.81,3.13,0.73,17.8,1.71,3.51,0.73,19.31,1.36,4.35,0.73,22.83
112,0.0,5.0,1.81,3.13,0.73,17.8,1.71,3.51,0.73,19.31,1.36,4.35,0.73,22.83
113,0.0,5.0,1.81,3.13,0.73,17.8,1.71,3.51,0.73,19.31,1.36,4.35,0.73,22.83
114,0.0,5.0,1.81,3.13,0.73,17.8,1.71,3.51,0.73,19.31,1.36,4.35,0.73,22.83
115,0.0,5.0,1.81,3.13,0.73,17.8,1.71,3.51,0.73,19.31,1.36,4.35,0.73,22.83
116,0.0,5.0,1.81,3.13,0.73,17.8,1.71,3.51,0.73,19.31,1.36,4.35,0.73,22.83
117,0.0,5.0,1.81,3.13,0.73,17.8,1.71,3.51,0.73,19.31,1.36,4.35,0.73,22.83
118,0.0,5.0,1.81,3.13,0.73,17.8,1.71,3.51,0.73,19.31,1.36,4.35,0.73,22.83
119,0.0,5.0,1.81,3.13,0.73,17.8,1.71,3.51,0.73,19.31,1.36,4.35,0.73,22.83
120,0.0,5.0,1.81,3.13,0.73,17.8,1.71,3.51,0.73,19.31,1.36,4.35,0.73,22.83
121,0.0,5.0,1.81,3.13,0.73,17.8,1.71,3.51,0.73,19.31,1.36,4.35,0.73,22.83
122,0.0,5.0,1.81,3.13,0.73,17.8,1.71,3.51,0.73,19.31,1.36,4.35,0.73,22.83
123,0.0,5.0,1.81,3.13,0.73,17.8,1.71,3.51,0.73,19.31,1.36,4.35,0.73,22.83
124,0.0,5.0,1.81,3.13,0.73,17.8,1.71,3.51,0.73,19.31,1.36,4.35,0.73,22.83
125,0.0,5.0,1.81,3.13,0.73,17.8,1.71,3.51,0.73,19.31,1.36,4.35,0.73,22.83
126,0.0,5.0,1.81,3.13,0.73,17.8,1.71,3.51,0.73,19.31,1.36,4.35,0.73,22.83
127,0.0,5.0,1.81,3.13,0.73,17.8,1.71,3.51,0.73,19.31,1.36,4.35,0.73,22.83
128,0.0,5.0,1.81,3.13,0.73,17.8,1.71,3.51,0.73,19.31,1.36,4.35,0.73,22.83
129,0.0,5.0,1.81,3.13,0.73,17.8,1.71,3.51,0.73,19.31,1.36,4.35,0.73,22.83
130,0.0,5.0,1.81,3.13,0.73,17.8,1.71,3.51,0.73,19.31,1.36,4.35,0.73,22.83
131,0.0,5.0,1.81,3.13,0.73,17.8,1.71,3.51,0.73,19.31,1.36,4.35,0.73,22.83
132,0.0,5.0,1.81,3.13,0.73,17.8,1.71,3.51,0.73,19.31,1.36,4.35,0.73,22.83
133,0.0,5.0,1.81,3.13,0.73,17.8,1.71,3.51,0.73,19.31,1.36,4.35,0.73,22.83
134,0.0,5.0,1.81,3.13,0.73,17.8,1.71,3.51,0.73,19.31,1.36,4.35,0.73,22.83
135,0.0,5.0,1.81,3.13,0.73,17.8,1.71,3.51,0.73,19.31,1.36,4.35,0.73,22.83
136,0.0,5.0,1.81,3.13,0.73,17.8,1.71,3.51,0.73,19.31,1.36,4.35,0.73,22.83
137,0.0,5.0,1.81,3.13,0.73,17.8,1.71,3.51,0.73,19.31,1.36,4.35,0.73,22.83
138,0.0,5.0,1.81,3.13,0.73,17.8,1.71,3.51,0.73,19.31,1.36,4.35,0.73,22.83
139,0.0,5.0,1.81,3.13,0.73,17.8,1.71,3.51,0.73,19.31,1.36,4.35,0.73,22.83
140,0.0,5.0,1.81,3.13,0.73,17.8,1.71,3.51,0.73,19.31,1.36,4.35,0.73,22.83
141,0.0,5.0,1.81,3.13,0.73,17.8,1.71,3.51,0.73,19.31,1.36,4.35,0.73,22.83
142,0.0,5.0,1.81,3.13,0.73,17.8,1.71,3.51,0.73,19.31,1.36,4.35,0.73,22.83
143,0.0,5.0,1.81,3.13,0.73,17.8,1.71,3.51,0.73,19.31,1.36,4.35,0.73,22.83
144,0.0,5.0,1.81,3.13,0.73,17.8,1.71,3.51,0.73,19.31,1.36,4.35,0.73,22.83
145,0.0,5.0,1.81,3.13,0.73,17.8,1.71,3.51,0.73,19.31,1.36,4.35,0.73,22.83
146,0.0,5.0,1.81,3.13,0.73,17.8,1.71,3.51,0.73,19.31,1.36,4.35,0.73,22.83
147,0.0,5.0,1.81,3.13,0.73,17.8,1.71,3.51,0.73,19.31,1.36,4.35,0.73,22.83
148,0.0,5.0,1.81,3.13,0.73,17.8,1.71,3.51,0.73,19.31,1.36,4.35,0.73,22.83
149,0.0,5.0,1.81,3.13,0.73,17.8,1.71,3.51,0.73,19.31,1.36,4.35,0.73,22.83
150,0.0,5.0,1.81,3.13,0.73,17.8,1.71,3.51,0.73,19.31,1.36,4.35,0.73,22.83
151,0.0,5.0,1.81,3.13,0.73,17.8,1.71,3.51,0.73,19.31,1.36,4.35,0.73,22.83
152,0.0,5.0,1.81,3.13,0.73,17.8,1.71,3.51,0.73,19.31,1.36,4.35,0.73,22.83
153,0.0,5.0,1.81,3.13,0.73,17.8,1.71,3.51,0.73,19.31,1.36,4.35,0.73,22.83
154,0.0,5.0,1.81,3.13,0.73,17.8,1.71,3.51,0.73,19.31,1.36,4.35,0.73,22.83
155,0.0,5.0,1.81,3.13,0.73,17.8,1.71,3.51,0.73,19.31,1.36,4.35,0.73,22.83
156,0.0,5.0,1.81,3.13,0.73,17.8,1.71,3.51,0.73,19.31,1.36,4.35,0.73,22.83
157,0.0,5.0,1.81,3.13,0.73,17.8,1.71,3.51,0.73,19.31,1.36,4.35,0.73,22.83
158,0.0,5.0,1.81,3.13,0.73,17.8,1.71,3.51,0.73,19.31,1.36,4.35,0.73,22.83
159,0.0,5.0,1.81,3.13,0.73,17.8,1.71,3.51,0.73,19.31,1.36,4.35,0.73,22.83
160,0.0,5.0,1.81,3.13,0.73,17.8,1.71,3.51,0.73,19.31,1.36,4.35,0.73,22.83
161,0.0,5.0,1.81,3.13,0.73,17.8,1.71,3.51,0.73,19.31,1.36,4.35,0.73,22.83
162,0.0,5.0,1.81,3.13,0.73,17.8,1.71,3.51,0.73,19.31,1.36,4.35,0.73,22.83
163,0.0,5.0,1.81,3.13,0.73,17.8,1.71,3.51,0.73,19.31,1.36,4.35,0.73,22.83
164,0.0,5.0,1.81,3.13,0.73,17.8,1.71,3.51,0.73,19.31,1.36,4.35,0.73,22.83
165,0.0,5.0,1.81,3.13,0.73,17.8,1.71,3.51,0.73,19.31,1.36,4.35,0.73,22.83
166,0.0,5.0,1.81,3.13,0.73,17.8,1.71,3.51,0.73,19.31,1.36,4.35,0.73,22.83
167,0.0,5.0,1.81,3.13,0.73,17.8,1.71,3.51,0.73,19.31,1.36,4.35,0.73,22.83
168,0.0,5.0,1.81,3.13,0.73,17.8,1.71,3.51,0.73,19.31,1.36,4.35,0.73,22.83
169,0.0,5.0,1.81,3.13,0.73,17.8,1.71,3.51,0.73,19.31,1.36,4.35,0.73,22.83
170,0.0,5.0,1.81,3.13,0.73,17.8,1.71,3.51,0.73,19.31,1.36,4.35,0.73,22.83
171,0.0,5.0,1.81,3.13,0.73,17.8,1.71,3.51,0.73,19.31,1.36,4.35,0.73,22.83
172,0.0,5.0,1.81,3.13,0.73,17.8,1.71,3.51,0.73,19.31,1.36,4.35,0.73,22.83
173,0.0,5.0,1.81,3.13,0.73,17.8,1.71,3.51,0.73,19.31,1.36,4.35,0.73,22.83
174,0.0,5.0,1.81,3.13,0.73,17.8,1.71,3.51,0.73,19.31,1.36,4.35,0.73,22.83
175,0.0,5.0,1.81,3.13,0.73,17.8,1.71,3.51,0.73,19.31,1.36,4.35,0.73,22.83
176,0.0,5.0,1.81,3.13,0.73,17.8,1.71,3.51,0.73,19.31,1.36,4.35,0.73,22.83
177,0.0,5.0,1.81,3.13,0.73,17.8,1.71,3.51,0.73,19.31,1.36,4.35,0.73,22.83
178,0.0,5.0,1.81,3.13,0.73,17.8,1.71,3.51,0.73,19.31,1.36,4.35,0.73,22.83
179,0.0,5.0,1.81,3.13,0.73,17.8,1.71,3.51,0.73,19.31,1.36,4.35,0.73,22.83
180,0.0,5.0,1.81,3.13,0.73,17.8,1.71,3.51,0.73,19.31,1.36,4.35,0.73,22.83
181,0.0,5.0,1.81,3.13,0.73,17.8,1.71,3.51,0.73,19.31,1.36,4.35,0.73,22.83
182,0.0,5.0,1.81,3.13,0.73,17.8,1.71,3.51,0.73,19.31,1.36,4.35,0.73,22.83
183,0.0,5.0,1.81,3.13,0.73,17.8,1.71,3.51,0.73,19.31,1.36,4.35,0.73,22.83
184,0.0,5.0,1.81,3.13,0.73,17.8,1.71,3.51,0.73,19.31,1.36,4.35,0.73,22.83
185,0.0,5.0,1.81,3.13,0.73,17.8,1.71,3.51,0.73,19.31,1.36,4.35,0.73,22.83
186,0.0,5.0,1.81,3.13,0.73,17.8,1.71,3.51,0.73,19.31,1.36,4.35,0.73,22.83
187,0.0,5.0,1.81,3.13,0.73,17.8,1.71,3.51,0.73,19.31,1.36,4.35,0.73,22.83
188,0.0,5.0,1.81,3.13,0.73,17.8,1.71,3.51,0.73,19.31,1.36,4.35,0.73,22.83
189,0.0,5.0,1.81,3.13,0.73,17.8,1.71,3.51,0.73,19.31,1.36,4.35,0.73,22.83
190,0.0,5.0,1.81,3.13,0.73,17.8,1.71,3.51,0.73,19.31,1.36,4.35,0.73,22.83
191,0.0,5.0,1.81,3.13,0.73,17.8,1.71,3.51,0.73,19.31,1.36,4.35,0.73,22.83
192,0.0,5.0,1.81,3.13,0.73,17.8,1.71,3.51,0.73,19.31,1.36,4.35,0.73,22.83
193,0.0,5.0,1.81,3.13,0.73,17.8,1.71,3.51,0.73,19.31,1.36,4.35,0.73,22.83
194,0.0,5.0,1.81,3.13,0.73,17.8,1.71,3.51,0.73,19.31,1.36,4.35,0.73,22.83
195,0.0,5.0,1.81,3.13,0.73,17.8,1.71,3.51,0.73,19.31,1.36,4.35,0.73,22.83
196,0.0,5.0,1.81,3.13,0.73,17.8,1.71,3.51,0.73,19.31,1.36,4.35,0.73,22.83
197,0.0,5.0,1.81,3.13,0.73,17.8,1.71,3.51,0.73,19.31,1.36,4.35,0.73,22.83
198,0.0,5.0,1.81,3.13,0.73,17.8,1.71,3.51,0.73,19.31,1.36,4.35,0.73,22.83
199,0.0,5.0,1.81,3.13,0.73,17.8,1.71,3.51,0.73,19.31,1.36,4.35,0.73,22.83
200,0.0,5.0,1.81,3.13,0.73,17.8,1.71,3.51,0.73,19.31,1.36,4.35,0.73,22.83
201,0.0,5.0,1.81,3.13,0.73,17.8,1.71,3.51,0.73,19.31,1.36,4.35,0.73,22.83
202,0.0,5.0,1.81,3.13,0.73,17.8,1.71,3.51,0.73,19.31,1.36,4.35,0.73,22.83
203,0.0,5.0,1.81,3.13,0.73,17.8,1.71,3.51,0.73,19.31,1.36,4.35,0.73,22.83
204,0.0,5.0,1.81,3.13,0.73,17.8,1.71,3.51,0.73,19.31,1.36,4.35,0.73,22.83
205,0.0,5.0,1.81,3.13,0.73,17.8,1.71,3.51,0.73,19.31,1.36,4.35,0.73,22.83
206,0.0,5.0,1.81,3.13,0.73,17.8,1.71,3.51,0.73,19.31,1.36,4.35,0.73,22.83
207,0.0,5.0,1.81,3.13,0.73,17.8,1.71,3.51,0.73,19.31,1.36,4.35,0.73,22.83
208,0.0,5.0,1.81,3.13,0.73,17.8,1.71,3.51,0.73,19.31,1.36,4.35,0.73,22.83
209,0.0,5.0,1.81,3.13,0.73,17.8,1.71,3.51,0.73,19.31,1.36,4.35,0.73,22.83
210,0.0,5.0,1.81,3.13,0.73,17.8,1.71,3.51,0.73,19.31,1.36,4.35,0.73,22.83
211,0.0,5.0,1.81,3.13,0.73,17.8,1.71,3.51,0.73,19.31,1.36,4.35,0.73,22.83
212,0.0,5.0,1.81,3.13,0.73,17.8,1.71,3.51,0.73,19.31,1.36,4.35,0.73,22.83
213,0.0,5.0,1.81,3.13,0.73,17.8,1.71,3.51,0.73,19.31,1.36,4.35,0.73,22.83
214,0.0,5.0,1.81,3.13,0.73,17.8,1.71,3.51,0.73,19.31,1.36,4.35,0.73,22.83
215,0.0,5.0,1.81,3.13,0.73,17.8,1.71,3.51,0.73,19.31,1.36,4.35,0.73,22.83
216,0.0,5.0,1.81,3.13,0.73,17.8,1.71,3.51,0.73,19.31,1.36,4.35,0.73,22.83
217,0.0,5.0,1.81,3.13,0.73,17.8,1.71,3.51,0.73,19.31,1.36,4.35,0.73,22.83
218,0.0,5.0,1.81,3.13,0.73,17.8,1.71,3.51,0.73,19.31,1.36,4.35,0.73,22.83
219,0.0,5.0,1.81,3.13,0.73,17.8,1.71,3.51,0.73,19.31,1.36,4.35,0.73,22.83
220,0.0,5.0,1.81,3.13,0.73,17.8,1.71,3.51,0.73,19.31,1.36,4.35,0.73,22.83
221,0.0,5.0,1.81,3.13,0.73,17.8,1.71,3.51,0.73,19.31,1.36,4.35,0.73,22.83
222,0.0,5.0,1.81,3.13,0.73,17.8,1.71,3.51,0.73,19.31,1.36,4.35,0.73,22.83
223,0.0,5.0,1.81,3.13,0.73,17.8,1.71,3.51,0.73,19.31,1.36,4.35,0.73,22.83
224,0.0,5.0,1.81,3.13,0.73,17.8,1.71,3.51,0.73,19.31,1.36,4.35,0.73,22.83
225,0.0,5.0,1.81,3.13,0.73,17.8,1.71,3.51,0.73,19.31,1.36,4.35,0.73,22.83
226,0.0,5.0,1.81,3.13,0.73,17.8,1.71,3.51,0.73,19.31,1.36,4.35,0.73,22.83
227,0.0,5.0,1.81,3.13,0.73,17.8,1.71,3.51,0.73,19.31,1.36,4.35,0.73,22.83
228,0.0,5.0,1.81,3.13,0.73,17.8,1.71,3.51,0.73,19.31,1.36,4.35,0.73,22.83
229,0.0,5.0,1.81,3.13,0.73,17.8,1.71,3.51,0.73,19.31,1.36,4.35,0.73,22.83
230,0.0,5.0,1.81,3.13,0.73,17.8,1.71,3.51,0.73,19.31,1.36,4.35,0.73,22.83
231,0.0,5.0,1.81,3.13,0.73,17.8,1.71,3.51,0.73,19.31,1.36,4.35,0.73,22.83
232,0.0,5.0,1.81,3.13,0.73,17.8,1.71,3.51,0.73,19.31,1.36,4.35,0.73,22.83
233,0.0,5.0,1.81,3.13,0.73,17.8,1.71,3.51,0.73,19.31,1.36,4.35,0.73,22.83
234,0.0,5.0,1.81,3.13,0.73,17.8,1.71,3.51,0.73,19.31,1.36,4.35,0.73,22.83
235,0.0,5.0,1.81,3.13,0.73,17.8,1.71,3.51,0.73,19.31,1.36,4.35,0.73,22.83
236,0.0,5.0,1.81,3.13,0.73,17.8,1.71,3.51,0.73,19.31,1.36,4.35,0.73,22.83
237,0.0,5.0,1.81,3.13,0.73,17.8,1.71,3.51,0.73,19.31,1.36,4.35,0.73,22.83
238,0.0,5.0,1.81,3.13,0.73,17.8,1.71,3.51,0.73,19.31,1.36,4.35,0.73,22.83
239,0.0,5.0,1.81,3.13,0.73,17.8,1.71,3.51,0.73,19.31,1.36,4.35,0.73,22.83
240,0.0,5.0,1.81,3.13,0.73,17.8,1.71,3.51,0.73,19.31,1.36,4.35,0.73,22.83
241,0.0,5.0,1.81,3.13,0.73,17.8,1.71,3.51,0.73,19.31,1.36,4.35,0.73,22.83
242,0.0,5.0,1.81,3.13,0.73,17.8,1.71,3.51,0.73,19.31,1.36,4.35,0.73,22.83
243,0.0,5.0,1.81,3.13,0.73,17.8,1.71,3.51,0.73,19.31,1.36,4.35,0.73,22.83
244,0.0,5.0,1.81,3.13,0.73,17.8,1.71,3.51,0.73,19.31,1.36,4.35,0.73,22.83
245,0.0,5.0,1.81,3.13,0.73,17.8,1.71,3.51,0.73,19.31,1.36,4.35,0.73,22.83
246,0.0,5.0,1.81,3.13,0.73,17.8,1.71,3.51,0.73,19.31,1.36,4.35,0.73,22.83
247,0.0,5.0,1.81,3.13,0.73,17.8,1.71,3.51,0.73,19.31,1.36,4.35,0.73,22.83
248,0.0,5.0,1.81,3.13,0.73,17.8,1.71,3.51,0.73,19.31,1.36,4.35,0.73,22.83
249,0.0,5.0,1.81,3.13,0.73,17.8,1.71,3.51,0.73,19.31,1.36,4.35,0.73,22.83
250,0.0,5.0,1.81,3.13,0.73,17.8,1.71,3.51,0.73,19.31,1.36,4.35,0.73,22.83
251,0.0,5.0,1.81,3.13,0.73,17.8,1.71,3.51,0.73,19.31,1.36,4.35,0.73,22.83
252,0.0,5.0,1.81,3.13,0.73,17.8,1.71,3.51,0.73,19.31,1.36,4.35,0.73,22.83
253,0.0,5.0,1.81,3.13,0.73,17.8,1.71,3.51,0.73,19.31,1.36,4.35,0.73,22.83
254,0.0,5.0,1.81,3.13,0.73,17.8,1.71,3.51,0.73,19.31,1.36,4.35,0.73,22.83
255,0.0,5.0,1.81,3.13,0.73,17.8,1.71,3.51,0.73,19.31,1.36,4.35,0.73,22.83
256,0.0,5.0,1.81,3.13,0.73,17.8,1.71,3.51,0.73,19.31,1.36,4.35,0.73,22.83
257,0.0,5.0,1.81,3.13,0.73,17.8,1.71,3.51,0.73,19.31,1.36,4.35,0.73,22.83
258,0.0,5.0,1.81,3.13,0.73,17.8,1.71,3.51,0.73,19.31,1.36,4.35,0.73,22.83
259,0.0,5.0,1.81,3.13,0.73,17.8,1.71,3.51,0.73,19.31,1.36,4.35,0.73,22.83
260,0.0,5.0,1.81,3.13,0.73,17.8,1.71,3.51,0.73,19.31,1.36,4.35,0.73,22.83
261,0.0,5.0,1.81,3.13,0.73,17.8,1.71,3.51,0.73,19.31,1.36,4.35,0.73,22.83
262,0.0,5.0,1.81,3.13,0.73,17.8,1.71,3.51,0.73,19.31,1.36,4.35,0.73,22.83
263,0.0,5.0,1.81,3.13,0.73,17.8,1.71,3.51,0.73,19.31,1.36,4.35,0.73,22.83
264,0.0,5.0,1.81,3.13,0.73,17.8,1.71,3.51,0.73,19.31,1.36,4.35,0.73,22.83
265,0.0,5.0,1.81,3.13,0.73,17.8,1.71,3.51,0.73,19.31,1.36,4.35,0.73,22.83
266,0.0,5.0,1.81,3.13,0.73,17.8,1.71,3.51,0.73,19.31,1.36,4.35,0.73,22.83
267,0.0,5.0,1.81,3.13,0.73,17.8,1.71,3.51,0.73,19.31,1.36,4.35,0.73,22.83
268,0.0,5.0,1.81,3.13,0.73,17.8,1.71,3.51,0.73,19.31,1.36,4.35,0.73,22.83
269,0.0,5.0,1.81,3.13,0.73,17.8,1.71,3.51,0.73,19.31,1.36,4.35,0.73,22.83
270,0.0,5.0,1.81,3.13,0.73,17.8,1.71,3.51,0.73,19.31,1.36,4.35,0.73,22.83
271,0.0,5.0,1.81,3.13,0.73,17.8,1.71,3.51,0.73,19.31,1.36,4.35,0.73,22.83
272,0.0,5.0,1.81,3.13,0.73,17.8,1.71,3.51,0.73,19.31,1.36,4.35,0.73,22.83
273,0.0,5.0,1.81,3.13,0.73,17.8,1.71,3.51,0.73,19.31,1.36,4.35,0.73,22.83
274,0.0,5.0,1.81,3.13,0.73,17.8,1.71,3.51,0.73,19.31,1.36,4.35,0.73,22.83
275,0.0,5.0,1.81,3.13,0.73,17.8,1.71,3.51,0.73,19.31,1.36,4.35,0.73,22.83
276,0.0,5.0,1.81,3.13,0.73,17.8,1.71,3.51,0.73,19.31,1.36,4.35,0.73,22.83
277,0.0,5.0,1.81,3.13,0.73,17.8,1.71,3.51,0.73,19.31,1.36,4.35,0.73,22.83
278,0.0,5.0,1.81,3.13,0.73,17.8,1.71,3.51,0.73,19.31,1.36,4.35,0.73,22.83
279,0.0,5.0,1.81,3.13,0.73,17.8,1.71,3.51,0.73,19.31,1.36,4.35,0.73,22.83
280,0.0,5.0,1.81,3.13,0.73,17.8,1.71,3.51,0.73,19.31,1.36,4.35,0.73,22.83
281,0.0,5.0,1.81,3.13,0.73,17.8,1.71,3.51,0.73,19.31,1.36,4.35,0.73,22.83
282,0.0,5.0,1.81,3.13,0.73,17.8,1.71,3.51,0.73,19.31,1.36,4.35,0.73,22.83
283,0.0,5.0,1.81,3.13,0.73,17.8,1.71,3.51,0.73,19.31,1.36,4.35,0.73,22.83
284,0.0,5.0,1.81,3.13,0.73,17.8,1.71,3.51,0.73,19.31,1.36,4.35,0.73,22.83
285,0.0,5.0,1.81,3.13,0.73,17.8,1.71,3.51,0.73,19.31,1.36,4.35,0.73,22.83
286,0.0,5.0,1.81,3.13,0.73,17.8,1.71,3.51,0.73,19.31,1.36,4.35,0.73,22.83
287,0.0,5.0,1.81,3.13,0.73,17.8,1.71,3.51,0.73,19.31,1.36,4.35,0.73,22.83
288,0.0,5.0,1.81,3.13,0.73,17.8,1.71,3.51,0.73,19.31,1.36,4.35,0.73,22.83
289,0.0,5.0,1.81,3.13,0.73,17.8,1.71,3.51,0.73,19.31,1.36,4.35,0.73,22.83
290,0.0,5.0,1.81,3.13,0.73,17.8,1.71,3.51,0.73,19.31,1.36,4.35,0.73,22.83
291,0.0,5.0,1.81,3.13,0.73,17.8,1.71,3.51,0.73,19.31,1.36,4.35,0.73,22.83
292,0.0,5.0,1.81,3.13,0.73,17.8,1.71,3.51,0.73,19.31,1.36,4.35,0.73,22.83
293,0.0,5.0,1.81,3.13,0.73,17.8,1.71,3.51,0.73,19.31,1.36,4.35,0.73,22.83
294,0.0,5.0,1.81,3.13,0.73,17.8,1.71,3.51,0.73,19.31,1.36,4.35,0.73,22.83
295,0.0,5.0,1.81,3.13,0.73,17.8,1.71,3.51,0.73,19.31,1.36,4.35,0.73,22.83
296,0.0,5.0,1.81,3.13,0.73,17.8,1.71,3.51,0.73,19.31,1.36,4.35,0.73,22.83
297,0.0,5.0,1.81,3.13,0.73,17.8,1.71,3.51,0.73,19.31,1.36,4.35,0.73,22.83
298,0.0,5.0,1.81,3.13,0.73,17.8,1.71,3.51,0.73,19.31,1.36,4.35,0.73,22.83
299,0.0,5.0,1.81,3.13,0.73,17.8,1.71,3.51,0.73,19.31,1.36,4.35,0.73,22.83
300,0.0,5.0,1.81,3.13,0.73,17.8,1.71,3.51,0.73,19.31,1.36,4.35,0.73,22.83
301,0.0,5.0,1.81,3.13,0.73,17.8,1.71,3.51,0.73,19.31,1.36,4.35,0.73,22.83
302,0.0,5.0,1.81,3.13,0.73,17.8,1.71,3.51,0.73,19.31,1.36,4.35,0.73,22.83
303,0.0,5.0,1.81,3.13,0.73,17.8,1.71,3.51,0.73,19.31,1.36,4.35,0.73,22.83
304,0.0,5.0,1.81,3.13,0.73,17.8,1.71,3.51,0.73,19.31,1.36,4.35,0.73,22.83
305,0.0,5.0,1.81,3.13,0.73,17.8,1.71,3.51,0.73,19.31,1.36,4.35,0.73,22.83
306,0.0,5.0,1.81,3.13,0.73,17.8,1.71,3.51,0.73,19.31,1.36,4.35,0.73,22.83
307,0.0,5.0,1.81,3.13,0.73,17.8,1.71,3.51,0.73,19.31,1.36,4.35,0.73,22.83
308,0.0,5.0,1.81,3.13,0.73,17.8,1.71,3.51,0.73,19.31,1.36,4.35,0.73,22.83
309,0.0,5.0,1.81,3.13,0.73,17.8,1.71,3.51,0.73,19.31,1.36,4.35,0.73,22.83
310,0.0,5.0,1.81,3.13,0.73,17.8,1.71,3.51,0.73,19.31,1.36,4.35,0.73,22.83
311,0.0,5.0,1.81,3.13,0.73,17.8,1.71,3.51,0.73,19.31,1.36,4.35,0.73,22.83
312,0.0,5.0,1.81,3.13,0.73,17.8,1.71,3.51,0.73,19.31,1.36,4.35,0.73,22.83
313,0.0,5.0,1.81,3.13,0.73,17.8,1.71,3.51,0.73,19.31,1.36,4.35,0.73,22.83
314,0.0,5.0,1.81,3.13,0.73,17.8,1.71,3.51,0.73,19.31,1.36,4.35,0.73,22.83
315,0.0,5.0,1.81,3.13,0.73,17.8,1.71,3.51,0.73,19.31,1.36,4.35,0.73,22.83
316,0.0,5.0,1.81,3.13,0.73,17.8,1.71,3.51,0.73,19.31,1.36,4.35,0.73,22.83
317,0.0,5.0,1.81,3.13,0.73,17.8,1.71,3.51,0.73,19.31,1.36,4.35,0.73,22.83
318,0.0,5.0,1.81,3.13,0.73,17.8,1.71,3.51,0.73,19.31,1.36,4.35,0.73,22.83
319,0.0,5.0,1.81,3.13,0.73,17.8,1.71,3.51,0.73,19.31,1.36,4.35,0.73,22.83
320,0.0,5.0,1.81,3.13,0.73,17.8,1.71,3.51,0.73,19.31,1.36,4.35,0.73,22.83
321,0.0,5.0,1.81,3.13,0.73,17.8,1.71,3.51,0.73,19.31,1.36,4.35,0.73,22.83
322,0.0,5.0,1.81,3.13,0.73,17.8,1.71,3.51,0.73,19.31,1.36,4.35,0.73,22.83
323,0.0,5.0,1.81,3.13,0.73,17.8,1.71,3.51,0.73,19.31,1.36,4.35,0.73,22.83
324,0.0,5.0,1.81,3.13,0.73,17.8,1.71,3.51,0.73,19.31,1.36,4.35,0.73,22.83
325,0.0,5.0,1.81,3.13,0.73,17.8,1.71,3.51,0.73,19.31,1.36,4.35,0.73,22.83
326,0.0,5.0,1.81,3.13,0.73,17.8,1.71,3.51,0.73,19.31,1.36,4.35,0.73,22.83
327,0.0,5.0,1.81,3.13,0.73,17.8,1.71,3.51,0.73,19.31,1.36,4.35,0.73,22.83
328,0.0,5.0,1.81,3.13,0.73,17.8,1.71,3.51,0.73,19.31,1.36,4.35,0.73,22.83
329,0.0,5.0,1.81,3.13,0.73,17.8,1.71,3.51,0.73,19.31,1.36,4.35,0.73,22.83
330,0.0,5.0,1.81,3.13,0.73,17.8,1.71,3.51,0.73,19.31,1.36,4.35,0.73,22.83
331,0.0,5.0,1.81,3.13,0.73,17.8,1.71,3.51,0.73,19.31,1.36,4.35,0.73,22.83
332,0.0,5.0,1.81,3.13,0.73,17.8,1.71,3.51,0.73,19.31,1.36,4.35,0.73,22.83
333,0.0,5.0,1.81,3.13,0.73,17.8,1.71,3.51,0.73,19.31,1.36,4.35,0.73,22.83
334,0.0,5.0,1.81,3.13,0.73,17.8,1.71,3.51,0.73,19.31,1.36,4.35,0.73,22.83
335,0.0,5.0,1.81,3.13,0.73,17.8,1.71,3.51,0.73,19.31,1.36,4.35,0.73,22.83
336,0.0,5.0,1.81,3.13,0.73,17.8,1.71,3.51,0.73,19.31,1.36,4.35,0.73,22.83
337,0.0,5.0,1.81,3.13,0.73,17.8,1.71,3.51,0.73,19.31,1.36,4.35,0.73,22.83
338,0.0,5.0,1.81,3.13,0.73,17.8,1.71,3.51,0.73,19.31,1.36,4.35,0.73,22.83
339,0.0,5.0,1.81,3.13,0.73,17.8,1.71,3.51,0.73,19.31,1.36,4.35,0.73,22.83
340,0.0,5.0,1.81,3.13,0.73,17.8,1.71,3.51,0.73,19.31,1.36,4.35,0.73,22.83
341,0.0,5.0,1.81,3.13,0.73,17.8,1.71,3.51,0.73,19.31,1.36,4.35,0.73,22.83
342,0.0,5.0,1.81,3.13,0.73,17.8,1.71,3.51,0.73,19.31,1.36,4.35,0.73,22.83
343,0.0,5.0,1.81,3.13,0.73,17.8,1.71,3.51,0.73,19.31,1.36,4.35,0.73,22.83
344,0.0,5.0,1.81,3.13,0.73,17.8,1.71,3.51,0.73,19.31,1.36,4.35,0.73,22.83
345,0.0,5.0,1.81,3.13,0.73,17.8,1.71,3.51,0.73,19.31,1.36,4.35,0.73,22.83
346,0.0,5.0,1.81,3.13,0.73,17.8,1.71,3.51,0.73,19.31,1.36,4.35,0.73,22.83
347,0.0,5.0,1.81,3.13,0.73,17.8,1.71,3.51,0.73,19.31,1.36,4.35,0.73,22.83
348,0.0,5.0,1.81,3.13,0.73,17.8,1.71,3.51,0.73,19.31,1.36,4.35,0.73,22.83
349,0.0,5.0,1.81,3.13,0.73,17.8,1.71,3.51,0.73,19.31,1.36,4.35,0.73,22.83
350,0.0,5.0,1.81,3.13,0.73,17.8,1.71,3.51,0.73,19.31,1.36,4.35,0.73,22.83
351,0.0,5.0,1.81,3.13,0.73,17.8,1.71,3.51,0.73,19.31,1.36,4.35,0.73,22.83
352,0.0,5.0,1.81,3.13,0.73,17.8,1.71,3.51,0.73,19.31,1.36,4.35,0.73,22.83
353,0.0,5.0,1.81,3.13,0.73,17.8,1.71,3.51,0.73,19.31,1.36,4.35,0.73,22.83
354,0.0,5.0,1.81,3.13,0.73,17.8,1.71,3.51,0.73,19.31,1.36,4.35,0.73,22.83
355,0.0,5.0,1.81,3.13,0.73,17.8,1.71,3.51,0.73,19.31,1.36,4.35,0.73,22.83
356,0.0,5.0,1.81,3.13,0.73,17.8,1.71,3.51,0.73,19.31,1.36,4.35,0.73,22.83
357,0.0,5.0,1.81,3.13,0.73,17.8,1.71,3.51,0.73,19.31,1.36,4.35,0.73,22.83
358,0.0,5.0,1.81,3.13,0.73,17.8,1.71,3.51,0.73,19.31,1.36,4.35,0.73,22.83
359,0.0,5.0,1.81,3.13,0.73,17.8,1.71,3.51,0.73,19.31,1.36,4.35,0.73,22.83
360,0.0,5.0,1.81,3.13,0.73,17.8,1.71,3.51,0.73,19.31,1.36,4.35,0.73,22.83
361,0.0,5.0,1.81,3.13,0.73,17.8,1.71,3.51,0.73,19.31,1.36,4.35,0.73,22.83
362,0.0,5.0,1.81,3.13,0.73,17.8,1.71,3.51,0.73,19.31,1.36,4.35,0.73,22.83
363,0.0,5.0,1.81,3.13,0.73,17.8,1.71,3.51,0.73,19.31,1.36,4.35,0.73,22.83
364,0.0,5.0,1.81,3.13,0.73,17.8,1.71,3.51,0.73,19.31,1.36,4.35,0.73,22.83
365,0.0,5.0,1.81,3.13,0.73,17.8,1.71,3.51,0.73,19.31,1.36,4.35,0.73,22.83
366,0.0,5.0,1.81,3.13,0.73,17.8,1.71,3.51,0.73,19.31,1.36,4.35,0.73,22.83
367,0.0,5.0,1.81,3.13,0.73,17.8,1.71,3.51,0.73,19.31,1.36,4.35,0.73,22.83
368,0.0,5.0,1.81,3.13,0.73,17.8,1.71,3.51,0.73,19.31,1.36,4.35,0.73,22.83
369,0.0,5.0,1.81,3.13,0.73,17.8,1.71,3.51,0.73,19.31,1.36,4.35,0.73,22.83
370,0.0,5.0,1.81,3.13,0.73,17.8,1.71,3.51,0.73,19.31,1.36,4.35,0.73,22.83
371,0.0,5.0,1.81,3.13,0.73,17.8,1.71,3.51,0.73,19.31,1.36,4.35,0.73,22.83
372,0.0,5.0,1.81,3.13,0.73,17.8,1.71,3.51,0.73,19.31,1.36,4.35,0.73,22.83
373,0.0,5.0,1.81,3.13,0.73,17.8,1.71,3.51,0.73,19.31,1.36,4.35,0.73,22.83
374,0.0,5.0,1.81,3.13,0.73,17.8,1.71,3.51,0.73,19.31,1.36,4.35,0.73,22.83
375,0.0,5.0,1.81,3.13,0.73,17.8,1.71,3.51,0.73,19.31,1.36,4.35,0.73,22.83
376,0.0,5.0,1.81,3.13,0.73,17.8,1.71,3.51,0.73,19.31,1.36,4.35,0.73,22.83
377,0.0,5.0,1.81,3.13,0.73,17.8,1.71,3.51,0.73,19.31,1.36,4.35,0.73,22.83
378,0.0,5.0,1.81,3.13,0.73,17.8,1.71,3.51,0.73,19.31,1.36,4.35,0.73,22.83
379,0.0,5.0,1.81,3.13,0.73,17.8,1.71,3.51,0.73,19.31,1.36,4.35,0.73,22.83
380,0.0,5.0,1.81,3.13,0.73,17.8,1.71,3.51,0.73,19.31,1.36,4.35,0.73,22.83
381,0.0,5.0,1.81,3.13,0.73,17.8,1.71,3.51,0.73,19.31,1.36,4.35,0.73,22.83
382,0.0,5.0,1.81,3.13,0.73,17.8,1.71,3.51,0.73,19.31,1.36,4.35,0.73,22.83
383,0.0,5.0,1.81,3.13,0.73,17.8,1.71,3.51,0.73,19.31,1.36,4.35,0.73,22.83
384,0.0,5.0,1.81,3.13,0.73,17.8,1.71,3.51,0.73,19.31,1.36,4.35,0.73,22.83
385,0.0,5.0,1.81,3.13,0.73,17.8,1.71,3.51,0.73,19.31,1.36,4.35,0.73,22.83
386,0.0,5.0,1.81,3.13,0.73,17.8,1.71,3.51,0.73,19.31,1.36,4.35,0.73,22.83
387,0.0,5.0,1.81,3.13,0.73,17.8,1.71,3.51,0.73,19.31,1.36,4.35,0.73,22.83
388,0.0,5.0,1.81,3.13,0.73,17.8,1.71,3.51,0.73,19.31,1.36,4.35,0.73,22.83
389,0.0,5.0,1.81,3.13,0.73,17.8,1.71,3.51,0.73,19.31,1.36,4.35,0.73,22.83
390,0.0,5.0,1.81,3.13,0.73,17.8,1.71,3.51,0.73,19.31,1.36,4.35,0.73,22.83
391,0.0,5.0,1.81,3.13,0.73,17.8,1.71,3.51,0.73,19.31,1.36,4.35,0.73,22.83
392,0.0,5.0,1.81,3.13,0.73,17.8,1.71,3.51,0.73,19.31,1.36,4.35,0.73,22.83
393,0.0,5.0,1.81,3.13,0.73,17.8,1.71,3.51,0.73,19.31,1.36,4.35,0.73,22.83
394,0.0,5.0,1.81,3.13,0.73,17.8,1.71,3.51,0.73,19.31,1.36,4.35,0.73,22.83
395,0.0,5.0,1.81,3.13,0.73,17.8,1.71,3.51,0.73,19.31,1.36,4.35,0.73,22.83
396,0.0,5.0,1.81,3.13,0.73,17.8,1.71,3.51,0.73,19.31,1.36,4.35,0.73,22.83
397,0.0,5.0,1.81,3.13,0.73,17.8,1.71,3.51,0.73,19.31,1.36,4.35,0.73,22.83
398,0.0,5.0,1.81,3.13,0.73,17.8,1.71,3.51,0.73,19.31,1.36,4.35,0.73,22.83
399,0.0,5.0,1.81,3.13,0.73,17.8,1.71,3.51,0.73,19.31,1.36,4.35,0.73,22.83
400,0.0,5.0,1.81,3.13,0.73,17.8,1.71,3.51,0.73,19.31,1.36,4.35,0.73,22.83
401,0.0,5.0,1.81,3.13,0.73,17.8,1.71,3.51,0.73,19.31,1.36,4.35,0.73,22.83
402,0.0,5.0,1.81,3.13,0.73,17.8,1.71,3.51,0.73,19.31,1.36,4.35,0.73,22.83
403,0.0,5.0,1.81,3.13,0.73,17.8,1.71,3.51,0.73,19.31,1.36,4.35,0.73,22.83
404,0.0,5.0,1.81,3.13,0.73,17.8,1.71,3.51,0.73,19.31,1.36,4.35,0.73,22.83
405,0.0,5.0,1.81,3.13,0.73,17.8,1.71,3.51,0.73,19.31,1.36,4.35,0.73,22.83
406,0.0,5.0,1.81,3.13,0.73,17.8,1.71,3.51,0.73,19.31,1.36,4.35,0.73,22.83
407,0.0,5.0,1.81,3.13,0.73,17.8,1.71,3.51,0.73,19.31,1.36,4.35,0.73,22.83
408,0.0,5.0,1.81,3.13,0.73,17.8,1.71,3.51,0.73,19.31,1.36,4.35,0.73,22.83
409,0.0,5.0,1.81,3.13,0.73,17.8,1.71,3.51,0.73,19.31,1.36,4.35,0.73,22.83
410,0.0,5.0,1.81,3.13,0.73,17.8,1.71,3.51,0.73,19.31,1.36,4.35,0.73,22.83
411,0.0,5.0,1.81,3.13,0.73,17.8,1.71,3.51,0.73,19.31,1.36,4.35,0.73,22.83
412,0.0,5.0,1.81,3.13,0.73,17.8,1.71,3.51,0.73,19.31,1.36,4.35,0.73,22.83
413,0.0,5.0,1.81,3.13,0.73,17.8,1.71,3.51,0.73,19.31,1.36,4.35,0.73,22.83
414,0.0,5.0,1.81,3.13,0.73,17.8,1.71,3.51,0.73,19.31,1.36,4.35,0.73,22.83
415,0.0,5.0,1.81,3.13,0.73,17.8,1.71,3.51,0.73,19.31,1.36,4.35,0.73,22.83
416,0.0,5.0,1.81,3.13,0.73,17.8,1.71,3.51,0.73,19.31,1.36,4.35,0.73,22.83
417,0.0,5.0,1.81,3.13,0.73,17.8,1.71,3.51,0.73,19.31,1.36,4.35,0.73,22.83
418,0.0,5.0,1.81,3.13,0.73,17.8,1.71,3.51,0.73,19.31,1.36,4.35,0.73,22.83
419,0.0,5.0,1.81,3.13,0.73,17.8,1.71,3.51,0.73,19.31,1.36,4.35,0.73,22.83
420,0.0,5.0,1.81,3.13,0.73,17.8,1.71,3.51,0.73,19.31,1.36,4.35,0.73,22.83
421,0.0,5.0,1.81,3.13,0.73,17.8,1.71,3.51,0.73,19.31,1.36,4.35,0.73,22.83
422,0.0,5.0,1.81,3.13,0.73,17.8,1.71,3.51,0.73,19.31,1.36,4.35,0.73,22.83
423,0.0,5.0,1.81,3.13,0.73,17.8,1.71,3.51,0.73,19.31,1.36,4.35,0.73,22.83
424,0.0,5.0,1.81,3.13,0.73,17.8,1.71,3.51,0.73,19.31,1.36,4.35,0.73,22.83
425,0.0,5.0,1.81,3.13,0.73,17.8,1.71,3.51,0.73,19.31,1.36,4.35,0.73,22.83
426,0.0,5.0,1.81,3.13,0.73,17.8,1.71,3.51,0.73,19.31,1.36,4.35,0.73,22.83
427,0.0,5.0,1.81,3.13,0.73,17.8,1.71,3.51,0.73,19.31,1.36,4.35,0.73,22.83
428,0.0,5.0,1.81,3.13,0.73,17.8,1.71,3.51,0.73,19.31,1.36,4.35,0.73,22.83
429,0.0,5.0,1.81,3.13,0.73,17.8,1.71,3.51,0.73,19.31,1.36,4.35,0.73,22.83
430,0.0,5.0,1.81,3.13,0.73,17.8,1.71,3.51,0.73,19.31,1.36,4.35,0.73,22.83
431,0.0,5.0,1.81,3.13,0.73,17.8,1.71,3.51,0.73,19.31,1.36,4.35,0.73,22.83
432,0.0,5.0,1.81,3.13,0.73,17.8,1.71,3.51,0.73,19.31,1.36,4.35,0.73,22.83
433,0.0,5.0,1.81,3.13,0.73,17.8,1.71,3.51,0.73,19.31,1.36,4.35,0.73,22.83
434,0.0,5.0,1.81,3.13,0.73,17.8,1.71,3.51,0.73,19.31,1.36,4.35,0.73,22.83
435,0.0,5.0,1.81,3.13,0.73,17.8,1.71,3.51,0.73,19.31,1.36,4.35,0.73,22.83
436,0.0,5.0,1.81,3.13,0.73,17.8,1.71,3.51,0.73,19.31,1.36,4.35,0.73,22.83
437,0.0,5.0,1.81,3.13,0.73,17.8,1.71,3.51,0.73,19.31,1.36,4.35,0.73,22.83
438,0.0,5.0,1.81,3.13,0.73,17.8,1.71,3.51,0.73,19.31,1.36,4.35,0.73,22.83
439,0.0,5.0,1.81,3.13,0.73,17.8,1.71,3.51,0.73,19.31,1.36,4.35,0.73,22.83
440,0.0,5.0,1.81,3.13,0.73,17.8,1.71,3.51,0.73,19.31,1.36,4.35,0.73,22.83
441,0.0,5.0,1.81,3.13,0.73,17.8,1.71,3.51,0.73,19.31,1.36,4.35,0.73,22.83
442,0.0,5.0,1.81,3.13,0.73,17.8,1.71,3.51,0.73,19.31,1.36,4.35,0.73,22.83
443,0.0,5.0,1.81,3.13,0.73,17.8,1.71,3.51,0.73,19.31,1.36,4.35,0.73,22.83
444,0.0,5.0,1.81,3.13,0.73,17.8,1.71,3.51,0.73,19.31,1.36,4.35,0.73,22.83
445,0.0,5.0,1.81,3.13,0.73,17.8,1.71,3.51,0.73,19.31,1.36,4.35,0.73,22.83
446,0.0,5.0,1.81,3.13,0.73,17.8,1.71,3.51,0.73,19.31,1.36,4.35,0.73,22.83
447,0.0,5.0,1.81,3.13,0.73,17.8,1.71,3.51,0.73,19.31,1.36,4.35,0.73,22.83
448,0.0,5.0,1.81,3.13,0.73,17.8,1.71,3.51,0.73,19.31,1.36,4.35,0.73,22.83
449,0.0,5.0,1.81,3.13,0.73,17.8,1.71,3.51,0.73,19.31,1.36,4.35,0.73,22.83
450,0.0,5.0,1.81,3.13,0.73,17.8,1.71,3.51,0.73,19.31,1.36,4.35,0.73,22.83
451,0.0,5.0,1.81,3.13,0.73,17.8,1.71,3.51,0.73,19.31,1.36,4.35,0.73,22.83
452,0.0,5.0,1.81,3.13,0.73,17.8,1.71,3.51,0.73,19.31,1.36,4.35,0.73,22.83
453,0.0,5.0,1.81,3.13,0.73,17.8,1.71,3.51,0.73,19.31,1.36,4.35,0.73,22.83
454,0.0,5.0,1.81,3.13,0.73,17.8,1.71,3.51,0.73,19.31,1.36,4.35,0.73,22.83
455,0.0,5.0,1.81,3.13,0.73,17.8,1.71,3.51,0.73,19.31,1.36,4.35,0.73,22.83
456,0.0,5.0,1.81,3.13,0.73,17.8,1.71,3.51,0.73,19.31,1.36,4.35,0.73,22.83
457,0.0,5.0,1.81,3.13,0.73,17.8,1.71,3.51,0.73,19.31,1.36,4.35,0.73,22.83
458,0.0,5.0,1.81,3.13,0.73,17.8,1.71,3.51,0.73,19.31,1.36,4.35,0.73,22.83
459,0.0,5.0,1.81,3.13,0.73,17.8,1.71,3.51,0.73,19.31,1.36,4.35,0.73,22.83
460,0.0,5.0,1.81,3.13,0.73,17.8,1.71,3.51,0.73,19.31,1.36,4.35,0.73,22.83
461,0.0,5.0,1.81,3.13,0.73,17.8,1.71,3.51,0.73,19.31,1.36,4.35,0.73,22.83
462,0.0,5.0,1.81,3.13,0.73,17.8,1.71,3.51,0.73,19.31,1.36,4.35,0.73,22.83
463,0.0,5.0,1.81,3.13,0.73,17.8,1.71,3.51,0.73,19.31,1.36,4.35,0.73,22.83
464,0.0,5.0,1.81,3.13,0.73,17.8,1.71,3.51,0.73,19.31,1.36,4.35,0.73,22.83
465,0.0,5.0,1.81,3.13,0.73,17.8,1.71,3.51,0.73,19.31,1.36,4.35,0.73,22.83
466,0.0,5.0,1.81,3.13,0.73,17.8,1.71,3.51,0.73,19.31,1.36,4.35,0.73,22.83
467,0.0,5.0,1.81,3.13,0.73,17.8,1.71,3.51,0.73,19.31,1.36,4.35,0.73,22.83
468,0.0,5.0,1.81,3.13,0.73,17.8,1.71,3.51,0.73,19.31,1.36,4.35,0.73,22.83
469,0.0,5.0,1.81,3.13,0.73,17.8,1.71,3.51,0.73,19.31,1.36,4.35,0.73,22.83
470,0.0,5.0,1.81,3.13,0.73,17.8,1.71,3.51,0.73,19.31,1.36,4.35,0.73,22.83
471,0.0,5.0,1.81,3.13,0.73,17.8,1.71,3.51,0.73,19.31,1.36,4.35,0.73,22.83
472,0.0,5.0,1.81,3.13,0.73,17.8,1.71,3.51,0.73,19.31,1.36,4.35,0.73,22.83
473,0.0,5.0,1.81,3.13,0.73,17.8,1.71,3.51,0.73,19.31,1.36,4.35,0.73,22.83
474,0.0,5.0,1.81,3.13,0.73,17.8,1.71,3.51,0.73,19.31,1.36,4.35,0.73,22.83
475,0.0,5.0,1.81,3.13,0.73,17.8,1.71,3.51,0.73,19.31,1.36,4.35,0.73,22.83
476,0.0,5.0,1.81,3.13,0.73,17.8,1.71,3.51,0.73,19.31,1.36,4.35,0.73,22.83
477,0.0,5.0,1.81,3.13,0.73,17.8,1.71,3.51,0.73,19.31,1.36,4.35,0.73,22.83
478,0.0,5.0,1.81,3.13,0.73,17.8,1.71,3.51,0.73,19.31,1.36,4.35,0.73,22.83
479,0.0,5.0,1.81,3.13,0.73,17.8,1.71,3.51,0.73,19.31,1.36,4.35,0.73,22.83
480,0.0,5.0,1.81,3.13,0.73,17.8,1.71,3.51,0.73,19.31,1.36,4.35,0.73,22.83
481,0.0,5.0,1.81,3.13,0.73,17.8,1.71,3.51,0.73,19.31,1.36,4.35,0.73,22.83
482,0.0,5.0,1.81,3.13,0.73,17.8,1.71,3.51,0.73,19.31,1.36,4.35,0.73,22.83
483,0.0,5.0,1.81,3.13,0.73,17.8,1.71,3.51,0.73,19.31,1.36,4.35,0.73,22.83
484,0.0,5.0,1.81,3.13,0.73,17.8,1.71,3.51,0.73,19.31,1.36,4.35,0.73,22.83
485,0.0,5.0,1.81,3.13,0.73,17.8,1.71,3.51,0.73,19.31,1.36,4.35,0.73,22.83
486,0.0,5.0,1.81,3.13,0.73,17.8,1.71,3.51,0.73,19.31,1.36,4.35,0.73,22.83
487,0.0,5.0,1.81,3.13,0.73,17.8,1.71,3.51,0.73,19.31,1.36,4.35,0.73,22.83
488,0.0,5.0,1.81,3.13,0.73,17.8,1.71,3.51,0.73,19.31,1.36,4.35,0.73,22.83
489,0.0,5.0,1.81,3.13,0.73,17.8,1.71,3.51,0.73,19.31,1.36,4.35,0.73,22.83
490,0.0,5.0,1.81,3.13,0.73,17.8,1.71,3.51,0.73,19.31,1.36,4.35,0.73,22.83
491,0.0,5.0,1.81,3.13,0.73,17.8,1.71,3.51,0.73,19.31,1.36,4.35,0.73,22.83
492,0.0,5.0,1.81,3.13,0.73,17.8,1.71,3.51,0.73,19.31,1.36,4.35,0.73,22.83
493,0.0,5.0,1.81,3.13,0.73,17.8,1.71,3.51,0.73,19.31,1.36,4.35,0.73,22.83
494,0.0,5.0,1.81,3.13,0.73,17.8,1.71,3.51,0.73,19.31,1.36,4.35,0.73,22.83
495,0.0,5.0,1.81,3.13,0.73,17.8,1.71,3.51,0.73,19.31,1.36,4.35,0.73,22.83
496,0.0,5.0,1.81,3.13,0.73,17.8,1.71,3.51,0.73,19.31,1.36,4.35,0.73,22.83
497,0.0,5.0,1.81,3.13,0.73,17.8,1.71,3.51,0.73,19.31,1.36,4.35,0.73,22.83
498,0.0,5.0,1.81,3.13,0.73,17.8,1.71,3.51,0.73,19.31,1.36,4.35,0.73,22.83
499,0.0,5.0,1.81,3.13,0.73,17.8,1.71,3.51,0.73,19.31,1.36,4.35,0.73,22.83
500,0.0,5.0,1.81,3.13,0.73,17.8,1.71,3.51,0.73,19.31,1.36,4.35,0.73,22.83
501,0.0,5.0,1.81,3.13,0.73,17.8,1.71,3.51,0.73,19.31,1.36,4.35,0.73,22.83
502,0.0,5.0,1.81,3.13,0.73,17.8,1.71,3.51,0.73,19.31,1.36,4.35,0.73,22.83
503,0.0,5.0,1.81,3.13,0.73,17.8,1.71,3.51,0.73,19.31,1.36,4.35,0.73,22.83
504,0.0,5.0,1.81,3.13,0.73,17.8,1.71,3.51,0.73,19.31,1.36,4.35,0.73,22.83
505,0.0,5.0,1.81,3.13,0.73,17.8,1.71,3.51,0.73,19.31,1.36,4.35,0.73,22.83
506,0.0,5.0,1.81,3.13,0.73,17.8,1.71,3.51,0.73,19.31,1.36,4.35,0.73,22.83
507,0.0,5.0,1.81,3.13,0.73,17.8,1.71,3.51,0.73,19.31,1.36,4.35,0.73,22.83
508,0.0,5.0,1.81,3.13,0.73,17.8,1.71,3.51,0.73,19.31,1.36,4.35,0.73,22.83
509,0.0,5.0,1.81,3.13,0.73,17.8,1.71,3.51,0.73,19.31,1.36,4.35,0.73,22.83
510,0.0,5.0,1.81,3.13,0.73,17.8,1.71,3.51,0.73,19.31,1.36,4.35,0.73,22.83
511,0.0,5.0,1.81,3.13,0.73,17.8,1.71,3.51,0.73,19.31,1.36,4.35,0.73,22.83
512,0.0,5.0,1.81,3.13,0.73,17.8,1.71,3.51,0.73,19.31,1.36,4.35,0.73,22.83
513,0.0,5.0,1.81,3.13,0.73,17.8,1.71,3.51,0.73,19.31,1.36,4.35,0.73,22.83
514,0.0,5.0,1.81,3.13,0.73,17.8,1.71,3.51,0.73,19.31,1.36,4.35,0.73,22.83
515,0.0,5.0,1.81,3.13,0.73,17.8,1.71,3.51,0.73,19.31,1.36,4.35,0.73,22.83
516,0.0,5.0,1.81,3.13,0.73,17.8,1.71,3.51,0.73,19.31,1.36,4.35,0.73,22.83
517,0.0,5.0,1.81,3.13,0.73,17.8,1.71,3.51,0.73,19.31,1.36,4.35,0.73,22.83
518,0.0,5.0,1.81,3.13,0.73,17.8,1.71,3.51,0.73,19.31,1.36,4.35,0.73,22.83
519,0.0,5.0,1.81,3.13,0.73,17.8,1.71,3.51,0.73,19.31,1.36,4.35,0.73,22.83
520,0.0,5.0,1.81,3.13,0.73,17.8,1.71,3.51,0.73,19.31,1.36,4.35,0.73,22.83
521,0.0,5.0,1.81,3.13,0.73,17.8,1.71,3.51,0.73,19.31,1.36,4.35,0.73,22.83
522,0.0,5.0,1.81,3.13,0.73,17.8,1.71,3.51,0.73,19.31,1.36,4.35,0.73,22.83
523,0.0,5.0,1.81,3.13,0.73,17.8,1.71,3.51,0.73,19.31,1.36,4.35,0.73,22.83
524,0.0,5.0,1.81,3.13,0.73,17.8,1.71,3.51,0.73,19.31,1.36,4.35,0.73,22.83
525,0.0,5.0,1.81,3.13,0.73,17.8,1.71,3.51,0.73,19.31,1.36,4.35,0.73,22.83
526,0.0,5.0,1.81,3.13,0.73,17.8,1.71,3.51,0.73,19.31,1.36,4.35,0.73,22.83
527,0.0,5.0,1.81,3.13,0.73,17.8,1.71,3.51,0.73,19.31,1.36,4.35,0.73,22.83
528,0.0,5.0,1.81,3.13,0.73,17.8,1.71,3.51,0.73,19.31,1.36,4.35,0.73,22.83
529,0.0,5.0,1.81,3.13,0.73,17.8,1.71,3.51,0.73,19.31,1.36,4.35,0.73,22.83
530,0.0,5.0,1.81,3.13,0.73,17.8,1.71,3.51,0.73,19.31,1.36,4.35,0.73,22.83
531,0.0,5.0,1.81,3.13,0.73,17.8,1.71,3.51,0.73,19.31,1.36,4.35,0.73,22.83
532,0.0,5.0,1.81,3.13,0.73,17.8,1.71,3.51,0.73,19.31,1.36,4.35,0.73,22.83
533,0.0,5.0,1.81,3.13,0.73,17.8,1.71,3.51,0.73,19.31,1.36,4.35,0.73,22.83
534,0.0,5.0,1.81,3.13,0.73,17.8,1.71,3.51,0.73,19.31,1.36,4.35,0.73,22.83
535,0.0,5.0,1.81,3.13,0.73,17.8,1.71,3.51,0.73,19.31,1.36,4.35,0.73,22.83
536,0.0,5.0,1.81,3.13,0.73,17.8,1.71,3.51,0.73,19.31,1.36,4.35,0.73,22.83
537,0.0,5.0,1.81,3.13,0.73,17.8,1.71,3.51,0.73,19.31,1.36,4.35,0.73,22.83
538,0.0,5.0,1.81,3.13,0.73,17.8,1.71,3.51,0.73,19.31,1.36,4.35,0.73,22.83
539,0.0,5.0,1.81,3.13,0.73,17.8,1.71,3.51,0.73,19.31,1.36,4.35,0.73,22.83
540,0.0,5.0,1.81,3.13,0.73,17.8,1.71,3.51,0.73,19.31,1.36,4.35,0.73,22.83
541,0.0,5.0,1.81,3.13,0.73,17.8,1.71,3.51,0.73,19.31,1.36,4.35,0.73,22.83
542,0.0,5.0,1.81,3.13,0.73,17.8,1.71,3.51,0.73,19.31,1.36,4.35,0.73,22.83
543,0.0,5.0,1.81,3.13,0.73,17.8,1.71,3.51,0.73,19.31,1.36,4.35,0.73,22.83
544,0.0,5.0,1.81,3.13,0.73,17.8,1.71,3.51,0.73,19.31,1.36,4.35,0.73,22.83
545,0.0,5.0,1.81,3.13,0.73,17.8,1.71,3.51,0.73,19.31,1.36,4.35,0.73,22.83
546,0.0,5.0,1.81,3.13,0.73,17.8,1.71,3.51,0.73,19.31,1.36,4.35,0.73,22.83
547,0.0,5.0,1.81,3.13,0.73,17.8,1.71,3.51,0.73,19.31,1.36,4.35,0.73,22.83
548,0.0,5.0,1.81,3.13,0.73,17.8,1.71,3.51,0.73,19.31,1.36,4.35,0.73,22.83
549,0.0,5.0,1.81,3.13,0.73,17.8,1.71,3.51,0.73,19.31,1.36,4.35,0.73,22.83
550,0.0,5.0,1.81,3.13,0.73,17.8,1.71,3.51,0.73,19.31,1.36,4.35,0.73,22.83
551,0.0,5.0,1.81,3.13,0.73,17.8,1.71,3.51,0.73,19.31,1.36,4.35,0.73,22.83
552,0.0,5.0,1.81,3.13,0.73,17.8,1.71,3.51,0.73,19.31,1.36,4.35,0.73,22.83
553,0.0,5.0,1.81,3.13,0.73,17.8,1.71,3.51,0.73,19.31,1.36,4.35,0.73,22.83
554,0.0,5.0,1.81,3.13,0.73,17.8,1.71,3.51,0.73,19.31,1.36,4.35,0.73,22.83
555,0.0,5.0,1.81,3.13,0.73,17.8,1.71,3.51,0.73,19.31,1.36,4.35,0.73,22.83
556,0.0,5.0,1.81,3.13,0.73,17.8,1.71,3.51,0.73,19.31,1.36,4.35,0.73,22.83
557,0.0,5.0,1.81,3.13,0.73,17.8,1.71,3.51,0.73,19.31,1.36,4.35,0.73,22.83
558,0.0,5.0,1.81,3.13,0.73,17.8,1.71,3.51,0.73,19.31,1.36,4.35,0.73,22.83
559,0.0,5.0,1.81,3.13,0.73,17.8,1.71,3.51,0.73,19.31,1.36,4.35,0.73,22.83
560,0.0,5.0,1.81,3.13,0.73,17.8,1.71,3.51,0.73,19.31,1.36,4.35,0.73,22.83
561,0.0,5.0,1.81,3.13,0.73,17.8,1.71,3.51,0.73,19.31,1.36,4.35,0.73,22.83
562,0.0,5.0,1.81,3.13,0.73,17.8,1.71,3.51,0.73,19.31,1.36,4.35,0.73,22.83
563,0.0,5.0,1.81,3.13,0.73,17.8,1.71,3.51,0.73,19.31,1.36,4.35,0.73,22.83
564,0.0,5.0,1.81,3.13,0.73,17.8,1.71,3.51,0.73,19.31,1.36,4.35,0.73,22.83
565,0.0,5.0,1.81,3.13,0.73,17.8,1.71,3.51,0.73,19.31,1.36,4.35,0.73,22.83
566,0.0,5.0,1.81,3.13,0.73,17.8,1.71,3.51,0.73,19.31,1.36,4.35,0.73,22.83
567,0.0,5.0,1.81,3.13,0.73,17.8,1.71,3.51,0.73,19.31,1.36,4.35,0.73,22.83
568,0.0,5.0,1.81,3.13,0.73,17.8,1.71,3.51,0.73,19.31,1.36,4.35,0.73,22.83
569,0.0,5.0,1.81,3.13,0.73,17.8,1.71,3.51,0.73,19.31,1.36,4.35,0.73,22.83
570,0.0,5.0,1.81,3.13,0.73,17.8,1.71,3.51,0.73,19.31,1.36,4.35,0.73,22.83
571,0.0,5.0,1.81,3.13,0.73,17.8,1.71,3.51,0.73,19.31,1.36,4.35,0.73,22.83
572,0.0,5.0,1.81,3.13,0.73,17.8,1.71,3.51,0.73,19.31,1.36,4.35,0.73,22.83
573,0.0,5.0,1.81,3.13,0.73,17.8,1.71,3.51,0.73,19.31,1.36,4.35,0.73,22.83
574,0.0,5.0,1.81,3.13,0.73,17.8,1.71,3.51,0.73,19.31,1.36,4.35,0.73,22.83
575,0.0,5.0,1.81,3.13,0.73,17.8,1.71,3.51,0.73,19.31,1.36,4.35,0.73,22.83
576,0.0,5.0,1.81,3.13,0.73,17.8,1.71,3.51,0.73,19.31,1.36,4.35,0.73,22.83
577,0.0,5.0,1.81,3.13,0.73,17.8,1.71,3.51,0.73,19.31,1.36,4.35,0.73,22.83
578,0.0,5.0,1.81,3.13,0.73,17.8,1.71,3.51,0.73,19.31,1.36,4.35,0.73,22.83
579,0.0,5.0,1.81,3.13,0.73,17.8,1.71,3.51,0.73,19.31,1.36,4.35,0.73,22.83
580,0.0,5.0,1.81,3.13,0.73,17.8,1.71,3.51,0.73,19.31,1.36,4.35,0.73,22.83
581,0.0,5.0,1.81,3.13,0.73,17.8,1.71,3.51,0.73,19.31,1.36,4.35,0.73,22.83
582,0.0,5.0,1.81,3.13,0.73,17.8,1.71,3.51,0.73,19.31,1.36,4.35,0.73,22.83
583,0.0,5.0,1.81,3.13,0.73,17.8,1.71,3.51,0.73,19.31,1.36,4.35,0.73,22.83
584,0.0,5.0,1.81,3.13,0.73,17.8,1.71,3.51,0.73,19.31,1.36,4.35,0.73,22.83
585,0.0,5.0,1.81,3.13,0.73,17.8,1.71,3.51,0.73,19.31,1.36,4.35,0.73,22.83
586,0.0,5.0,1.81,3.13,0.73,17.8,1.71,3.51,0.73,19.31,1.36,4.35,0.73,22.83
587,0.0,5.0,1.81,3.13,0.73,17.8,1.71,3.51,0.73,19.31,1.36,4.35,0.73,22.83
588,0.0,5.0,1.81,3.13,0.73,17.8,1.71,3.51,0.73,19.31,1.36,4.35,0.73,22.83
589,0.0,5.0,1.81,3.13,0.73,17.8,1.71,3.51,0.73,19.31,1.36,4.35,0.73,22.83
590,0.0,5.0,1.81,3.13,0.73,17.8,1.71,3.51,0.73,19.31,1.36,4.35,0.73,22.83
591,0.0,5.0,1.81,3.13,0.73,17.8,1.71,3.51,0.73,19.31,1.36,4.35,0.73,22.83
592,0.0,5.0,1.81,3.13,0.73,17.8,1.71,3.51,0.73,19.31,1.36,4.35,0.73,22.83
593,0.0,5.0,1.81,3.13,0.73,17.8,1.71,3.51,0.73,19.31,1.36,4.35,0.73,22.83
594,0.0,5.0,1.81,3.13,0.73,17.8,1.71,3.51,0.73,19.31,1.36,4.35,0.73,22.83
595,0.0,5.0,1.81,3.13,0.73,17.8,1.71,3.51,0.73,19.31,1.36,4.35,0.73,22.83
596,0.0,5.0,1.81,3.13,0.73,17.8,1.71,3.51,0.73,19.31,1.36,4.35,0.73,22.83
597,0.0,5.0,1.81,3.13,0.73,17.8,1.71,3.51,0.73,19.31,1.36,4.35,0.73,22.83
598,0.0,5.0,1.81,3.13,0.73,17.8,1.71,3.51,0.73,19.31,1.36,4.35,0.73,22.83
599,0.0,5.0,1.81,3.13,0.73,17.8,1.71,3.51,0.73,19.31,1.36,4.35,0.73,22.83
600,0.0,5.0,1.81,3.13,0.73,17.8,1.71,3.51,0.73,19.31,1.36,4.35,0.73,22.83
601,0.0,5.0,1.81,3.13,0.73,17.8,1.71,3.51,0.73,19.31,1.36,4.35,0.73,22.83
602,0.0,5.0,1.81,3.13,0.73,17.8,1.71,3.51,0.73,19.31,1.36,4.35,0.73,22.83
603,0.0,5.0,1.81,3.13,0.73,17.8,1.71,3.51,0.73,19.31,1.36,4.35,0.73,22.83
604,0.0,5.0,1.81,3.13,0.73,17.8,1.71,3.51,0.73,19.31,1.36,4.35,0.73,22.83
605,0.0,5.0,1.81,3.13,0.73,17.8,1.71,3.51,0.73,19.31,1.36,4.35,0.73,22.83
606,0.0,5.0,1.81,3.13,0.73,17.8,1.71,3.51,0.73,19.31,1.36,4.35,0.73,22.83
607,0.0,5.0,1.81,3.13,0.73,17.8,1.71,3.51,0.73,19.31,1.36,4.35,0.73,22.83
608,0.0,5.0,1.81,3.13,0.73,17.8,1.71,3.51,0.73,19.31,1.36,4.35,0.73,22.83
609,0.0,5.0,1.81,3.13,0.73,17.8,1.71,3.51,0.73,19.31,1.36,4.35,0.73,22.83
610,0.0,5.0,1.81,3.13,0.73,17.8,1.71,3.51,0.73,19.31,1.36,4.35,0.73,22.83
611,0.0,5.0,1.81,3.13,0.73,17.8,1.71,3.51,0.73,19.31,1.36,4.35,0.73,22.83
612,0.0,5.0,1.81,3.13,0.73,17.8,1.71,3.51,0.73,19.31,1.36,4.35,0.73,22.83
613,0.0,5.0,1.81,3.13,0.73,17.8,1.71,3.51,0.73,19.31,1.36,4.35,0.73,22.83
614,0.0,5.0,1.81,3.13,0.73,17.8,1.71,3.51,0.73,19.31,1.36,4.35,0.73,22.83
615,0.0,5.0,1.81,3.13,0.73,17.8,1.71,3.51,0.73,19.31,1.36,4.35,0.73,22.83
616,0.0,5.0,1.81,3.13,0.73,17.8,1.71,3.51,0.73,19.31,1.36,4.35,0.73,22.83
617,0.0,5.0,1.81,3.13,0.73,17.8,1.71,3.51,0.73,19.31,1.36,4.35,0.73,22.83
618,0.0,5.0,1.81,3.13,0.73,17.8,1.71,3.51,0.73,19.31,1.36,4.35,0.73,22.83
619,0.0,5.0,1.81,3.13,0.73,17.8,1.71,3.51,0.73,19.31,1.36,4.35,0.73,22.83
620,0.0,5.0,1.81,3.13,0.73,17.8,1.71,3.51,0.73,19.31,1.36,4.35,0.73,22.83
621,0.0,5.0,1.81,3.13,0.73,17.8,1.71,3.51,0.73,19.31,1.36,4.35,0.73,22.83
622,0.0,5.0,1.81,3.13,0.73,17.8,1.71,3.51,0.73,19.31,1.36,4.35,0.73,22.83
623,0.0,5.0,1.81,3.13,0.73,17.8,1.71,3.51,0.73,19.31,1.36,4.35,0.73,22.83
624,0.0,5.0,1.81,3.13,0.73,17.8,1.71,3.51,0.73,19.31,1.36,4.35,0.73,22.83
625,0.0,5.0,1.81,3.13,0.73,17.8,1.71,3.51,0.73,19.31,1.36,4.35,0.73,22.83
626,0.0,5.0,1.81,3.13,0.73,17.8,1.71,3.51,0.73,19.31,1.36,4.35,0.73,22.83
627,0.0,5.0,1.81,3.13,0.73,17.8,1.71,3.51,0.73,19.31,1.36,4.35,0.73,22.83
628,0.0,5.0,1.81,3.13,0.73,17.8,1.71,3.51,0.73,19.31,1.36,4.35,0.73,22.83
629,0.0,5.0,1.81,3.13,0.73,17.8,1.71,3.51,0.73,19.31,1.36,4.35,0.73,22.83
630,0.0,5.0,1.81,3.13,0.73,17.8,1.71,3.51,0.73,19.31,1.36,4.35,0.73,22.83
631,0.0,5.0,1.81,3.13,0.73,17.8,1.71,3.51,0.73,19.31,1.36,4.35,0.73,22.83
632,0.0,5.0,1.81,3.13,0.73,17.8,1.71,3.51,0.73,19.31,1.36,4.35,0.73,22.83
633,0.0,5.0,1.81,3.13,0.73,17.8,1.71,3.51,0.73,19.31,1.36,4.35,0.73,22.83
634,0.0,5.0,1.81,3.13,0.73,17.8,1.71,3.51,0.73,19.31,1.36,4.35,0.73,22.83
635,0.0,5.0,1.81,3.13,0.73,17.8,1.71,3.51,0.73,19.31,1.36,4.35,0.73,22.83
636,0.0,5.0,1.81,3.13,0.73,17.8,1.71,3.51,0.73,19.31,1.36,4.35,0.73,22.83
637,0.0,5.0,1.81,3.13,0.73,17.8,1.71,3.51,0.73,19.31,1.36,4.35,0.73,22.83
638,0.0,5.0,1.81,3.13,0.73,17.8,1.71,3.51,0.73,19.31,1.36,4.35,0.73,22.83
639,0.0,5.0,1.81,3.13,0.73,17.8,1.71,3.51,0.73,19.31,1.36,4.35,0.73,22.83
640,0.0,5.0,1.81,3.13,0.73,17.8,1.71,3.51,0.73,19.31,1.36,4.35,0.73,22.83
641,0.0,5.0,1.81,3.13,0.73,17.8,1.71,3.51,0.73,19.31,1.36,4.35,0.73,22.83
642,0.0,5.0,1.81,3.13,0.73,17.8,1.71,3.51,0.73,19.31,1.36,4.35,0.73,22.83
643,0.0,5.0,1.81,3.13,0.73,17.8,1.71,3.51,0.73,19.31,1.36,4.35,0.73,22.83
644,0.0,5.0,1.81,3.13,0.73,17.8,1.71,3.51,0.73,19.31,1.36,4.35,0.73,22.83
645,0.0,5.0,1.81,3.13,0.73,17.8,1.71,3.51,0.73,19.31,1.36,4.35,0.73,22.83
646,0.0,5.0,1.81,3.13,0.73,17.8,1.71,3.51,0.73,19.31,1.36,4.35,0.73,22.83
647,0.0,5.0,1.81,3.13,0.73,17.8,1.71,3.51,0.73,19.31,1.36,4.35,0.73,22.83
648,0.0,5.0,1.81,3.13,0.73,17.8,1.71,3.51,0.73,19.31,1.36,4.35,0.73,22.83
649,0.0,5.0,1.81,3.13,0.73,17.8,1.71,3.51,0.73,19.31,1.36,4.35,0.73,22.83
650,0.0,5.0,1.81,3.13,0.73,17.8,1.71,3.51,0.73,19.31,1.36,4.35,0.73,22.83
651,0.0,5.0,1.81,3.13,0.73,17.8,1.71,3.51,0.73,19.31,1.36,4.35,0.73,22.83
652,0.0,5.0,1.81,3.13,0.73,17.8,1.71,3.51,0.73,19.31,1.36,4.35,0.73,22.83
653,0.0,5.0,1.81,3.13,0.73,17.8,1.71,3.51,0.73,19.31,1.36,4.35,0.73,22.83
654,0.0,5.0,1.81,3.13,0.73,17.8,1.71,3.51,0.73,19.31,1.36,4.35,0.73,22.83
655,0.0,5.0,1.81,3.13,0.73,17.8,1.71,3.51,0.73,19.31,1.36,4.35,0.73,22.83
656,0.0,5.0,1.81,3.13,0.73,17.8,1.71,3.51,0.73,19.31,1.36,4.35,0.73,22.83
657,0.0,5.0,1.81,3.13,0.73,17.8,1.71,3.51,0.73,19.31,1.36,4.35,0.73,22.83
658,0.0,5.0,1.81,3.13,0.73,17.8,1.71,3.51,0.73,19.31,1.36,4.35,0.73,22.83
659,0.0,5.0,1.81,3.13,0.73,17.8,1.71,3.51,0.73,19.31,1.36,4.35,0.73,22.83
660,0.0,5.0,1.81,3.13,0.73,17.8,1.71,3.51,0.73,19.31,1.36,4.35,0.73,22.83
661,0.0,5.0,1.81,3.13,0.73,17.8,1.71,3.51,0.73,19.31,1.36,4.35,0.73,22.83
662,0.0,5.0,1.81,3.13,0.73,17.8,1.71,3.51,0.73,19.31,1.36,4.35,0.73,22.83
663,0.0,5.0,1.81,3.13,0.73,17.8,1.71,3.51,0.73,19.31,1.36,4.35,0.73,22.83
664,0.0,5.0,1.81,3.13,0.73,17.8,1.71,3.51,0.73,19.31,1.36,4.35,0.73,22.83
665,0.0,5.0,1.81,3.13,0.73,17.8,1.71,3.51,0.73,19.31,1.36,4.35,0.73,22.83
666,0.0,5.0,1.81,3.13,0.73,17.8,1.71,3.51,0.73,19.31,1.36,4.35,0.73,22.83
667,0.0,5.0,1.81,3.13,0.73,17.8,1.71,3.51,0.73,19.31,1.36,4.35,0.73,22.83
668,0.0,5.0,1.81,3.13,0.73,17.8,1.71,3.51,0.73,19.31,1.36,4.35,0.73,22.83
669,0.0,5.0,1.81,3.13,0.73,17.8,1.71,3.51,0.73,19.31,1.36,4.35,0.73,22.83
670,0.0,5.0,1.81,3.13,0.73,17.8,1.71,3.51,0.73,19.31,1.36,4.35,0.73,22.83
671,0.0,5.0,1.81,3.13,0.73,17.8,1.71,3.51,0.73,19.31,1.36,4.35,0.73,22.83
672,0.0,5.0,1.81,3.13,0.73,17.8,1.71,3.51,0.73,19.31,1.36,4.35,0.73,22.83
673,0.0,5.0,1.81,3.13,0.73,17.8,1.71,3.51,0.73,19.31,1.36,4.35,0.73,22.83
674,0.0,5.0,1.81,3.13,0.73,17.8,1.71,3.51,0.73,19.31,1.36,4.35,0.73,22.83
675,0.0,5.0,1.81,3.13,0.73,17.8,1.71,3.51,0.73,19.31,1.36,4.35,0.73,22.83
676,0.0,5.0,1.81,3.13,0.73,17.8,1.71,3.51,0.73,19.31,1.36,4.35,0.73,22.83
677,0.0,5.0,1.81,3.13,0.73,17.8,1.71,3.51,0.73,19.31,1.36,4.35,0.73,22.83
678,0.0,5.0,1.81,3.13,0.73,17.8,1.71,3.51,0.73,19.31,1.36,4.35,0.73,22.83
679,0.0,5.0,1.81,3.13,0.73,17.8,1.71,3.51,0.73,19.31,1.36,4.35,0.73,22.83
680,0.0,5.0,1.81,3.13,0.73,17.8,1.71,3.51,0.73,19.31,1.36,4.35,0.73,22.83
681,0.0,5.0,1.81,3.13,0.73,17.8,1.71,3.51,0.73,19.31,1.36,4.35,0.73,22.83
682,0.0,5.0,1.81,3.13,0.73,17.8,1.71,3.51,0.73,19.31,1.36,4.35,0.73,22.83
683,0.0,5.0,1.81,3.13,0.73,17.8,1.71,3.51,0.73,19.31,1.36,4.35,0.73,22.83
684,0.0,5.0,1.81,3.13,0.73,17.8,1.71,3.51,0.73,19.31,1.36,4.35,0.73,22.83
685,0.0,5.0,1.81,3.13,0.73,17.8,1.71,3.51,0.73,19.31,1.36,4.35,0.73,22.83
686,0.0,5.0,1.81,3.13,0.73,17.8,1.71,3.51,0.73,19.31,1.36,4.35,0.73,22.83
687,0.0,5.0,1.81,3.13,0.73,17.8,1.71,3.51,0.73,19.31,1.36,4.35,0.73,22.83
688,0.0,5.0,1.81,3.13,0.73,17.8,1.71,3.51,0.73,19.31,1.36,4.35,0.73,22.83
689,0.0,5.0,1.81,3.13,0.73,17.8,1.71,3.51,0.73,19.31,1.36,4.35,0.73,22.83
690,0.0,5.0,1.81,3.13,0.73,17.8,1.71,3.51,0.73,19.31,1.36,4.35,0.73,22.83
691,0.0,5.0,1.81,3.13,0.73,17.8,1.71,3.51,0.73,19.31,1.36,4.35,0.73,22.83
692,0.0,5.0,1.81,3.13,0.73,17.8,1.71,3.51,0.73,19.31,1.36,4.35,0.73,22.83
693,0.0,5.0,1.81,3.13,0.73,17.8,1.71,3.51,0.73,19.31,1.36,4.35,0.73,22.83
694,0.0,5.0,1.81,3.13,0.73,17.8,1.71,3.51,0.73,19.31,1.36,4.35,0.73,22.83
695,0.0,5.0,1.81,3.13,0.73,17.8,1.71,3.51,0.73,19.31,1.36,4.35,0.73,22.83
696,0.0,5.0,1.81,3.13,0.73,17.8,1.71,3.51,0.73,19.31,1.36,4.35,0.73,22.83
697,0.0,5.0,1.81,3.13,0.73,17.8,1.71,3.51,0.73,19.31,1.36,4.35,0.73,22.83
698,0.0,5.0,1.81,3.13,0.73,17.8,1.71,3.51,0.73,19.31,1.36,4.35,0.73,22.83
699,0.0,5.0,1.81,3.13,0.73,17.8,1.71,3.51,0.73,19.31,1.36,4.35,0.73,22.83
700,0.0,5.0,1.81,3.13,0.73,17.8,1.71,3.51,0.73,19.31,1.36,4.35,0.73,22.83
701,0.0,5.0,1.81,3.13,0.73,17.8,1.71,3.51,0.73,19.31,1.36,4.35,0.73,22.83
702,0.0,5.0,1.81,3.13,0.73,17.8,1.71,3.51,0.73,19.31,1.36,4.35,0.73,22.83
703,0.0,5.0,1.81,3.13,0.73,17.8,1.71,3.51,0.73,19.31,1.36,4.35,0.73,22.83
704,0.0,5.0,1.81,3.13,0.73,17.8,1.71,3.51,0.73,19.31,1.36,4.35,0.73,22.83
705,0.0,5.0,1.81,3.13,0.73,17.8,1.71,3.51,0.73,19.31,1.36,4.35,0.73,22.83
706,0.0,5.0,1.81,3.13,0.73,17.8,1.71,3.51,0.73,19.31,1.36,4.35,0.73,22.83
707,0.0,5.0,1.81,3.13,0.73,17.8,1.71,3.51,0.73,19.31,1.36,4.35,0.73,22.83
708,0.0,5.0,1.81,3.13,0.73,17.8,1.71,3.51,0.73,19.31,1.36,4.35,0.73,22.83
709,0.0,5.0,1.81,3.13,0.73,17.8,1.71,3.51,0.73,19.31,1.36,4.35,0.73,22.83
710,0.0,5.0,1.81,3.13,0.73,17.8,1.71,3.51,0.73,19.31,1.36,4.35,0.73,22.83
711,0.0,5.0,1.81,3.13,0.73,17.8,1.71,3.51,0.73,19.31,1.36,4.35,0.73,22.83
712,0.0,5.0,1.81,3.13,0.73,17.8,1.71,3.51,0.73,19.31,1.36,4.35,0.73,22.83
713,0.0,5.0,1.81,3.13,0.73,17.8,1.71,3.51,0.73,19.31,1.36,4.35,0.73,22.83
714,0.0,5.0,1.81,3.13,0.73,17.8,1.71,3.51,0.73,19.31,1.36,4.35,0.73,22.83
715,0.0,5.0,1.81,3.13,0.73,17.8,1.71,3.51,0.73,19.31,1.36,4.35,0.73,22.83
716,0.0,5.0,1.81,3.13,0.73,17.8,1.71,3.51,0.73,19.31,1.36,4.35,0.73,22.83
717,0.0,5.0,1.81,3.13,0.73,17.8,1.71,3.51,0.73,19.31,1.36,4.35,0.73,22.83
718,0.0,5.0,1.81,3.13,0.73,17.8,1.71,3.51,0.73,19.31,1.36,4.35,0.73,22.83
719,0.0,5.0,1.81,3.13,0.73,17.8,1.71,3.51,0.73,19.31,1.36,4.35,0.73,22.83
720,0.0,5.0,1.81,3.13,0.73,17.8,1.71,3.51,0.73,19.31,1.36,4.35,0.73,22.83
