region,Resource,technology,cluster,R_ID,Zone,Num_VRE_Bins,THERM,VRE,MUST_RUN,STOR,FLEX,HYDRO,LDS,CapRes_1,Min_Share,Max_Share,Existing_Cap_MWh,Existing_Cap_MW,Existing_Charge_Cap_MW,num_units,unmodified_existing_cap_mw,New_Build,Cap_Size,Min_Cap_MW,Max_Cap_MW,Max_Cap_MWh,Min_Cap_MWh,Max_Charge_Cap_MW,Min_Charge_Cap_MW,Min_Share_percent,Max_Share_percent,capex_mw,Inv_Cost_per_MWyr_x,Fixed_OM_Cost_per_MWyr_x,capex_mwh,Inv_Cost_per_MWhyr_x,Fixed_OM_Cost_per_MWhyr_x,Var_OM_Cost_per_MWh,Var_OM_Cost_per_MWh_In,Inv_Cost_Charge_per_MWyr,Fixed_OM_Cost_Charge_per_MWyr,Start_Cost_per_MW,Start_Fuel_MMBTU_per_MW,Heat_Rate_MMBTU_per_MWh,heat_rate_mmbtu_mwh_iqr,heat_rate_mmbtu_mwh_std,Fuel,Min_Power,Self_Disch,Eff_Up,Eff_Down,Hydro_Energy_to_Power_Ratio,Min_Duration,Max_Duration,Reg_Max,Rsv_Max,Reg_Cost,Rsv_Cost,Max_Flexible_Demand_Delay,Max_Flexible_Demand_Advance,Flexible_Demand_Energy_Eff,CO2_Capture_Rate,CO2_Capture_Cost_per_Metric_Ton,Ramp_Up_Percentage,Ramp_Dn_Percentage,Up_Time,Down_Time,spur_miles,spur_capex,offshore_spur_miles,offshore_spur_capex,tx_miles,tx_capex,interconnect_annuity,regional_cost_multiplier,cap_recovery_years,wacc_real,ids,MISO_CleanPower,NY_CleanPower,PJM_CleanPower,SERC_CleanPower,variable_CF,RETRO,Num_RETRO_Sources,Retro1_Source,Retro1_Efficiency,Retro1_Inv_Cost_per_MWyr,Retro2_Source,Retro2_Efficiency,Retro2_Inv_Cost_per_MWyr,MinCapTag_1,MinCapTag_2,MinCapTag_3,MaxCapTag_1,MaxCapTag_2,MaxCapTag_3,CapRes_2,CapRes_3,Resource_Type,Inv_Cost_per_MWyr_y,Inv_Cost_Inverter_per_MWyr,Inv_Cost_Solar_per_MWyr,Inv_Cost_Wind_per_MWyr,Inv_Cost_per_MWhyr_y,Fixed_OM_Cost_per_MWyr_y,Fixed_OM_Inverter_Cost_per_MWyr,Fixed_OM_Solar_Cost_per_MWyr,Fixed_OM_Wind_Cost_per_MWyr,Fixed_OM_Cost_per_MWhyr_y,SOLAR,WIND,STOR_DC_DISCHARGE,STOR_DC_CHARGE,MinCapTag_MWh1,MinCapTag_MWh2,MinCapTag_MWh3,MaxCapTag_MWh1,MaxCapTag_MWh2,MaxCapTag_MWh3,STOR_AC_DISCHARGE,STOR_AC_CHARGE,Existing_Cap_Inverter_MW,Existing_Cap_Solar_MW,Existing_Cap_Wind_MW,Existing_Cap_Charge_DC_MW,Existing_Cap_Charge_AC_MW,Existing_Cap_Discharge_DC_MW,Existing_Cap_Discharge_AC_MW,Max_Cap_Inverter_MW,Min_Cap_Inverter_MW,Max_Cap_Charge_AC_MW,Min_Cap_Charge_AC_MW,Max_Cap_Discharge_AC_MW,Min_Cap_Discharge_AC_MW,Max_Cap_Charge_DC_MW,Min_Cap_Charge_DC_MW,Max_Cap_Discharge_DC_MW,Min_Cap_Discharge_DC_MW,Min_Cap_Solar_MW,Min_Cap_Wind_MW,Inv_Cost_Discharge_DC_per_MWyr,Inv_Cost_Charge_DC_per_MWyr,Inv_Cost_Discharge_AC_per_MWyr,Inv_Cost_Charge_AC_per_MWyr,Fixed_OM_Cost_Discharge_DC_per_MWyr,Fixed_OM_Cost_Charge_DC_per_MWyr,Fixed_OM_Cost_Discharge_AC_per_MWyr,Fixed_OM_Cost_Charge_AC_per_MWyr,Var_OM_Cost_per_MWh_Solar,Var_OM_Cost_per_MWh_Wind,Var_OM_Cost_per_MWh_Charge_AC,Var_OM_Cost_per_MWh_Discharge_AC,Max_Cap_Solar_MW,Max_Cap_Wind_MW,Inverter_Ratio_Wind,Inverter_Ratio_Solar,Var_OM_Cost_per_MWh_Charge_DC,Var_OM_Cost_per_MWh_Discharge_DC,Eff_Up_DC,Eff_Down_DC,Eff_Up_AC,Eff_Down_AC,EtaInverter,Power_to_Energy_DC,Power_to_Energy_AC
EIC,EIC_storage_metalair_advanced_0,Storage_MetalAir_Advanced,0,61,1,0,0,0,0,1,0,0,1,0.95,0.0,0.0,0.0,0.0,0.0,0.0,0.0,1,1.0,-1.0,-1.0,-1.0,0.0,-1.0,-1.0,0.0,0.0,0.0,0.0,0,0.0,0,0,0.0,0.0,0.0,0.0,0.0,0.0,0.0,0.0,0.0,None,0.0,0,0.65,0.65,0.0,200.0,200.0,0.0,0.0,0.0,0.0,0.0,0.0,0,0.0,0,1.0,1.0,0,0,0.0,0.0,0.0,0.0,0.0,0.0,0.0,1.03,25.0,0.026,0.0,0.0,0.0,0.0,0.0,0.0,0,0,0,0,0,0,0,0,0,0,0,0,0,0,0.0,0.0,standalone_storage,2560.0,3620.647522983481,0.0,0.0,0,1442.5,3894.7500000000005,0.0,0.0,0,0,0,1,1,1,0,0,1,0,0,0,0,0,0,0,0,0,0,0,-1,-1,-1,-1,-1,-1,-1,-1,-1,0,0,0,0,0,0,0,0,0,0,0,0,0,0,0,-1.0,-1.0,-1,-1,0.15,0.15,0.65,0.65,0.65,0.65,0.967,0.0032500000000000003,0.0032500000000000003
EIC,EIC_landbasedwind_class1_moderate_0,LandbasedWind_Class1_Moderate_,0,62,1,1,0,1,0,0,0,0,1,0.8,0.0,0.0,0.0,0.0,0.0,0.0,0.0,1,1.0,0.0,117315.5,-1.0,0.0,0.0,0.0,0.0,0.0,879445.731,71014.0,36613,0.0,0,0,0.0,0.0,0.0,0.0,0.0,0.0,0.0,0.0,0.0,None,0.0,0,1.0,1.0,0.0,0.0,0.0,0.0,0.0,0.0,0.0,0.0,0.0,0,0.0,0,1.0,1.0,0,0,0.0,0.0,0.0,0.0,0.0,0.0,14197.521,1.266,30.0,0.03,0.0,0.0,0.0,0.0,0.0,0.4664614498615265,0,0,0,0,0,0,0,0,0,0,0,0,0,0,0.0,0.0,hybrid_wind,14197.521,3620.647522983481,0.0,56816.479,0,1442.5,3894.7500000000005,0.0,35170.5,0,0,1,0,0,1,0,0,1,0,0,0,0,0,0,0,0,0,0,0,-1,-1,-1,-1,-1,-1,-1,-1,-1,0,0,0,0,0,0,0,0,0,0,0,0,0,0,0,-1.0,117315.5,-1,-1,0.15,0.15,0.65,0.65,0.65,0.65,0.967,0.0032500000000000003,0.0032500000000000003
EIC,EIC_landbasedwind_class1_moderate_1,LandbasedWind_Class1_Moderate_,1,63,1,1,0,1,0,0,0,0,1,0.8,0.0,0.0,0.0,0.0,0.0,0.0,0.0,1,1.0,0.0,139803.7,-1.0,0.0,0.0,0.0,0.0,0.0,879445.731,73899.0,36613,0.0,0,0,0.0,0.0,0.0,0.0,0.0,0.0,0.0,0.0,0.0,None,0.0,0,1.0,1.0,0.0,0.0,0.0,0.0,0.0,0.0,0.0,0.0,0.0,0,0.0,0,1.0,1.0,0,0,0.0,0.0,0.0,0.0,0.0,0.0,17082.104,1.266,30.0,0.03,0.0,0.0,0.0,0.0,0.0,0.5061618089675903,0,0,0,0,0,0,0,0,0,0,0,0,0,0,0.0,0.0,hybrid_wind,17082.104,3620.647522983481,0.0,56816.896,0,1442.5,3894.7500000000005,0.0,35170.5,0,0,1,0,0,1,0,0,1,0,0,0,0,0,0,0,0,0,0,0,-1,-1,-1,-1,-1,-1,-1,-1,-1,0,0,0,0,0,0,0,0,0,0,0,0,0,0,0,-1.0,139803.7,-1,-1,0.15,0.15,0.65,0.65,0.65,0.65,0.967,0.0032500000000000003,0.0032500000000000003
EIC,EIC_landbasedwind_class1_moderate_2,LandbasedWind_Class1_Moderate_,2,64,1,1,0,1,0,0,0,0,1,0.8,0.0,0.0,0.0,0.0,0.0,0.0,0.0,1,1.0,0.0,114313.7,-1.0,0.0,0.0,0.0,0.0,0.0,879445.731,74083.0,36613,0.0,0,0,0.0,0.0,0.0,0.0,0.0,0.0,0.0,0.0,0.0,None,0.0,0,1.0,1.0,0.0,0.0,0.0,0.0,0.0,0.0,0.0,0.0,0.0,0,0.0,0,1.0,1.0,0,0,0.0,0.0,0.0,0.0,0.0,0.0,17266.619,1.266,30.0,0.03,0.0,0.0,0.0,0.0,0.0,0.4289732277393341,0,0,0,0,0,0,0,0,0,0,0,0,0,0,0.0,0.0,hybrid_wind,17266.619,3620.647522983481,0.0,56816.381,0,1442.5,3894.7500000000005,0.0,35170.5,0,0,1,0,0,1,0,0,1,0,0,0,0,0,0,0,0,0,0,0,-1,-1,-1,-1,-1,-1,-1,-1,-1,0,0,0,0,0,0,0,0,0,0,0,0,0,0,0,-1.0,114313.7,-1,-1,0.15,0.15,0.65,0.65,0.65,0.65,0.967,0.0032500000000000003,0.0032500000000000003
EIC,EIC_landbasedwind_class1_moderate_3,LandbasedWind_Class1_Moderate_,3,65,1,1,0,1,0,0,0,0,1,0.8,0.0,0.0,0.0,0.0,0.0,0.0,0.0,1,1.0,0.0,81237.6,-1.0,0.0,0.0,0.0,0.0,0.0,879445.731,82299.0,36613,0.0,0,0,0.0,0.0,0.0,0.0,0.0,0.0,0.0,0.0,0.0,None,0.0,0,1.0,1.0,0.0,0.0,0.0,0.0,0.0,0.0,0.0,0.0,0.0,0,0.0,0,1.0,1.0,0,0,0.0,0.0,0.0,0.0,0.0,0.0,25482.635,1.266,30.0,0.03,0.0,0.0,0.0,0.0,0.0,0.4707651138305664,0,0,0,0,0,0,0,0,0,0,0,0,0,0,0.0,0.0,hybrid_wind,25482.635,3620.647522983481,0.0,56816.365000000005,0,1442.5,3894.7500000000005,0.0,35170.5,0,0,1,0,0,1,0,0,1,0,0,0,0,0,0,0,0,0,0,0,-1,-1,-1,-1,-1,-1,-1,-1,-1,0,0,0,0,0,0,0,0,0,0,0,0,0,0,0,-1.0,81237.6,-1,-1,0.15,0.15,0.65,0.65,0.65,0.65,0.967,0.0032500000000000003,0.0032500000000000003
EIC,EIC_landbasedwind_class1_moderate_4,LandbasedWind_Class1_Moderate_,4,66,1,1,0,1,0,0,0,0,1,0.8,0.0,0.0,0.0,0.0,0.0,0.0,0.0,1,1.0,0.0,81092.2,-1.0,0.0,0.0,0.0,0.0,0.0,879445.731,73304.0,36613,0.0,0,0,0.0,0.0,0.0,0.0,0.0,0.0,0.0,0.0,0.0,None,0.0,0,1.0,1.0,0.0,0.0,0.0,0.0,0.0,0.0,0.0,0.0,0.0,0,0.0,0,1.0,1.0,0,0,0.0,0.0,0.0,0.0,0.0,0.0,16487.938,1.266,30.0,0.03,0.0,0.0,0.0,0.0,0.0,0.369812935590744,0,0,0,0,0,0,0,0,0,0,0,0,0,0,0.0,0.0,hybrid_wind,16487.938,3620.647522983481,0.0,56816.062000000005,0,1442.5,3894.7500000000005,0.0,35170.5,0,0,1,0,0,1,0,0,1,0,0,0,0,0,0,0,0,0,0,0,-1,-1,-1,-1,-1,-1,-1,-1,-1,0,0,0,0,0,0,0,0,0,0,0,0,0,0,0,-1.0,81092.2,-1,-1,0.15,0.15,0.65,0.65,0.65,0.65,0.967,0.0032500000000000003,0.0032500000000000003
EIC,EIC_landbasedwind_class1_moderate_5,LandbasedWind_Class1_Moderate_,5,67,1,1,0,1,0,0,0,0,1,0.8,0.0,0.0,0.0,0.0,0.0,0.0,0.0,1,1.0,0.0,54453.3,-1.0,0.0,0.0,0.0,0.0,0.0,879445.731,82536.0,36613,0.0,0,0,0.0,0.0,0.0,0.0,0.0,0.0,0.0,0.0,0.0,None,0.0,0,1.0,1.0,0.0,0.0,0.0,0.0,0.0,0.0,0.0,0.0,0.0,0,0.0,0,1.0,1.0,0,0,0.0,0.0,0.0,0.0,0.0,0.0,25719.606,1.266,30.0,0.03,0.0,0.0,0.0,0.0,0.0,0.4343009293079376,0,0,0,0,0,0,0,0,0,0,0,0,0,0,0.0,0.0,hybrid_wind,25719.606,3620.647522983481,0.0,56816.394,0,1442.5,3894.7500000000005,0.0,35170.5,0,0,1,0,0,1,0,0,1,0,0,0,0,0,0,0,0,0,0,0,-1,-1,-1,-1,-1,-1,-1,-1,-1,0,0,0,0,0,0,0,0,0,0,0,0,0,0,0,-1.0,54453.3,-1,-1,0.15,0.15,0.65,0.65,0.65,0.65,0.967,0.0032500000000000003,0.0032500000000000003
EIC,EIC_landbasedwind_class1_moderate_6,LandbasedWind_Class1_Moderate_,6,68,1,1,0,1,0,0,0,0,1,0.8,0.0,0.0,0.0,0.0,0.0,0.0,0.0,1,1.0,0.0,82417.2,-1.0,0.0,0.0,0.0,0.0,0.0,879445.731,78040.0,36613,0.0,0,0,0.0,0.0,0.0,0.0,0.0,0.0,0.0,0.0,0.0,None,0.0,0,1.0,1.0,0.0,0.0,0.0,0.0,0.0,0.0,0.0,0.0,0.0,0,0.0,0,1.0,1.0,0,0,0.0,0.0,0.0,0.0,0.0,0.0,21223.571,1.266,30.0,0.03,0.0,0.0,0.0,0.0,0.0,0.3252872824668884,0,0,0,0,0,0,0,0,0,0,0,0,0,0,0.0,0.0,hybrid_wind,21223.571,3620.647522983481,0.0,56816.429000000004,0,1442.5,3894.7500000000005,0.0,35170.5,0,0,1,0,0,1,0,0,1,0,0,0,0,0,0,0,0,0,0,0,-1,-1,-1,-1,-1,-1,-1,-1,-1,0,0,0,0,0,0,0,0,0,0,0,0,0,0,0,-1.0,82417.2,-1,-1,0.15,0.15,0.65,0.65,0.65,0.65,0.967,0.0032500000000000003,0.0032500000000000003
EIC,EIC_landbasedwind_class1_moderate_7,LandbasedWind_Class1_Moderate_,7,69,1,1,0,1,0,0,0,0,1,0.8,0.0,0.0,0.0,0.0,0.0,0.0,0.0,1,1.0,0.0,26531.1,-1.0,0.0,0.0,0.0,0.0,0.0,879445.731,89449.0,36613,0.0,0,0,0.0,0.0,0.0,0.0,0.0,0.0,0.0,0.0,0.0,None,0.0,0,1.0,1.0,0.0,0.0,0.0,0.0,0.0,0.0,0.0,0.0,0.0,0,0.0,0,1.0,1.0,0,0,0.0,0.0,0.0,0.0,0.0,0.0,32632.921,1.266,30.0,0.03,0.0,0.0,0.0,0.0,0.0,0.4051351845264435,0,0,0,0,0,0,0,0,0,0,0,0,0,0,0.0,0.0,hybrid_wind,32632.921,3620.647522983481,0.0,56816.079,0,1442.5,3894.7500000000005,0.0,35170.5,0,0,1,0,0,1,0,0,1,0,0,0,0,0,0,0,0,0,0,0,-1,-1,-1,-1,-1,-1,-1,-1,-1,0,0,0,0,0,0,0,0,0,0,0,0,0,0,0,-1.0,26531.1,-1,-1,0.15,0.15,0.65,0.65,0.65,0.65,0.967,0.0032500000000000003,0.0032500000000000003
EIC,EIC_landbasedwind_class1_moderate_8,LandbasedWind_Class1_Moderate_,8,70,1,1,0,1,0,0,0,0,1,0.8,0.0,0.0,0.0,0.0,0.0,0.0,0.0,1,1.0,0.0,58187.4,-1.0,0.0,0.0,0.0,0.0,0.0,879445.731,85343.0,36613,0.0,0,0,0.0,0.0,0.0,0.0,0.0,0.0,0.0,0.0,0.0,None,0.0,0,1.0,1.0,0.0,0.0,0.0,0.0,0.0,0.0,0.0,0.0,0.0,0,0.0,0,1.0,1.0,0,0,0.0,0.0,0.0,0.0,0.0,0.0,28526.156,1.266,30.0,0.03,0.0,0.0,0.0,0.0,0.0,0.3013126254081726,0,0,0,0,0,0,0,0,0,0,0,0,0,0,0.0,0.0,hybrid_wind,28526.156,3620.647522983481,0.0,56816.844,0,1442.5,3894.7500000000005,0.0,35170.5,0,0,1,0,0,1,0,0,1,0,0,0,0,0,0,0,0,0,0,0,-1,-1,-1,-1,-1,-1,-1,-1,-1,0,0,0,0,0,0,0,0,0,0,0,0,0,0,0,-1.0,58187.4,-1,-1,0.15,0.15,0.65,0.65,0.65,0.65,0.967,0.0032500000000000003,0.0032500000000000003
EIC,EIC_landbasedwind_class1_moderate_9,LandbasedWind_Class1_Moderate_,9,71,1,1,0,1,0,0,0,0,1,0.8,0.0,0.0,0.0,0.0,0.0,0.0,0.0,1,1.0,0.0,194921.8,-1.0,0.0,0.0,0.0,0.0,0.0,879445.731,301278.0,36613,0.0,0,0,0.0,0.0,0.0,0.0,0.0,0.0,0.0,0.0,0.0,None,0.0,0,1.0,1.0,0.0,0.0,0.0,0.0,0.0,0.0,0.0,0.0,0.0,0,0.0,0,1.0,1.0,0,0,0.0,0.0,0.0,0.0,0.0,0.0,244461.674,1.266,30.0,0.03,0.0,0.0,0.0,0.0,0.0,0.4799323976039886,0,0,0,0,0,0,0,0,0,0,0,0,0,0,0.0,0.0,hybrid_wind,244461.674,3620.647522983481,0.0,56816.326,0,1442.5,3894.7500000000005,0.0,35170.5,0,0,1,0,0,1,0,0,1,0,0,0,0,0,0,0,0,0,0,0,-1,-1,-1,-1,-1,-1,-1,-1,-1,0,0,0,0,0,0,0,0,0,0,0,0,0,0,0,-1.0,194921.8,-1,-1,0.15,0.15,0.65,0.65,0.65,0.65,0.967,0.0032500000000000003,0.0032500000000000003
EIC,EIC_utilitypv_class1_moderate_0,UtilityPV_Class1_Moderate_,0,72,1,1,0,1,0,0,0,0,1,0.8,0.0,0.0,0.0,0.0,0.0,0.0,0.0,1,1.0,0.0,1039740.8,-1.0,0.0,0.0,0.0,0.0,0.0,630556.245,39941.0,14425,0.0,0,0,0.0,0.0,0.0,0.0,0.0,0.0,0.0,0.0,0.0,None,0.0,0,1.0,1.0,0.0,0.0,0.0,0.0,0.0,0.0,0.0,0.0,0.0,0,0.0,0,1.0,1.0,0,0,0.0,0.0,0.0,0.0,0.0,0.0,8863.386,1.017,30.0,0.026,0.0,0.0,0.0,0.0,0.0,0.2651756703853607,0,0,0,0,0,0,0,0,0,0,0,0,0,0,0.0,0.0,hybrid_pv,8863.386,3620.647522983481,19313.515248369717,0.0,0,1442.5,3894.7500000000005,9087.75,0.0,0,1,0,0,0,1,0,0,1,0,0,0,0,0,0,0,0,0,0,0,-1,-1,-1,-1,-1,-1,-1,-1,-1,0,0,0,0,0,0,0,0,0,0,0,0,0,0,0,1039740.8,-1.0,-1,-1,0.15,0.15,0.65,0.65,0.65,0.65,0.967,0.0032500000000000003,0.0032500000000000003
EIC,EIC_utilitypv_class1_moderate_1,UtilityPV_Class1_Moderate_,1,73,1,1,0,1,0,0,0,0,1,0.8,0.0,0.0,0.0,0.0,0.0,0.0,0.0,1,1.0,0.0,605687.8,-1.0,0.0,0.0,0.0,0.0,0.0,630556.245,35542.0,14425,0.0,0,0,0.0,0.0,0.0,0.0,0.0,0.0,0.0,0.0,0.0,None,0.0,0,1.0,1.0,0.0,0.0,0.0,0.0,0.0,0.0,0.0,0.0,0.0,0,0.0,0,1.0,1.0,0,0,0.0,0.0,0.0,0.0,0.0,0.0,4464.156,1.017,30.0,0.026,0.0,0.0,0.0,0.0,0.0,0.2466083765029907,0,0,0,0,0,0,0,0,0,0,0,0,0,0,0.0,0.0,hybrid_pv,4464.156,3620.647522983481,19313.515248369717,0.0,0,1442.5,3894.7500000000005,9087.75,0.0,0,1,0,0,0,1,0,0,1,0,0,0,0,0,0,0,0,0,0,0,-1,-1,-1,-1,-1,-1,-1,-1,-1,0,0,0,0,0,0,0,0,0,0,0,0,0,0,0,605687.8,-1.0,-1,-1,0.15,0.15,0.65,0.65,0.65,0.65,0.967,0.0032500000000000003,0.0032500000000000003
EIC,EIC_utilitypv_class1_moderate_2,UtilityPV_Class1_Moderate_,2,74,1,1,0,1,0,0,0,0,1,0.8,0.0,0.0,0.0,0.0,0.0,0.0,0.0,1,1.0,0.0,1295064.3,-1.0,0.0,0.0,0.0,0.0,0.0,630556.245,45707.0,14425,0.0,0,0,0.0,0.0,0.0,0.0,0.0,0.0,0.0,0.0,0.0,None,0.0,0,1.0,1.0,0.0,0.0,0.0,0.0,0.0,0.0,0.0,0.0,0.0,0,0.0,0,1.0,1.0,0,0,0.0,0.0,0.0,0.0,0.0,0.0,14629.711,1.017,30.0,0.026,0.0,0.0,0.0,0.0,0.0,0.2629424631595611,0,0,0,0,0,0,0,0,0,0,0,0,0,0,0.0,0.0,hybrid_pv,14629.711,3620.647522983481,19313.515248369717,0.0,0,1442.5,3894.7500000000005,9087.75,0.0,0,1,0,0,0,1,0,0,1,0,0,0,0,0,0,0,0,0,0,0,-1,-1,-1,-1,-1,-1,-1,-1,-1,0,0,0,0,0,0,0,0,0,0,0,0,0,0,0,1295064.3,-1.0,-1,-1,0.15,0.15,0.65,0.65,0.65,0.65,0.967,0.0032500000000000003,0.0032500000000000003
EIC,EIC_utilitypv_class1_moderate_3,UtilityPV_Class1_Moderate_,3,75,1,1,0,1,0,0,0,0,1,0.8,0.0,0.0,0.0,0.0,0.0,0.0,0.0,1,1.0,0.0,883374.8,-1.0,0.0,0.0,0.0,0.0,0.0,630556.245,41203.0,14425,0.0,0,0,0.0,0.0,0.0,0.0,0.0,0.0,0.0,0.0,0.0,None,0.0,0,1.0,1.0,0.0,0.0,0.0,0.0,0.0,0.0,0.0,0.0,0.0,0,0.0,0,1.0,1.0,0,0,0.0,0.0,0.0,0.0,0.0,0.0,10125.593,1.017,30.0,0.026,0.0,0.0,0.0,0.0,0.0,0.2470176964998245,0,0,0,0,0,0,0,0,0,0,0,0,0,0,0.0,0.0,hybrid_pv,10125.593,3620.647522983481,19313.515248369717,0.0,0,1442.5,3894.7500000000005,9087.75,0.0,0,1,0,0,0,1,0,0,1,0,0,0,0,0,0,0,0,0,0,0,-1,-1,-1,-1,-1,-1,-1,-1,-1,0,0,0,0,0,0,0,0,0,0,0,0,0,0,0,883374.8,-1.0,-1,-1,0.15,0.15,0.65,0.65,0.65,0.65,0.967,0.0032500000000000003,0.0032500000000000003
EIC,EIC_utilitypv_class1_moderate_4,UtilityPV_Class1_Moderate_,4,76,1,1,0,1,0,0,0,0,1,0.8,0.0,0.0,0.0,0.0,0.0,0.0,0.0,1,1.0,0.0,1734384.6,-1.0,0.0,0.0,0.0,0.0,0.0,630556.245,47326.0,14425,0.0,0,0,0.0,0.0,0.0,0.0,0.0,0.0,0.0,0.0,0.0,None,0.0,0,1.0,1.0,0.0,0.0,0.0,0.0,0.0,0.0,0.0,0.0,0.0,0,0.0,0,1.0,1.0,0,0,0.0,0.0,0.0,0.0,0.0,0.0,16248.012,1.017,30.0,0.026,0.0,0.0,0.0,0.0,0.0,0.2507049739360809,0,0,0,0,0,0,0,0,0,0,0,0,0,0,0.0,0.0,hybrid_pv,16248.012,3620.647522983481,19313.515248369717,0.0,0,1442.5,3894.7500000000005,9087.75,0.0,0,1,0,0,0,1,0,0,1,0,0,0,0,0,0,0,0,0,0,0,-1,-1,-1,-1,-1,-1,-1,-1,-1,0,0,0,0,0,0,0,0,0,0,0,0,0,0,0,1734384.6,-1.0,-1,-1,0.15,0.15,0.65,0.65,0.65,0.65,0.967,0.0032500000000000003,0.0032500000000000003
EIC,EIC_utilitypv_class1_moderate_5,UtilityPV_Class1_Moderate_,5,77,1,1,0,1,0,0,0,0,1,0.8,0.0,0.0,0.0,0.0,0.0,0.0,0.0,1,1.0,0.0,676453.5,-1.0,0.0,0.0,0.0,0.0,0.0,630556.245,53903.0,14425,0.0,0,0,0.0,0.0,0.0,0.0,0.0,0.0,0.0,0.0,0.0,None,0.0,0,1.0,1.0,0.0,0.0,0.0,0.0,0.0,0.0,0.0,0.0,0.0,0,0.0,0,1.0,1.0,0,0,0.0,0.0,0.0,0.0,0.0,0.0,22825.004,1.017,30.0,0.026,0.0,0.0,0.0,0.0,0.0,0.2681180536746979,0,0,0,0,0,0,0,0,0,0,0,0,0,0,0.0,0.0,hybrid_pv,22825.004,3620.647522983481,19313.515248369717,0.0,0,1442.5,3894.7500000000005,9087.75,0.0,0,1,0,0,0,1,0,0,1,0,0,0,0,0,0,0,0,0,0,0,-1,-1,-1,-1,-1,-1,-1,-1,-1,0,0,0,0,0,0,0,0,0,0,0,0,0,0,0,676453.5,-1.0,-1,-1,0.15,0.15,0.65,0.65,0.65,0.65,0.967,0.0032500000000000003,0.0032500000000000003
EIC,EIC_utilitypv_class1_moderate_6,UtilityPV_Class1_Moderate_,6,78,1,1,0,1,0,0,0,0,1,0.8,0.0,0.0,0.0,0.0,0.0,0.0,0.0,1,1.0,0.0,1537561.5,-1.0,0.0,0.0,0.0,0.0,0.0,630556.245,55643.0,14425,0.0,0,0,0.0,0.0,0.0,0.0,0.0,0.0,0.0,0.0,0.0,None,0.0,0,1.0,1.0,0.0,0.0,0.0,0.0,0.0,0.0,0.0,0.0,0.0,0,0.0,0,1.0,1.0,0,0,0.0,0.0,0.0,0.0,0.0,0.0,24565.988,1.017,30.0,0.026,0.0,0.0,0.0,0.0,0.0,0.2581669390201568,0,0,0,0,0,0,0,0,0,0,0,0,0,0,0.0,0.0,hybrid_pv,24565.988,3620.647522983481,19313.515248369717,0.0,0,1442.5,3894.7500000000005,9087.75,0.0,0,1,0,0,0,1,0,0,1,0,0,0,0,0,0,0,0,0,0,0,-1,-1,-1,-1,-1,-1,-1,-1,-1,0,0,0,0,0,0,0,0,0,0,0,0,0,0,0,1537561.5,-1.0,-1,-1,0.15,0.15,0.65,0.65,0.65,0.65,0.967,0.0032500000000000003,0.0032500000000000003
EIC,EIC_utilitypv_class1_moderate_7,UtilityPV_Class1_Moderate_,7,79,1,1,0,1,0,0,0,0,1,0.8,0.0,0.0,0.0,0.0,0.0,0.0,0.0,1,1.0,0.0,864125.3,-1.0,0.0,0.0,0.0,0.0,0.0,630556.245,52258.0,14425,0.0,0,0,0.0,0.0,0.0,0.0,0.0,0.0,0.0,0.0,0.0,None,0.0,0,1.0,1.0,0.0,0.0,0.0,0.0,0.0,0.0,0.0,0.0,0.0,0,0.0,0,1.0,1.0,0,0,0.0,0.0,0.0,0.0,0.0,0.0,21180.786,1.017,30.0,0.026,0.0,0.0,0.0,0.0,0.0,0.2454592734575271,0,0,0,0,0,0,0,0,0,0,0,0,0,0,0.0,0.0,hybrid_pv,21180.786,3620.647522983481,19313.515248369717,0.0,0,1442.5,3894.7500000000005,9087.75,0.0,0,1,0,0,0,1,0,0,1,0,0,0,0,0,0,0,0,0,0,0,-1,-1,-1,-1,-1,-1,-1,-1,-1,0,0,0,0,0,0,0,0,0,0,0,0,0,0,0,864125.3,-1.0,-1,-1,0.15,0.15,0.65,0.65,0.65,0.65,0.967,0.0032500000000000003,0.0032500000000000003
EIC,EIC_utilitypv_class1_moderate_8,UtilityPV_Class1_Moderate_,8,80,1,1,0,1,0,0,0,0,1,0.8,0.0,0.0,0.0,0.0,0.0,0.0,0.0,1,1.0,0.0,1924213.8,-1.0,0.0,0.0,0.0,0.0,0.0,630556.245,63492.0,14425,0.0,0,0,0.0,0.0,0.0,0.0,0.0,0.0,0.0,0.0,0.0,None,0.0,0,1.0,1.0,0.0,0.0,0.0,0.0,0.0,0.0,0.0,0.0,0.0,0,0.0,0,1.0,1.0,0,0,0.0,0.0,0.0,0.0,0.0,0.0,32414.229,1.017,30.0,0.026,0.0,0.0,0.0,0.0,0.0,0.2478771954774856,0,0,0,0,0,0,0,0,0,0,0,0,0,0,0.0,0.0,hybrid_pv,32414.229,3620.647522983481,19313.515248369717,0.0,0,1442.5,3894.7500000000005,9087.75,0.0,0,1,0,0,0,1,0,0,1,0,0,0,0,0,0,0,0,0,0,0,-1,-1,-1,-1,-1,-1,-1,-1,-1,0,0,0,0,0,0,0,0,0,0,0,0,0,0,0,1924213.8,-1.0,-1,-1,0.15,0.15,0.65,0.65,0.65,0.65,0.967,0.0032500000000000003,0.0032500000000000003
EIC,EIC_utilitypv_class1_moderate_9,UtilityPV_Class1_Moderate_,9,81,1,1,0,1,0,0,0,0,1,0.8,0.0,0.0,0.0,0.0,0.0,0.0,0.0,1,1.0,0.0,251138.0,-1.0,0.0,0.0,0.0,0.0,0.0,630556.245,179746.0,14425,0.0,0,0,0.0,0.0,0.0,0.0,0.0,0.0,0.0,0.0,0.0,None,0.0,0,1.0,1.0,0.0,0.0,0.0,0.0,0.0,0.0,0.0,0.0,0.0,0,0.0,0,1.0,1.0,0,0,0.0,0.0,0.0,0.0,0.0,0.0,148668.665,1.017,30.0,0.026,0.0,0.0,0.0,0.0,0.0,0.2701950669288635,0,0,0,0,0,0,0,0,0,0,0,0,0,0,0.0,0.0,hybrid_pv,148668.665,3620.647522983481,19313.515248369717,0.0,0,1442.5,3894.7500000000005,9087.75,0.0,0,1,0,0,0,1,0,0,1,0,0,0,0,0,0,0,0,0,0,0,-1,-1,-1,-1,-1,-1,-1,-1,-1,0,0,0,0,0,0,0,0,0,0,0,0,0,0,0,251138.0,-1.0,-1,-1,0.15,0.15,0.65,0.65,0.65,0.65,0.967,0.0032500000000000003,0.0032500000000000003
TRE,TRE_storage_metalair_advanced_0,Storage_MetalAir_Advanced,0,127,2,0,0,0,0,1,0,0,1,0.0,0.0,0.0,0.0,0.0,0.0,0.0,0.0,1,1.0,-1.0,-1.0,-1.0,0.0,-1.0,-1.0,0.0,0.0,0.0,0.0,0,0.0,0,0,0.0,0.0,0.0,0.0,0.0,0.0,0.0,0.0,0.0,None,0.0,0,0.65,0.65,0.0,200.0,200.0,0.0,0.0,0.0,0.0,0.0,0.0,0,0.0,0,1.0,1.0,0,0,0.0,0.0,0.0,0.0,0.0,0.0,0.0,1.0,25.0,0.026,0.0,0.0,0.0,0.0,0.0,0.0,0,0,0,0,0,0,0,0,0,0,0,0,0,0,0.95,0.0,standalone_storage,2560.0,3515.191769886874,0.0,0.0,0,1442.5,3894.7500000000005,0.0,0.0,0,0,0,1,1,0,1,0,0,1,0,0,0,0,0,0,0,0,0,0,-1,-1,-1,-1,-1,-1,-1,-1,-1,0,0,0,0,0,0,0,0,0,0,0,0,0,0,0,-1.0,-1.0,-1,-1,0.15,0.15,0.65,0.65,0.65,0.65,0.967,0.0032500000000000003,0.0032500000000000003
TRE,TRE_landbasedwind_class1_moderate_0,LandbasedWind_Class1_Moderate_,0,128,2,1,0,1,0,0,0,0,1,0.0,0.0,0.0,0.0,0.0,0.0,0.0,0.0,1,1.0,0.0,20796.6,-1.0,0.0,0.0,0.0,0.0,0.0,879445.731,56273.0,36613,0.0,0,0,0.0,0.0,0.0,0.0,0.0,0.0,0.0,0.0,0.0,None,0.0,0,1.0,1.0,0.0,0.0,0.0,0.0,0.0,0.0,0.0,0.0,0.0,0,0.0,0,1.0,1.0,0,0,0.0,0.0,0.0,0.0,0.0,0.0,14392.776,0.933,30.0,0.03,0.0,0.0,0.0,0.0,0.0,0.4687584936618805,0,0,0,0,0,0,0,0,0,0,0,0,0,0,0.8,0.0,hybrid_wind,14392.776,3515.191769886874,0.0,41880.224,0,1442.5,3894.7500000000005,0.0,35170.5,0,0,1,0,0,0,1,0,0,1,0,0,0,0,0,0,0,0,0,0,-1,-1,-1,-1,-1,-1,-1,-1,-1,0,0,0,0,0,0,0,0,0,0,0,0,0,0,0,-1.0,20796.6,-1,-1,0.15,0.15,0.65,0.65,0.65,0.65,0.967,0.0032500000000000003,0.0032500000000000003
TRE,TRE_landbasedwind_class1_moderate_1,LandbasedWind_Class1_Moderate_,1,129,2,1,0,1,0,0,0,0,1,0.0,0.0,0.0,0.0,0.0,0.0,0.0,0.0,1,1.0,0.0,27529.5,-1.0,0.0,0.0,0.0,0.0,0.0,879445.731,62178.0,36613,0.0,0,0,0.0,0.0,0.0,0.0,0.0,0.0,0.0,0.0,0.0,None,0.0,0,1.0,1.0,0.0,0.0,0.0,0.0,0.0,0.0,0.0,0.0,0.0,0,0.0,0,1.0,1.0,0,0,0.0,0.0,0.0,0.0,0.0,0.0,20297.809,0.933,30.0,0.03,0.0,0.0,0.0,0.0,0.0,0.5088496804237366,0,0,0,0,0,0,0,0,0,0,0,0,0,0,0.8,0.0,hybrid_wind,20297.809,3515.191769886874,0.0,41880.191,0,1442.5,3894.7500000000005,0.0,35170.5,0,0,1,0,0,0,1,0,0,1,0,0,0,0,0,0,0,0,0,0,-1,-1,-1,-1,-1,-1,-1,-1,-1,0,0,0,0,0,0,0,0,0,0,0,0,0,0,0,-1.0,27529.5,-1,-1,0.15,0.15,0.65,0.65,0.65,0.65,0.967,0.0032500000000000003,0.0032500000000000003
TRE,TRE_landbasedwind_class1_moderate_2,LandbasedWind_Class1_Moderate_,2,130,2,1,0,1,0,0,0,0,1,0.0,0.0,0.0,0.0,0.0,0.0,0.0,0.0,1,1.0,0.0,22035.5,-1.0,0.0,0.0,0.0,0.0,0.0,879445.731,56636.0,36613,0.0,0,0,0.0,0.0,0.0,0.0,0.0,0.0,0.0,0.0,0.0,None,0.0,0,1.0,1.0,0.0,0.0,0.0,0.0,0.0,0.0,0.0,0.0,0.0,0,0.0,0,1.0,1.0,0,0,0.0,0.0,0.0,0.0,0.0,0.0,14755.103,0.933,30.0,0.03,0.0,0.0,0.0,0.0,0.0,0.4285815358161926,0,0,0,0,0,0,0,0,0,0,0,0,0,0,0.8,0.0,hybrid_wind,14755.103,3515.191769886874,0.0,41880.897,0,1442.5,3894.7500000000005,0.0,35170.5,0,0,1,0,0,0,1,0,0,1,0,0,0,0,0,0,0,0,0,0,-1,-1,-1,-1,-1,-1,-1,-1,-1,0,0,0,0,0,0,0,0,0,0,0,0,0,0,0,-1.0,22035.5,-1,-1,0.15,0.15,0.65,0.65,0.65,0.65,0.967,0.0032500000000000003,0.0032500000000000003
TRE,TRE_landbasedwind_class1_moderate_3,LandbasedWind_Class1_Moderate_,3,131,2,1,0,1,0,0,0,0,1,0.0,0.0,0.0,0.0,0.0,0.0,0.0,0.0,1,1.0,0.0,22639.4,-1.0,0.0,0.0,0.0,0.0,0.0,879445.731,65511.0,36613,0.0,0,0,0.0,0.0,0.0,0.0,0.0,0.0,0.0,0.0,0.0,None,0.0,0,1.0,1.0,0.0,0.0,0.0,0.0,0.0,0.0,0.0,0.0,0.0,0,0.0,0,1.0,1.0,0,0,0.0,0.0,0.0,0.0,0.0,0.0,23630.35,0.933,30.0,0.03,0.0,0.0,0.0,0.0,0.0,0.4637539088726043,0,0,0,0,0,0,0,0,0,0,0,0,0,0,0.8,0.0,hybrid_wind,23630.35,3515.191769886874,0.0,41880.65,0,1442.5,3894.7500000000005,0.0,35170.5,0,0,1,0,0,0,1,0,0,1,0,0,0,0,0,0,0,0,0,0,-1,-1,-1,-1,-1,-1,-1,-1,-1,0,0,0,0,0,0,0,0,0,0,0,0,0,0,0,-1.0,22639.4,-1,-1,0.15,0.15,0.65,0.65,0.65,0.65,0.967,0.0032500000000000003,0.0032500000000000003
TRE,TRE_landbasedwind_class1_moderate_4,LandbasedWind_Class1_Moderate_,4,132,2,1,0,1,0,0,0,0,1,0.0,0.0,0.0,0.0,0.0,0.0,0.0,0.0,1,1.0,0.0,21021.7,-1.0,0.0,0.0,0.0,0.0,0.0,879445.731,54379.0,36613,0.0,0,0,0.0,0.0,0.0,0.0,0.0,0.0,0.0,0.0,0.0,None,0.0,0,1.0,1.0,0.0,0.0,0.0,0.0,0.0,0.0,0.0,0.0,0.0,0,0.0,0,1.0,1.0,0,0,0.0,0.0,0.0,0.0,0.0,0.0,12498.46,0.933,30.0,0.03,0.0,0.0,0.0,0.0,0.0,0.3935146629810333,0,0,0,0,0,0,0,0,0,0,0,0,0,0,0.8,0.0,hybrid_wind,12498.46,3515.191769886874,0.0,41880.54,0,1442.5,3894.7500000000005,0.0,35170.5,0,0,1,0,0,0,1,0,0,1,0,0,0,0,0,0,0,0,0,0,-1,-1,-1,-1,-1,-1,-1,-1,-1,0,0,0,0,0,0,0,0,0,0,0,0,0,0,0,-1.0,21021.7,-1,-1,0.15,0.15,0.65,0.65,0.65,0.65,0.967,0.0032500000000000003,0.0032500000000000003
TRE,TRE_landbasedwind_class1_moderate_5,LandbasedWind_Class1_Moderate_,5,133,2,1,0,1,0,0,0,0,1,0.0,0.0,0.0,0.0,0.0,0.0,0.0,0.0,1,1.0,0.0,21153.5,-1.0,0.0,0.0,0.0,0.0,0.0,879445.731,65668.0,36613,0.0,0,0,0.0,0.0,0.0,0.0,0.0,0.0,0.0,0.0,0.0,None,0.0,0,1.0,1.0,0.0,0.0,0.0,0.0,0.0,0.0,0.0,0.0,0.0,0,0.0,0,1.0,1.0,0,0,0.0,0.0,0.0,0.0,0.0,0.0,23787.558,0.933,30.0,0.03,0.0,0.0,0.0,0.0,0.0,0.4314826428890228,0,0,0,0,0,0,0,0,0,0,0,0,0,0,0.8,0.0,hybrid_wind,23787.558,3515.191769886874,0.0,41880.441999999995,0,1442.5,3894.7500000000005,0.0,35170.5,0,0,1,0,0,0,1,0,0,1,0,0,0,0,0,0,0,0,0,0,-1,-1,-1,-1,-1,-1,-1,-1,-1,0,0,0,0,0,0,0,0,0,0,0,0,0,0,0,-1.0,21153.5,-1,-1,0.15,0.15,0.65,0.65,0.65,0.65,0.967,0.0032500000000000003,0.0032500000000000003
TRE,TRE_landbasedwind_class1_moderate_6,LandbasedWind_Class1_Moderate_,6,134,2,1,0,1,0,0,0,0,1,0.0,0.0,0.0,0.0,0.0,0.0,0.0,0.0,1,1.0,0.0,32345.3,-1.0,0.0,0.0,0.0,0.0,0.0,879445.731,57514.0,36613,0.0,0,0,0.0,0.0,0.0,0.0,0.0,0.0,0.0,0.0,0.0,None,0.0,0,1.0,1.0,0.0,0.0,0.0,0.0,0.0,0.0,0.0,0.0,0.0,0,0.0,0,1.0,1.0,0,0,0.0,0.0,0.0,0.0,0.0,0.0,15633.08,0.933,30.0,0.03,0.0,0.0,0.0,0.0,0.0,0.3774875700473785,0,0,0,0,0,0,0,0,0,0,0,0,0,0,0.8,0.0,hybrid_wind,15633.08,3515.191769886874,0.0,41880.92,0,1442.5,3894.7500000000005,0.0,35170.5,0,0,1,0,0,0,1,0,0,1,0,0,0,0,0,0,0,0,0,0,-1,-1,-1,-1,-1,-1,-1,-1,-1,0,0,0,0,0,0,0,0,0,0,0,0,0,0,0,-1.0,32345.3,-1,-1,0.15,0.15,0.65,0.65,0.65,0.65,0.967,0.0032500000000000003,0.0032500000000000003
TRE,TRE_landbasedwind_class1_moderate_7,LandbasedWind_Class1_Moderate_,7,135,2,1,0,1,0,0,0,0,1,0.0,0.0,0.0,0.0,0.0,0.0,0.0,0.0,1,1.0,0.0,12398.9,-1.0,0.0,0.0,0.0,0.0,0.0,879445.731,70901.0,36613,0.0,0,0,0.0,0.0,0.0,0.0,0.0,0.0,0.0,0.0,0.0,None,0.0,0,1.0,1.0,0.0,0.0,0.0,0.0,0.0,0.0,0.0,0.0,0.0,0,0.0,0,1.0,1.0,0,0,0.0,0.0,0.0,0.0,0.0,0.0,29020.777,0.933,30.0,0.03,0.0,0.0,0.0,0.0,0.0,0.4186038076877594,0,0,0,0,0,0,0,0,0,0,0,0,0,0,0.8,0.0,hybrid_wind,29020.777,3515.191769886874,0.0,41880.223,0,1442.5,3894.7500000000005,0.0,35170.5,0,0,1,0,0,0,1,0,0,1,0,0,0,0,0,0,0,0,0,0,-1,-1,-1,-1,-1,-1,-1,-1,-1,0,0,0,0,0,0,0,0,0,0,0,0,0,0,0,-1.0,12398.9,-1,-1,0.15,0.15,0.65,0.65,0.65,0.65,0.967,0.0032500000000000003,0.0032500000000000003
TRE,TRE_landbasedwind_class1_moderate_8,LandbasedWind_Class1_Moderate_,8,136,2,1,0,1,0,0,0,0,1,0.0,0.0,0.0,0.0,0.0,0.0,0.0,0.0,1,1.0,0.0,34789.4,-1.0,0.0,0.0,0.0,0.0,0.0,879445.731,82777.0,36613,0.0,0,0,0.0,0.0,0.0,0.0,0.0,0.0,0.0,0.0,0.0,None,0.0,0,1.0,1.0,0.0,0.0,0.0,0.0,0.0,0.0,0.0,0.0,0.0,0,0.0,0,1.0,1.0,0,0,0.0,0.0,0.0,0.0,0.0,0.0,40896.604,0.933,30.0,0.03,0.0,0.0,0.0,0.0,0.0,0.3500264883041382,0,0,0,0,0,0,0,0,0,0,0,0,0,0,0.8,0.0,hybrid_wind,40896.604,3515.191769886874,0.0,41880.396,0,1442.5,3894.7500000000005,0.0,35170.5,0,0,1,0,0,0,1,0,0,1,0,0,0,0,0,0,0,0,0,0,-1,-1,-1,-1,-1,-1,-1,-1,-1,0,0,0,0,0,0,0,0,0,0,0,0,0,0,0,-1.0,34789.4,-1,-1,0.15,0.15,0.65,0.65,0.65,0.65,0.967,0.0032500000000000003,0.0032500000000000003
TRE,TRE_landbasedwind_class1_moderate_9,LandbasedWind_Class1_Moderate_,9,137,2,1,0,1,0,0,0,0,1,0.0,0.0,0.0,0.0,0.0,0.0,0.0,0.0,1,1.0,0.0,2448.4,-1.0,0.0,0.0,0.0,0.0,0.0,879445.731,188593.0,36613,0.0,0,0,0.0,0.0,0.0,0.0,0.0,0.0,0.0,0.0,0.0,None,0.0,0,1.0,1.0,0.0,0.0,0.0,0.0,0.0,0.0,0.0,0.0,0.0,0,0.0,0,1.0,1.0,0,0,0.0,0.0,0.0,0.0,0.0,0.0,146712.274,0.933,30.0,0.03,0.0,0.0,0.0,0.0,0.0,0.4897167980670929,0,0,0,0,0,0,0,0,0,0,0,0,0,0,0.8,0.0,hybrid_wind,146712.274,3515.191769886874,0.0,41880.725999999995,0,1442.5,3894.7500000000005,0.0,35170.5,0,0,1,0,0,0,1,0,0,1,0,0,0,0,0,0,0,0,0,0,-1,-1,-1,-1,-1,-1,-1,-1,-1,0,0,0,0,0,0,0,0,0,0,0,0,0,0,0,-1.0,2448.4,-1,-1,0.15,0.15,0.65,0.65,0.65,0.65,0.967,0.0032500000000000003,0.0032500000000000003
TRE,TRE_utilitypv_class1_moderate_0,UtilityPV_Class1_Moderate_,0,138,2,1,0,1,0,0,0,0,1,0.0,0.0,0.0,0.0,0.0,0.0,0.0,0.0,1,1.0,0.0,192089.7,-1.0,0.0,0.0,0.0,0.0,0.0,630556.245,35998.0,14425,0.0,0,0,0.0,0.0,0.0,0.0,0.0,0.0,0.0,0.0,0.0,None,0.0,0,1.0,1.0,0.0,0.0,0.0,0.0,0.0,0.0,0.0,0.0,0.0,0,0.0,0,1.0,1.0,0,0,0.0,0.0,0.0,0.0,0.0,0.0,6412.182,0.968,30.0,0.026,0.0,0.0,0.0,0.0,0.0,0.2542782127857208,0,0,0,0,0,0,0,0,0,0,0,0,0,0,0.8,0.0,hybrid_pv,6412.182,3515.191769886874,18382.972232469896,0.0,0,1442.5,3894.7500000000005,9087.75,0.0,0,1,0,0,0,0,1,0,0,1,0,0,0,0,0,0,0,0,0,0,-1,-1,-1,-1,-1,-1,-1,-1,-1,0,0,0,0,0,0,0,0,0,0,0,0,0,0,0,192089.7,-1.0,-1,-1,0.15,0.15,0.65,0.65,0.65,0.65,0.967,0.0032500000000000003,0.0032500000000000003
TRE,TRE_utilitypv_class1_moderate_1,UtilityPV_Class1_Moderate_,1,139,2,1,0,1,0,0,0,0,1,0.0,0.0,0.0,0.0,0.0,0.0,0.0,0.0,1,1.0,0.0,115808.1,-1.0,0.0,0.0,0.0,0.0,0.0,630556.245,38046.0,14425,0.0,0,0,0.0,0.0,0.0,0.0,0.0,0.0,0.0,0.0,0.0,None,0.0,0,1.0,1.0,0.0,0.0,0.0,0.0,0.0,0.0,0.0,0.0,0.0,0,0.0,0,1.0,1.0,0,0,0.0,0.0,0.0,0.0,0.0,0.0,8460.982,0.968,30.0,0.026,0.0,0.0,0.0,0.0,0.0,0.2625688016414642,0,0,0,0,0,0,0,0,0,0,0,0,0,0,0.8,0.0,hybrid_pv,8460.982,3515.191769886874,18382.972232469896,0.0,0,1442.5,3894.7500000000005,9087.75,0.0,0,1,0,0,0,0,1,0,0,1,0,0,0,0,0,0,0,0,0,0,-1,-1,-1,-1,-1,-1,-1,-1,-1,0,0,0,0,0,0,0,0,0,0,0,0,0,0,0,115808.1,-1.0,-1,-1,0.15,0.15,0.65,0.65,0.65,0.65,0.967,0.0032500000000000003,0.0032500000000000003
TRE,TRE_utilitypv_class1_moderate_2,UtilityPV_Class1_Moderate_,2,140,2,1,0,1,0,0,0,0,1,0.0,0.0,0.0,0.0,0.0,0.0,0.0,0.0,1,1.0,0.0,261713.6,-1.0,0.0,0.0,0.0,0.0,0.0,630556.245,40064.0,14425,0.0,0,0,0.0,0.0,0.0,0.0,0.0,0.0,0.0,0.0,0.0,None,0.0,0,1.0,1.0,0.0,0.0,0.0,0.0,0.0,0.0,0.0,0.0,0.0,0,0.0,0,1.0,1.0,0,0,0.0,0.0,0.0,0.0,0.0,0.0,10478.698,0.968,30.0,0.026,0.0,0.0,0.0,0.0,0.0,0.2526878416538238,0,0,0,0,0,0,0,0,0,0,0,0,0,0,0.8,0.0,hybrid_pv,10478.698,3515.191769886874,18382.972232469896,0.0,0,1442.5,3894.7500000000005,9087.75,0.0,0,1,0,0,0,0,1,0,0,1,0,0,0,0,0,0,0,0,0,0,-1,-1,-1,-1,-1,-1,-1,-1,-1,0,0,0,0,0,0,0,0,0,0,0,0,0,0,0,261713.6,-1.0,-1,-1,0.15,0.15,0.65,0.65,0.65,0.65,0.967,0.0032500000000000003,0.0032500000000000003
TRE,TRE_utilitypv_class1_moderate_3,UtilityPV_Class1_Moderate_,3,141,2,1,0,1,0,0,0,0,1,0.0,0.0,0.0,0.0,0.0,0.0,0.0,0.0,1,1.0,0.0,179130.4,-1.0,0.0,0.0,0.0,0.0,0.0,630556.245,43689.0,14425,0.0,0,0,0.0,0.0,0.0,0.0,0.0,0.0,0.0,0.0,0.0,None,0.0,0,1.0,1.0,0.0,0.0,0.0,0.0,0.0,0.0,0.0,0.0,0.0,0,0.0,0,1.0,1.0,0,0,0.0,0.0,0.0,0.0,0.0,0.0,14103.154,0.968,30.0,0.026,0.0,0.0,0.0,0.0,0.0,0.2643336355686188,0,0,0,0,0,0,0,0,0,0,0,0,0,0,0.8,0.0,hybrid_pv,14103.154,3515.191769886874,18382.972232469896,0.0,0,1442.5,3894.7500000000005,9087.75,0.0,0,1,0,0,0,0,1,0,0,1,0,0,0,0,0,0,0,0,0,0,-1,-1,-1,-1,-1,-1,-1,-1,-1,0,0,0,0,0,0,0,0,0,0,0,0,0,0,0,179130.4,-1.0,-1,-1,0.15,0.15,0.65,0.65,0.65,0.65,0.967,0.0032500000000000003,0.0032500000000000003
TRE,TRE_utilitypv_class1_moderate_4,UtilityPV_Class1_Moderate_,4,142,2,1,0,1,0,0,0,0,1,0.0,0.0,0.0,0.0,0.0,0.0,0.0,0.0,1,1.0,0.0,315110.9,-1.0,0.0,0.0,0.0,0.0,0.0,630556.245,43810.0,14425,0.0,0,0,0.0,0.0,0.0,0.0,0.0,0.0,0.0,0.0,0.0,None,0.0,0,1.0,1.0,0.0,0.0,0.0,0.0,0.0,0.0,0.0,0.0,0.0,0,0.0,0,1.0,1.0,0,0,0.0,0.0,0.0,0.0,0.0,0.0,14224.435,0.968,30.0,0.026,0.0,0.0,0.0,0.0,0.0,0.253560721874237,0,0,0,0,0,0,0,0,0,0,0,0,0,0,0.8,0.0,hybrid_pv,14224.435,3515.191769886874,18382.972232469896,0.0,0,1442.5,3894.7500000000005,9087.75,0.0,0,1,0,0,0,0,1,0,0,1,0,0,0,0,0,0,0,0,0,0,-1,-1,-1,-1,-1,-1,-1,-1,-1,0,0,0,0,0,0,0,0,0,0,0,0,0,0,0,315110.9,-1.0,-1,-1,0.15,0.15,0.65,0.65,0.65,0.65,0.967,0.0032500000000000003,0.0032500000000000003
TRE,TRE_utilitypv_class1_moderate_5,UtilityPV_Class1_Moderate_,5,143,2,1,0,1,0,0,0,0,1,0.0,0.0,0.0,0.0,0.0,0.0,0.0,0.0,1,1.0,0.0,173059.9,-1.0,0.0,0.0,0.0,0.0,0.0,630556.245,48125.0,14425,0.0,0,0,0.0,0.0,0.0,0.0,0.0,0.0,0.0,0.0,0.0,None,0.0,0,1.0,1.0,0.0,0.0,0.0,0.0,0.0,0.0,0.0,0.0,0.0,0,0.0,0,1.0,1.0,0,0,0.0,0.0,0.0,0.0,0.0,0.0,18539.404,0.968,30.0,0.026,0.0,0.0,0.0,0.0,0.0,0.2672637403011322,0,0,0,0,0,0,0,0,0,0,0,0,0,0,0.8,0.0,hybrid_pv,18539.404,3515.191769886874,18382.972232469896,0.0,0,1442.5,3894.7500000000005,9087.75,0.0,0,1,0,0,0,0,1,0,0,1,0,0,0,0,0,0,0,0,0,0,-1,-1,-1,-1,-1,-1,-1,-1,-1,0,0,0,0,0,0,0,0,0,0,0,0,0,0,0,173059.9,-1.0,-1,-1,0.15,0.15,0.65,0.65,0.65,0.65,0.967,0.0032500000000000003,0.0032500000000000003
TRE,TRE_utilitypv_class1_moderate_6,UtilityPV_Class1_Moderate_,6,144,2,1,0,1,0,0,0,0,1,0.0,0.0,0.0,0.0,0.0,0.0,0.0,0.0,1,1.0,0.0,302395.3,-1.0,0.0,0.0,0.0,0.0,0.0,630556.245,51910.0,14425,0.0,0,0,0.0,0.0,0.0,0.0,0.0,0.0,0.0,0.0,0.0,None,0.0,0,1.0,1.0,0.0,0.0,0.0,0.0,0.0,0.0,0.0,0.0,0.0,0,0.0,0,1.0,1.0,0,0,0.0,0.0,0.0,0.0,0.0,0.0,22324.625,0.968,30.0,0.026,0.0,0.0,0.0,0.0,0.0,0.2655519843101501,0,0,0,0,0,0,0,0,0,0,0,0,0,0,0.8,0.0,hybrid_pv,22324.625,3515.191769886874,18382.972232469896,0.0,0,1442.5,3894.7500000000005,9087.75,0.0,0,1,0,0,0,0,1,0,0,1,0,0,0,0,0,0,0,0,0,0,-1,-1,-1,-1,-1,-1,-1,-1,-1,0,0,0,0,0,0,0,0,0,0,0,0,0,0,0,302395.3,-1.0,-1,-1,0.15,0.15,0.65,0.65,0.65,0.65,0.967,0.0032500000000000003,0.0032500000000000003
TRE,TRE_utilitypv_class1_moderate_7,UtilityPV_Class1_Moderate_,7,145,2,1,0,1,0,0,0,0,1,0.0,0.0,0.0,0.0,0.0,0.0,0.0,0.0,1,1.0,0.0,191219.9,-1.0,0.0,0.0,0.0,0.0,0.0,630556.245,47049.0,14425,0.0,0,0,0.0,0.0,0.0,0.0,0.0,0.0,0.0,0.0,0.0,None,0.0,0,1.0,1.0,0.0,0.0,0.0,0.0,0.0,0.0,0.0,0.0,0.0,0,0.0,0,1.0,1.0,0,0,0.0,0.0,0.0,0.0,0.0,0.0,17463.888,0.968,30.0,0.026,0.0,0.0,0.0,0.0,0.0,0.2511544227600097,0,0,0,0,0,0,0,0,0,0,0,0,0,0,0.8,0.0,hybrid_pv,17463.888,3515.191769886874,18382.972232469896,0.0,0,1442.5,3894.7500000000005,9087.75,0.0,0,1,0,0,0,0,1,0,0,1,0,0,0,0,0,0,0,0,0,0,-1,-1,-1,-1,-1,-1,-1,-1,-1,0,0,0,0,0,0,0,0,0,0,0,0,0,0,0,191219.9,-1.0,-1,-1,0.15,0.15,0.65,0.65,0.65,0.65,0.967,0.0032500000000000003,0.0032500000000000003
TRE,TRE_utilitypv_class1_moderate_8,UtilityPV_Class1_Moderate_,8,146,2,1,0,1,0,0,0,0,1,0.0,0.0,0.0,0.0,0.0,0.0,0.0,0.0,1,1.0,0.0,95651.6,-1.0,0.0,0.0,0.0,0.0,0.0,630556.245,104307.0,14425,0.0,0,0,0.0,0.0,0.0,0.0,0.0,0.0,0.0,0.0,0.0,None,0.0,0,1.0,1.0,0.0,0.0,0.0,0.0,0.0,0.0,0.0,0.0,0.0,0,0.0,0,1.0,1.0,0,0,0.0,0.0,0.0,0.0,0.0,0.0,74721.211,0.968,30.0,0.026,0.0,0.0,0.0,0.0,0.0,0.2765228152275085,0,0,0,0,0,0,0,0,0,0,0,0,0,0,0.8,0.0,hybrid_pv,74721.211,3515.191769886874,18382.972232469896,0.0,0,1442.5,3894.7500000000005,9087.75,0.0,0,1,0,0,0,0,1,0,0,1,0,0,0,0,0,0,0,0,0,0,-1,-1,-1,-1,-1,-1,-1,-1,-1,0,0,0,0,0,0,0,0,0,0,0,0,0,0,0,95651.6,-1.0,-1,-1,0.15,0.15,0.65,0.65,0.65,0.65,0.967,0.0032500000000000003,0.0032500000000000003
TRE,TRE_utilitypv_class1_moderate_9,UtilityPV_Class1_Moderate_,9,147,2,1,0,1,0,0,0,0,1,0.0,0.0,0.0,0.0,0.0,0.0,0.0,0.0,1,1.0,0.0,367505.3,-1.0,0.0,0.0,0.0,0.0,0.0,630556.245,59168.0,14425,0.0,0,0,0.0,0.0,0.0,0.0,0.0,0.0,0.0,0.0,0.0,None,0.0,0,1.0,1.0,0.0,0.0,0.0,0.0,0.0,0.0,0.0,0.0,0.0,0,0.0,0,1.0,1.0,0,0,0.0,0.0,0.0,0.0,0.0,0.0,29582.346,0.968,30.0,0.026,0.0,0.0,0.0,0.0,0.0,0.2526191473007202,0,0,0,0,0,0,0,0,0,0,0,0,0,0,0.8,0.0,hybrid_pv,29582.346,3515.191769886874,18382.972232469896,0.0,0,1442.5,3894.7500000000005,9087.75,0.0,0,1,0,0,0,0,1,0,0,1,0,0,0,0,0,0,0,0,0,0,-1,-1,-1,-1,-1,-1,-1,-1,-1,0,0,0,0,0,0,0,0,0,0,0,0,0,0,0,367505.3,-1.0,-1,-1,0.15,0.15,0.65,0.65,0.65,0.65,0.967,0.0032500000000000003,0.0032500000000000003
WECC,WECC_storage_metalair_advanced_0,Storage_MetalAir_Advanced,0,193,3,0,0,0,0,1,0,0,1,0.0,0.0,0.0,0.0,0.0,0.0,0.0,0.0,1,1.0,-1.0,-1.0,-1.0,0.0,-1.0,-1.0,0.0,0.0,0.0,0.0,0,0.0,0,0,0.0,0.0,0.0,0.0,0.0,0.0,0.0,0.0,0.0,None,0.0,0,0.65,0.65,0.0,200.0,200.0,0.0,0.0,0.0,0.0,0.0,0.0,0,0.0,0,1.0,1.0,0,0,0.0,0.0,0.0,0.0,0.0,0.0,0.0,1.042,25.0,0.026,0.0,0.0,0.0,0.0,0.0,0.0,0,0,0,0,0,0,0,0,0,0,0,0,0,0,0.0,0.95,standalone_storage,2560.0,3662.8298242221226,0.0,0.0,0,1442.5,3894.7500000000005,0.0,0.0,0,0,0,1,1,0,0,1,0,0,1,0,0,0,0,0,0,0,0,0,-1,-1,-1,-1,-1,-1,-1,-1,-1,0,0,0,0,0,0,0,0,0,0,0,0,0,0,0,-1.0,-1.0,-1,-1,0.15,0.15,0.65,0.65,0.65,0.65,0.967,0.0032500000000000003,0.0032500000000000003
WECC,WECC_landbasedwind_class1_moderate_0,LandbasedWind_Class1_Moderate_,0,194,3,1,0,1,0,0,0,0,1,0.0,0.0,0.0,0.0,0.0,0.0,0.0,0.0,1,1.0,0.0,109860.7,-1.0,0.0,0.0,0.0,0.0,0.0,879445.731,94632.0,36613,0.0,0,0,0.0,0.0,0.0,0.0,0.0,0.0,0.0,0.0,0.0,None,0.0,0,1.0,1.0,0.0,0.0,0.0,0.0,0.0,0.0,0.0,0.0,0.0,0,0.0,0,1.0,1.0,0,0,0.0,0.0,0.0,0.0,0.0,0.0,20294.121,1.657,30.0,0.03,0.0,0.0,0.0,0.0,0.0,0.4222338199615478,0,0,0,0,0,0,0,0,0,0,0,0,0,0,0.0,0.8,hybrid_wind,20294.121,3662.8298242221226,0.0,74337.879,0,1442.5,3894.7500000000005,0.0,35170.5,0,0,1,0,0,0,0,1,0,0,1,0,0,0,0,0,0,0,0,0,-1,-1,-1,-1,-1,-1,-1,-1,-1,0,0,0,0,0,0,0,0,0,0,0,0,0,0,0,-1.0,109860.7,-1,-1,0.15,0.15,0.65,0.65,0.65,0.65,0.967,0.0032500000000000003,0.0032500000000000003
WECC,WECC_landbasedwind_class1_moderate_1,LandbasedWind_Class1_Moderate_,1,195,3,1,0,1,0,0,0,0,1,0.0,0.0,0.0,0.0,0.0,0.0,0.0,0.0,1,1.0,0.0,47257.4,-1.0,0.0,0.0,0.0,0.0,0.0,879445.731,94210.0,36613,0.0,0,0,0.0,0.0,0.0,0.0,0.0,0.0,0.0,0.0,0.0,None,0.0,0,1.0,1.0,0.0,0.0,0.0,0.0,0.0,0.0,0.0,0.0,0.0,0,0.0,0,1.0,1.0,0,0,0.0,0.0,0.0,0.0,0.0,0.0,19872.298,1.657,30.0,0.03,0.0,0.0,0.0,0.0,0.0,0.5112923979759216,0,0,0,0,0,0,0,0,0,0,0,0,0,0,0.0,0.8,hybrid_wind,19872.298,3662.8298242221226,0.0,74337.702,0,1442.5,3894.7500000000005,0.0,35170.5,0,0,1,0,0,0,0,1,0,0,1,0,0,0,0,0,0,0,0,0,-1,-1,-1,-1,-1,-1,-1,-1,-1,0,0,0,0,0,0,0,0,0,0,0,0,0,0,0,-1.0,47257.4,-1,-1,0.15,0.15,0.65,0.65,0.65,0.65,0.967,0.0032500000000000003,0.0032500000000000003
WECC,WECC_landbasedwind_class1_moderate_2,LandbasedWind_Class1_Moderate_,2,196,3,1,0,1,0,0,0,0,1,0.0,0.0,0.0,0.0,0.0,0.0,0.0,0.0,1,1.0,0.0,88662.6,-1.0,0.0,0.0,0.0,0.0,0.0,879445.731,101522.0,36613,0.0,0,0,0.0,0.0,0.0,0.0,0.0,0.0,0.0,0.0,0.0,None,0.0,0,1.0,1.0,0.0,0.0,0.0,0.0,0.0,0.0,0.0,0.0,0.0,0,0.0,0,1.0,1.0,0,0,0.0,0.0,0.0,0.0,0.0,0.0,27184.562,1.657,30.0,0.03,0.0,0.0,0.0,0.0,0.0,0.3658311069011688,0,0,0,0,0,0,0,0,0,0,0,0,0,0,0.0,0.8,hybrid_wind,27184.562,3662.8298242221226,0.0,74337.438,0,1442.5,3894.7500000000005,0.0,35170.5,0,0,1,0,0,0,0,1,0,0,1,0,0,0,0,0,0,0,0,0,-1,-1,-1,-1,-1,-1,-1,-1,-1,0,0,0,0,0,0,0,0,0,0,0,0,0,0,0,-1.0,88662.6,-1,-1,0.15,0.15,0.65,0.65,0.65,0.65,0.967,0.0032500000000000003,0.0032500000000000003
WECC,WECC_landbasedwind_class1_moderate_3,LandbasedWind_Class1_Moderate_,3,197,3,1,0,1,0,0,0,0,1,0.0,0.0,0.0,0.0,0.0,0.0,0.0,0.0,1,1.0,0.0,40824.7,-1.0,0.0,0.0,0.0,0.0,0.0,879445.731,93475.0,36613,0.0,0,0,0.0,0.0,0.0,0.0,0.0,0.0,0.0,0.0,0.0,None,0.0,0,1.0,1.0,0.0,0.0,0.0,0.0,0.0,0.0,0.0,0.0,0.0,0,0.0,0,1.0,1.0,0,0,0.0,0.0,0.0,0.0,0.0,0.0,19137.494,1.657,30.0,0.03,0.0,0.0,0.0,0.0,0.0,0.3102947473526001,0,0,0,0,0,0,0,0,0,0,0,0,0,0,0.0,0.8,hybrid_wind,19137.494,3662.8298242221226,0.0,74337.506,0,1442.5,3894.7500000000005,0.0,35170.5,0,0,1,0,0,0,0,1,0,0,1,0,0,0,0,0,0,0,0,0,-1,-1,-1,-1,-1,-1,-1,-1,-1,0,0,0,0,0,0,0,0,0,0,0,0,0,0,0,-1.0,40824.7,-1,-1,0.15,0.15,0.65,0.65,0.65,0.65,0.967,0.0032500000000000003,0.0032500000000000003
WECC,WECC_landbasedwind_class1_moderate_4,LandbasedWind_Class1_Moderate_,4,198,3,1,0,1,0,0,0,0,1,0.0,0.0,0.0,0.0,0.0,0.0,0.0,0.0,1,1.0,0.0,109163.8,-1.0,0.0,0.0,0.0,0.0,0.0,879445.731,100376.0,36613,0.0,0,0,0.0,0.0,0.0,0.0,0.0,0.0,0.0,0.0,0.0,None,0.0,0,1.0,1.0,0.0,0.0,0.0,0.0,0.0,0.0,0.0,0.0,0.0,0,0.0,0,1.0,1.0,0,0,0.0,0.0,0.0,0.0,0.0,0.0,26038.936,1.657,30.0,0.03,0.0,0.0,0.0,0.0,0.0,0.2892417013645172,0,0,0,0,0,0,0,0,0,0,0,0,0,0,0.0,0.8,hybrid_wind,26038.936,3662.8298242221226,0.0,74337.064,0,1442.5,3894.7500000000005,0.0,35170.5,0,0,1,0,0,0,0,1,0,0,1,0,0,0,0,0,0,0,0,0,-1,-1,-1,-1,-1,-1,-1,-1,-1,0,0,0,0,0,0,0,0,0,0,0,0,0,0,0,-1.0,109163.8,-1,-1,0.15,0.15,0.65,0.65,0.65,0.65,0.967,0.0032500000000000003,0.0032500000000000003
WECC,WECC_landbasedwind_class1_moderate_5,LandbasedWind_Class1_Moderate_,5,199,3,1,0,1,0,0,0,0,1,0.0,0.0,0.0,0.0,0.0,0.0,0.0,0.0,1,1.0,0.0,25095.7,-1.0,0.0,0.0,0.0,0.0,0.0,879445.731,207946.0,36613,0.0,0,0,0.0,0.0,0.0,0.0,0.0,0.0,0.0,0.0,0.0,None,0.0,0,1.0,1.0,0.0,0.0,0.0,0.0,0.0,0.0,0.0,0.0,0.0,0,0.0,0,1.0,1.0,0,0,0.0,0.0,0.0,0.0,0.0,0.0,133608.575,1.657,30.0,0.03,0.0,0.0,0.0,0.0,0.0,0.4654549658298492,0,0,0,0,0,0,0,0,0,0,0,0,0,0,0.0,0.8,hybrid_wind,133608.575,3662.8298242221226,0.0,74337.42499999999,0,1442.5,3894.7500000000005,0.0,35170.5,0,0,1,0,0,0,0,1,0,0,1,0,0,0,0,0,0,0,0,0,-1,-1,-1,-1,-1,-1,-1,-1,-1,0,0,0,0,0,0,0,0,0,0,0,0,0,0,0,-1.0,25095.7,-1,-1,0.15,0.15,0.65,0.65,0.65,0.65,0.967,0.0032500000000000003,0.0032500000000000003
WECC,WECC_landbasedwind_class1_moderate_6,LandbasedWind_Class1_Moderate_,6,200,3,1,0,1,0,0,0,0,1,0.0,0.0,0.0,0.0,0.0,0.0,0.0,0.0,1,1.0,0.0,100227.0,-1.0,0.0,0.0,0.0,0.0,0.0,879445.731,104237.0,36613,0.0,0,0,0.0,0.0,0.0,0.0,0.0,0.0,0.0,0.0,0.0,None,0.0,0,1.0,1.0,0.0,0.0,0.0,0.0,0.0,0.0,0.0,0.0,0.0,0,0.0,0,1.0,1.0,0,0,0.0,0.0,0.0,0.0,0.0,0.0,29899.759,1.657,30.0,0.03,0.0,0.0,0.0,0.0,0.0,0.2449023425579071,0,0,0,0,0,0,0,0,0,0,0,0,0,0,0.0,0.8,hybrid_wind,29899.759,3662.8298242221226,0.0,74337.24100000001,0,1442.5,3894.7500000000005,0.0,35170.5,0,0,1,0,0,0,0,1,0,0,1,0,0,0,0,0,0,0,0,0,-1,-1,-1,-1,-1,-1,-1,-1,-1,0,0,0,0,0,0,0,0,0,0,0,0,0,0,0,-1.0,100227.0,-1,-1,0.15,0.15,0.65,0.65,0.65,0.65,0.967,0.0032500000000000003,0.0032500000000000003
WECC,WECC_landbasedwind_class1_moderate_7,LandbasedWind_Class1_Moderate_,7,201,3,1,0,1,0,0,0,0,1,0.0,0.0,0.0,0.0,0.0,0.0,0.0,0.0,1,1.0,0.0,34790.4,-1.0,0.0,0.0,0.0,0.0,0.0,879445.731,234530.0,36613,0.0,0,0,0.0,0.0,0.0,0.0,0.0,0.0,0.0,0.0,0.0,None,0.0,0,1.0,1.0,0.0,0.0,0.0,0.0,0.0,0.0,0.0,0.0,0.0,0,0.0,0,1.0,1.0,0,0,0.0,0.0,0.0,0.0,0.0,0.0,160192.842,1.657,30.0,0.03,0.0,0.0,0.0,0.0,0.0,0.4434433877468109,0,0,0,0,0,0,0,0,0,0,0,0,0,0,0.0,0.8,hybrid_wind,160192.842,3662.8298242221226,0.0,74337.158,0,1442.5,3894.7500000000005,0.0,35170.5,0,0,1,0,0,0,0,1,0,0,1,0,0,0,0,0,0,0,0,0,-1,-1,-1,-1,-1,-1,-1,-1,-1,0,0,0,0,0,0,0,0,0,0,0,0,0,0,0,-1.0,34790.4,-1,-1,0.15,0.15,0.65,0.65,0.65,0.65,0.967,0.0032500000000000003,0.0032500000000000003
WECC,WECC_landbasedwind_class1_moderate_8,LandbasedWind_Class1_Moderate_,8,202,3,1,0,1,0,0,0,0,1,0.0,0.0,0.0,0.0,0.0,0.0,0.0,0.0,1,1.0,0.0,64367.5,-1.0,0.0,0.0,0.0,0.0,0.0,879445.731,112573.0,36613,0.0,0,0,0.0,0.0,0.0,0.0,0.0,0.0,0.0,0.0,0.0,None,0.0,0,1.0,1.0,0.0,0.0,0.0,0.0,0.0,0.0,0.0,0.0,0.0,0,0.0,0,1.0,1.0,0,0,0.0,0.0,0.0,0.0,0.0,0.0,38235.186,1.657,30.0,0.03,0.0,0.0,0.0,0.0,0.0,0.2257806956768036,0,0,0,0,0,0,0,0,0,0,0,0,0,0,0.0,0.8,hybrid_wind,38235.186,3662.8298242221226,0.0,74337.814,0,1442.5,3894.7500000000005,0.0,35170.5,0,0,1,0,0,0,0,1,0,0,1,0,0,0,0,0,0,0,0,0,-1,-1,-1,-1,-1,-1,-1,-1,-1,0,0,0,0,0,0,0,0,0,0,0,0,0,0,0,-1.0,64367.5,-1,-1,0.15,0.15,0.65,0.65,0.65,0.65,0.967,0.0032500000000000003,0.0032500000000000003
WECC,WECC_landbasedwind_class1_moderate_9,LandbasedWind_Class1_Moderate_,9,203,3,1,0,1,0,0,0,0,1,0.0,0.0,0.0,0.0,0.0,0.0,0.0,0.0,1,1.0,0.0,77014.4,-1.0,0.0,0.0,0.0,0.0,0.0,879445.731,349329.0,36613,0.0,0,0,0.0,0.0,0.0,0.0,0.0,0.0,0.0,0.0,0.0,None,0.0,0,1.0,1.0,0.0,0.0,0.0,0.0,0.0,0.0,0.0,0.0,0.0,0,0.0,0,1.0,1.0,0,0,0.0,0.0,0.0,0.0,0.0,0.0,274991.331,1.657,30.0,0.03,0.0,0.0,0.0,0.0,0.0,0.4723379015922546,0,0,0,0,0,0,0,0,0,0,0,0,0,0,0.0,0.8,hybrid_wind,274991.331,3662.8298242221226,0.0,74337.669,0,1442.5,3894.7500000000005,0.0,35170.5,0,0,1,0,0,0,0,1,0,0,1,0,0,0,0,0,0,0,0,0,-1,-1,-1,-1,-1,-1,-1,-1,-1,0,0,0,0,0,0,0,0,0,0,0,0,0,0,0,-1.0,77014.4,-1,-1,0.15,0.15,0.65,0.65,0.65,0.65,0.967,0.0032500000000000003,0.0032500000000000003
WECC,WECC_utilitypv_class1_moderate_0,UtilityPV_Class1_Moderate_,0,204,3,1,0,1,0,0,0,0,1,0.0,0.0,0.0,0.0,0.0,0.0,0.0,0.0,1,1.0,0.0,596655.5,-1.0,0.0,0.0,0.0,0.0,0.0,630556.245,42660.0,14425,0.0,0,0,0.0,0.0,0.0,0.0,0.0,0.0,0.0,0.0,0.0,None,0.0,0,1.0,1.0,0.0,0.0,0.0,0.0,0.0,0.0,0.0,0.0,0.0,0,0.0,0,1.0,1.0,0,0,0.0,0.0,0.0,0.0,0.0,0.0,10320.26,1.059,30.0,0.026,0.0,0.0,0.0,0.0,0.0,0.2955361902713775,0,0,0,0,0,0,0,0,0,0,0,0,0,0,0.0,0.8,hybrid_pv,10320.26,3662.8298242221226,20111.123547712417,0.0,0,1442.5,3894.7500000000005,9087.75,0.0,0,1,0,0,0,0,0,1,0,0,1,0,0,0,0,0,0,0,0,0,-1,-1,-1,-1,-1,-1,-1,-1,-1,0,0,0,0,0,0,0,0,0,0,0,0,0,0,0,596655.5,-1.0,-1,-1,0.15,0.15,0.65,0.65,0.65,0.65,0.967,0.0032500000000000003,0.0032500000000000003
WECC,WECC_utilitypv_class1_moderate_1,UtilityPV_Class1_Moderate_,1,205,3,1,0,1,0,0,0,0,1,0.0,0.0,0.0,0.0,0.0,0.0,0.0,0.0,1,1.0,0.0,159900.5,-1.0,0.0,0.0,0.0,0.0,0.0,630556.245,38355.0,14425,0.0,0,0,0.0,0.0,0.0,0.0,0.0,0.0,0.0,0.0,0.0,None,0.0,0,1.0,1.0,0.0,0.0,0.0,0.0,0.0,0.0,0.0,0.0,0.0,0,0.0,0,1.0,1.0,0,0,0.0,0.0,0.0,0.0,0.0,0.0,6015.782,1.059,30.0,0.026,0.0,0.0,0.0,0.0,0.0,0.2719983756542206,0,0,0,0,0,0,0,0,0,0,0,0,0,0,0.0,0.8,hybrid_pv,6015.782,3662.8298242221226,20111.123547712417,0.0,0,1442.5,3894.7500000000005,9087.75,0.0,0,1,0,0,0,0,0,1,0,0,1,0,0,0,0,0,0,0,0,0,-1,-1,-1,-1,-1,-1,-1,-1,-1,0,0,0,0,0,0,0,0,0,0,0,0,0,0,0,159900.5,-1.0,-1,-1,0.15,0.15,0.65,0.65,0.65,0.65,0.967,0.0032500000000000003,0.0032500000000000003
WECC,WECC_utilitypv_class1_moderate_2,UtilityPV_Class1_Moderate_,2,206,3,1,0,1,0,0,0,0,1,0.0,0.0,0.0,0.0,0.0,0.0,0.0,0.0,1,1.0,0.0,879619.1,-1.0,0.0,0.0,0.0,0.0,0.0,630556.245,51751.0,14425,0.0,0,0,0.0,0.0,0.0,0.0,0.0,0.0,0.0,0.0,0.0,None,0.0,0,1.0,1.0,0.0,0.0,0.0,0.0,0.0,0.0,0.0,0.0,0.0,0,0.0,0,1.0,1.0,0,0,0.0,0.0,0.0,0.0,0.0,0.0,19411.252,1.059,30.0,0.026,0.0,0.0,0.0,0.0,0.0,0.2902745306491852,0,0,0,0,0,0,0,0,0,0,0,0,0,0,0.0,0.8,hybrid_pv,19411.252,3662.8298242221226,20111.123547712417,0.0,0,1442.5,3894.7500000000005,9087.75,0.0,0,1,0,0,0,0,0,1,0,0,1,0,0,0,0,0,0,0,0,0,-1,-1,-1,-1,-1,-1,-1,-1,-1,0,0,0,0,0,0,0,0,0,0,0,0,0,0,0,879619.1,-1.0,-1,-1,0.15,0.15,0.65,0.65,0.65,0.65,0.967,0.0032500000000000003,0.0032500000000000003
WECC,WECC_utilitypv_class1_moderate_3,UtilityPV_Class1_Moderate_,3,207,3,1,0,1,0,0,0,0,1,0.0,0.0,0.0,0.0,0.0,0.0,0.0,0.0,1,1.0,0.0,27494.4,-1.0,0.0,0.0,0.0,0.0,0.0,630556.245,36331.0,14425,0.0,0,0,0.0,0.0,0.0,0.0,0.0,0.0,0.0,0.0,0.0,None,0.0,0,1.0,1.0,0.0,0.0,0.0,0.0,0.0,0.0,0.0,0.0,0.0,0,0.0,0,1.0,1.0,0,0,0.0,0.0,0.0,0.0,0.0,0.0,3991.741,1.059,30.0,0.026,0.0,0.0,0.0,0.0,0.0,0.239899680018425,0,0,0,0,0,0,0,0,0,0,0,0,0,0,0.0,0.8,hybrid_pv,3991.741,3662.8298242221226,20111.123547712417,0.0,0,1442.5,3894.7500000000005,9087.75,0.0,0,1,0,0,0,0,0,1,0,0,1,0,0,0,0,0,0,0,0,0,-1,-1,-1,-1,-1,-1,-1,-1,-1,0,0,0,0,0,0,0,0,0,0,0,0,0,0,0,27494.4,-1.0,-1,-1,0.15,0.15,0.65,0.65,0.65,0.65,0.967,0.0032500000000000003,0.0032500000000000003
WECC,WECC_utilitypv_class1_moderate_4,UtilityPV_Class1_Moderate_,4,208,3,1,0,1,0,0,0,0,1,0.0,0.0,0.0,0.0,0.0,0.0,0.0,0.0,1,1.0,0.0,911957.2,-1.0,0.0,0.0,0.0,0.0,0.0,630556.245,58053.0,14425,0.0,0,0,0.0,0.0,0.0,0.0,0.0,0.0,0.0,0.0,0.0,None,0.0,0,1.0,1.0,0.0,0.0,0.0,0.0,0.0,0.0,0.0,0.0,0.0,0,0.0,0,1.0,1.0,0,0,0.0,0.0,0.0,0.0,0.0,0.0,25713.501,1.059,30.0,0.026,0.0,0.0,0.0,0.0,0.0,0.2864818871021271,0,0,0,0,0,0,0,0,0,0,0,0,0,0,0.0,0.8,hybrid_pv,25713.501,3662.8298242221226,20111.123547712417,0.0,0,1442.5,3894.7500000000005,9087.75,0.0,0,1,0,0,0,0,0,1,0,0,1,0,0,0,0,0,0,0,0,0,-1,-1,-1,-1,-1,-1,-1,-1,-1,0,0,0,0,0,0,0,0,0,0,0,0,0,0,0,911957.2,-1.0,-1,-1,0.15,0.15,0.65,0.65,0.65,0.65,0.967,0.0032500000000000003,0.0032500000000000003
WECC,WECC_utilitypv_class1_moderate_5,UtilityPV_Class1_Moderate_,5,209,3,1,0,1,0,0,0,0,1,0.0,0.0,0.0,0.0,0.0,0.0,0.0,0.0,1,1.0,0.0,23884.6,-1.0,0.0,0.0,0.0,0.0,0.0,630556.245,40391.0,14425,0.0,0,0,0.0,0.0,0.0,0.0,0.0,0.0,0.0,0.0,0.0,None,0.0,0,1.0,1.0,0.0,0.0,0.0,0.0,0.0,0.0,0.0,0.0,0.0,0,0.0,0,1.0,1.0,0,0,0.0,0.0,0.0,0.0,0.0,0.0,8051.656,1.059,30.0,0.026,0.0,0.0,0.0,0.0,0.0,0.2290814071893692,0,0,0,0,0,0,0,0,0,0,0,0,0,0,0.0,0.8,hybrid_pv,8051.656,3662.8298242221226,20111.123547712417,0.0,0,1442.5,3894.7500000000005,9087.75,0.0,0,1,0,0,0,0,0,1,0,0,1,0,0,0,0,0,0,0,0,0,-1,-1,-1,-1,-1,-1,-1,-1,-1,0,0,0,0,0,0,0,0,0,0,0,0,0,0,0,23884.6,-1.0,-1,-1,0.15,0.15,0.65,0.65,0.65,0.65,0.967,0.0032500000000000003,0.0032500000000000003
WECC,WECC_utilitypv_class1_moderate_6,UtilityPV_Class1_Moderate_,6,210,3,1,0,1,0,0,0,0,1,0.0,0.0,0.0,0.0,0.0,0.0,0.0,0.0,1,1.0,0.0,787401.8,-1.0,0.0,0.0,0.0,0.0,0.0,630556.245,65796.0,14425,0.0,0,0,0.0,0.0,0.0,0.0,0.0,0.0,0.0,0.0,0.0,None,0.0,0,1.0,1.0,0.0,0.0,0.0,0.0,0.0,0.0,0.0,0.0,0.0,0,0.0,0,1.0,1.0,0,0,0.0,0.0,0.0,0.0,0.0,0.0,33456.861,1.059,30.0,0.026,0.0,0.0,0.0,0.0,0.0,0.2833496332168579,0,0,0,0,0,0,0,0,0,0,0,0,0,0,0.0,0.8,hybrid_pv,33456.861,3662.8298242221226,20111.123547712417,0.0,0,1442.5,3894.7500000000005,9087.75,0.0,0,1,0,0,0,0,0,1,0,0,1,0,0,0,0,0,0,0,0,0,-1,-1,-1,-1,-1,-1,-1,-1,-1,0,0,0,0,0,0,0,0,0,0,0,0,0,0,0,787401.8,-1.0,-1,-1,0.15,0.15,0.65,0.65,0.65,0.65,0.967,0.0032500000000000003,0.0032500000000000003
WECC,WECC_utilitypv_class1_moderate_7,UtilityPV_Class1_Moderate_,7,211,3,1,0,1,0,0,0,0,1,0.0,0.0,0.0,0.0,0.0,0.0,0.0,0.0,1,1.0,0.0,63260.0,-1.0,0.0,0.0,0.0,0.0,0.0,630556.245,49181.0,14425,0.0,0,0,0.0,0.0,0.0,0.0,0.0,0.0,0.0,0.0,0.0,None,0.0,0,1.0,1.0,0.0,0.0,0.0,0.0,0.0,0.0,0.0,0.0,0.0,0,0.0,0,1.0,1.0,0,0,0.0,0.0,0.0,0.0,0.0,0.0,16841.98,1.059,30.0,0.026,0.0,0.0,0.0,0.0,0.0,0.2333664745092392,0,0,0,0,0,0,0,0,0,0,0,0,0,0,0.0,0.8,hybrid_pv,16841.98,3662.8298242221226,20111.123547712417,0.0,0,1442.5,3894.7500000000005,9087.75,0.0,0,1,0,0,0,0,0,1,0,0,1,0,0,0,0,0,0,0,0,0,-1,-1,-1,-1,-1,-1,-1,-1,-1,0,0,0,0,0,0,0,0,0,0,0,0,0,0,0,63260.0,-1.0,-1,-1,0.15,0.15,0.65,0.65,0.65,0.65,0.967,0.0032500000000000003,0.0032500000000000003
WECC,WECC_utilitypv_class1_moderate_8,UtilityPV_Class1_Moderate_,8,212,3,1,0,1,0,0,0,0,1,0.0,0.0,0.0,0.0,0.0,0.0,0.0,0.0,1,1.0,0.0,872487.9,-1.0,0.0,0.0,0.0,0.0,0.0,630556.245,138279.0,14425,0.0,0,0,0.0,0.0,0.0,0.0,0.0,0.0,0.0,0.0,0.0,None,0.0,0,1.0,1.0,0.0,0.0,0.0,0.0,0.0,0.0,0.0,0.0,0.0,0,0.0,0,1.0,1.0,0,0,0.0,0.0,0.0,0.0,0.0,0.0,105939.452,1.059,30.0,0.026,0.0,0.0,0.0,0.0,0.0,0.2786917984485626,0,0,0,0,0,0,0,0,0,0,0,0,0,0,0.0,0.8,hybrid_pv,105939.452,3662.8298242221226,20111.123547712417,0.0,0,1442.5,3894.7500000000005,9087.75,0.0,0,1,0,0,0,0,0,1,0,0,1,0,0,0,0,0,0,0,0,0,-1,-1,-1,-1,-1,-1,-1,-1,-1,0,0,0,0,0,0,0,0,0,0,0,0,0,0,0,872487.9,-1.0,-1,-1,0.15,0.15,0.65,0.65,0.65,0.65,0.967,0.0032500000000000003,0.0032500000000000003
WECC,WECC_utilitypv_class1_moderate_9,UtilityPV_Class1_Moderate_,9,213,3,1,0,1,0,0,0,0,1,0.0,0.0,0.0,0.0,0.0,0.0,0.0,0.0,1,1.0,0.0,72575.7,-1.0,0.0,0.0,0.0,0.0,0.0,630556.245,60629.0,14425,0.0,0,0,0.0,0.0,0.0,0.0,0.0,0.0,0.0,0.0,0.0,None,0.0,0,1.0,1.0,0.0,0.0,0.0,0.0,0.0,0.0,0.0,0.0,0.0,0,0.0,0,1.0,1.0,0,0,0.0,0.0,0.0,0.0,0.0,0.0,28289.909,1.059,30.0,0.026,0.0,0.0,0.0,0.0,0.0,0.2227304130792617,0,0,0,0,0,0,0,0,0,0,0,0,0,0,0.0,0.8,hybrid_pv,28289.909,3662.8298242221226,20111.123547712417,0.0,0,1442.5,3894.7500000000005,9087.75,0.0,0,1,0,0,0,0,0,1,0,0,1,0,0,0,0,0,0,0,0,0,-1,-1,-1,-1,-1,-1,-1,-1,-1,0,0,0,0,0,0,0,0,0,0,0,0,0,0,0,72575.7,-1.0,-1,-1,0.15,0.15,0.65,0.65,0.65,0.65,0.967,0.0032500000000000003,0.0032500000000000003
